2025-09-26 00:48:05,512 - __main__ - INFO - Starting Matriarch Controller...
2025-09-26 00:48:05,689 - __main__ - INFO - MIDI system OK: 23 inputs, 23 outputs
2025-09-26 00:48:06,547 - __main__ - ERROR - Import error: No module named 'ui.parameter_definitions'
2025-09-26 00:49:11,206 - __main__ - INFO - Starting Matriarch Controller...
2025-09-26 00:49:11,325 - __main__ - INFO - MIDI system OK: 23 inputs, 23 outputs
2025-09-26 00:49:11,411 - __main__ - ERROR - Import error: No module named 'ui.parameter_definitions'
2025-09-26 00:51:37,372 - __main__ - INFO - Starting Matriarch Controller...
2025-09-26 00:51:37,515 - __main__ - INFO - MIDI system OK: 23 inputs, 23 outputs
2025-09-26 00:51:37,615 - __main__ - ERROR - Import error: No module named 'ui.parameter_definitions'
2025-09-26 01:00:51,695 - __main__ - INFO - Starting Matriarch Controller...
2025-09-26 01:00:51,835 - __main__ - INFO - MIDI system OK: 23 inputs, 23 outputs
2025-09-26 01:00:54,269 - __main__ - ERROR - Unexpected error in main application
Traceback (most recent call last):
  File "/Users/mini4/matriarch_controller/main.py", line 125, in main
    main_window = MatriarchMainWindow()
  File "/Users/mini4/matriarch_controller/ui/main_window.py", line 79, in __init__
    self.init_ui()
    ~~~~~~~~~~~~^^
  File "/Users/mini4/matriarch_controller/ui/main_window.py", line 105, in init_ui
    self.create_parameter_tabs()
    ~~~~~~~~~~~~~~~~~~~~~~~~~~^^
  File "/Users/mini4/matriarch_controller/ui/main_window.py", line 216, in create_parameter_tabs
    param_widget = widget_factory.create_widget(param)
  File "/Users/mini4/matriarch_controller/ui/parameter_widgets.py", line 389, in create_widget
    return ChoiceParameterWidget(parameter)
  File "/Users/mini4/matriarch_controller/ui/parameter_widgets.py", line 30, in __init__
    self.init_ui()
    ~~~~~~~~~~~~^^
  File "/Users/mini4/matriarch_controller/ui/parameter_widgets.py", line 147, in init_ui
    self.combo_box.currentDataChanged.connect(self.on_combo_changed)
    ^^^^^^^^^^^^^^^^^^^^^^^^^^^^^^^^^
AttributeError: 'QComboBox' object has no attribute 'currentDataChanged'. Did you mean: 'currentTextChanged'?
2025-09-26 01:03:53,584 - __main__ - INFO - Starting Matriarch Controller...
2025-09-26 01:03:53,731 - __main__ - INFO - MIDI system OK: 23 inputs, 23 outputs
2025-09-26 01:03:53,936 - __main__ - INFO - Main window created and shown
2025-09-26 01:04:36,838 - midi.connection - WARNING - Cannot send message: not connected
2025-09-26 01:04:36,839 - ui.main_window - WARNING - Failed to send parameter 19 = 0
2025-09-26 01:04:37,953 - midi.connection - WARNING - Cannot send message: not connected
2025-09-26 01:04:37,954 - ui.main_window - WARNING - Failed to send parameter 19 = 1
2025-09-26 01:04:39,304 - midi.connection - WARNING - Cannot send message: not connected
2025-09-26 01:04:39,304 - ui.main_window - WARNING - Failed to send parameter 19 = 0
2025-09-26 01:04:40,104 - midi.connection - WARNING - Cannot send message: not connected
2025-09-26 01:04:40,104 - ui.main_window - WARNING - Failed to send parameter 19 = 1
2025-09-26 01:05:19,311 - midi.connection - DEBUG - MIDI listen thread started
2025-09-26 01:05:19,311 - midi.connection - INFO - Connected to MIDI ports: mioXL MATRIARCH -> mioXL MATRIARCH
2025-09-26 01:05:19,342 - midi.connection - DEBUG - Sending query for parameter 0: SysEx: F0 04 17 3E 00 00 00 00 00 00 00 00 00 00 00 00 F7
2025-09-26 01:05:19,383 - midi.sysex - DEBUG - SysEx parse: param_id=0, value=0, is_response=True, unit_id=1
2025-09-26 01:05:19,383 - midi.sysex - DEBUG - Received response: param 0 = 0
2025-09-26 01:05:19,383 - midi.connection - DEBUG - Parameter update: 0 = 0
2025-09-26 01:05:19,384 - midi.connection - DEBUG - Query successful: param 0 = 0
2025-09-26 01:05:19,384 - midi.connection - DEBUG - Sending query for parameter 0: SysEx: F0 04 17 3E 00 00 00 00 00 00 00 00 00 00 00 00 F7
2025-09-26 01:05:19,420 - midi.sysex - DEBUG - SysEx parse: param_id=0, value=0, is_response=True, unit_id=1
2025-09-26 01:05:19,420 - midi.sysex - DEBUG - Received response: param 0 = 0
2025-09-26 01:05:19,420 - midi.connection - DEBUG - Parameter update: 0 = 0
2025-09-26 01:05:19,420 - midi.connection - DEBUG - Query successful: param 0 = 0
2025-09-26 01:05:19,420 - midi.connection - DEBUG - Sending query for parameter 10: SysEx: F0 04 17 3E 0A 00 00 00 00 00 00 00 00 00 00 00 F7
2025-09-26 01:05:19,454 - midi.sysex - DEBUG - SysEx parse: param_id=10, value=0, is_response=True, unit_id=1
2025-09-26 01:05:19,454 - midi.sysex - DEBUG - Received response: param 10 = 0
2025-09-26 01:05:19,454 - midi.connection - DEBUG - Parameter update: 10 = 0
2025-09-26 01:05:19,454 - midi.connection - DEBUG - Query successful: param 10 = 0
2025-09-26 01:05:19,455 - midi.connection - DEBUG - Sending query for parameter 37: SysEx: F0 04 17 3E 25 00 00 00 00 00 00 00 00 00 00 00 F7
2025-09-26 01:05:19,487 - midi.sysex - DEBUG - SysEx parse: param_id=37, value=2, is_response=True, unit_id=1
2025-09-26 01:05:19,487 - midi.sysex - DEBUG - Received response: param 37 = 2
2025-09-26 01:05:19,488 - midi.connection - DEBUG - Parameter update: 37 = 2
2025-09-26 01:05:19,488 - midi.connection - DEBUG - Query successful: param 37 = 2
2025-09-26 01:05:19,489 - midi.connection - DEBUG - MIDI listen thread stopped
2025-09-26 01:05:19,489 - midi.connection - INFO - Disconnected from MIDI ports
2025-09-26 01:05:45,196 - midi.connection - DEBUG - MIDI listen thread started
2025-09-26 01:05:45,196 - midi.connection - INFO - Connected to MIDI ports: mioXL MATRIARCH -> mioXL MATRIARCH
2025-09-26 01:05:45,203 - midi.connection - DEBUG - Sending query for parameter 0: SysEx: F0 04 17 3E 00 00 00 00 00 00 00 00 00 00 00 00 F7
2025-09-26 01:05:45,235 - midi.sysex - DEBUG - SysEx parse: param_id=0, value=0, is_response=True, unit_id=1
2025-09-26 01:05:45,235 - midi.sysex - DEBUG - Received response: param 0 = 0
2025-09-26 01:05:45,235 - midi.connection - DEBUG - Parameter update: 0 = 0
2025-09-26 01:05:45,235 - midi.connection - DEBUG - Query successful: param 0 = 0
2025-09-26 01:05:45,641 - midi.connection - DEBUG - Sending query for parameter 1: SysEx: F0 04 17 3E 01 00 00 00 00 00 00 00 00 00 00 00 F7
2025-09-26 01:05:45,672 - midi.sysex - DEBUG - SysEx parse: param_id=1, value=0, is_response=True, unit_id=1
2025-09-26 01:05:45,673 - midi.sysex - DEBUG - Received response: param 1 = 0
2025-09-26 01:05:45,673 - midi.connection - DEBUG - Parameter update: 1 = 0
2025-09-26 01:05:45,673 - midi.connection - DEBUG - Query successful: param 1 = 0
2025-09-26 01:05:46,076 - midi.connection - DEBUG - Sending query for parameter 3: SysEx: F0 04 17 3E 03 00 00 00 00 00 00 00 00 00 00 00 F7
2025-09-26 01:05:46,113 - midi.sysex - DEBUG - SysEx parse: param_id=3, value=2, is_response=True, unit_id=1
2025-09-26 01:05:46,113 - midi.sysex - DEBUG - Received response: param 3 = 2
2025-09-26 01:05:46,113 - midi.connection - DEBUG - Parameter update: 3 = 2
2025-09-26 01:05:46,113 - midi.connection - DEBUG - Query successful: param 3 = 2
2025-09-26 01:05:46,518 - midi.connection - DEBUG - Sending query for parameter 4: SysEx: F0 04 17 3E 04 00 00 00 00 00 00 00 00 00 00 00 F7
2025-09-26 01:05:46,549 - midi.sysex - DEBUG - SysEx parse: param_id=4, value=0, is_response=True, unit_id=1
2025-09-26 01:05:46,550 - midi.sysex - DEBUG - Received response: param 4 = 0
2025-09-26 01:05:46,550 - midi.connection - DEBUG - Parameter update: 4 = 0
2025-09-26 01:05:46,550 - midi.connection - DEBUG - Query successful: param 4 = 0
2025-09-26 01:05:46,955 - midi.connection - DEBUG - Sending query for parameter 5: SysEx: F0 04 17 3E 05 00 00 00 00 00 00 00 00 00 00 00 F7
2025-09-26 01:05:46,988 - midi.sysex - DEBUG - SysEx parse: param_id=5, value=1, is_response=True, unit_id=1
2025-09-26 01:05:46,989 - midi.sysex - DEBUG - Received response: param 5 = 1
2025-09-26 01:05:46,989 - midi.connection - DEBUG - Parameter update: 5 = 1
2025-09-26 01:05:46,989 - midi.connection - DEBUG - Query successful: param 5 = 1
2025-09-26 01:05:47,395 - midi.connection - DEBUG - Sending query for parameter 6: SysEx: F0 04 17 3E 06 00 00 00 00 00 00 00 00 00 00 00 F7
2025-09-26 01:05:47,429 - midi.sysex - DEBUG - SysEx parse: param_id=6, value=3, is_response=True, unit_id=1
2025-09-26 01:05:47,430 - midi.sysex - DEBUG - Received response: param 6 = 3
2025-09-26 01:05:47,430 - midi.connection - DEBUG - Parameter update: 6 = 3
2025-09-26 01:05:47,430 - midi.connection - DEBUG - Query successful: param 6 = 3
2025-09-26 01:05:47,835 - midi.connection - DEBUG - Sending query for parameter 7: SysEx: F0 04 17 3E 07 00 00 00 00 00 00 00 00 00 00 00 F7
2025-09-26 01:05:47,869 - midi.sysex - DEBUG - SysEx parse: param_id=7, value=3, is_response=True, unit_id=1
2025-09-26 01:05:47,870 - midi.sysex - DEBUG - Received response: param 7 = 3
2025-09-26 01:05:47,870 - midi.connection - DEBUG - Parameter update: 7 = 3
2025-09-26 01:05:47,870 - midi.connection - DEBUG - Query successful: param 7 = 3
2025-09-26 01:05:48,275 - midi.connection - DEBUG - Sending query for parameter 10: SysEx: F0 04 17 3E 0A 00 00 00 00 00 00 00 00 00 00 00 F7
2025-09-26 01:05:48,307 - midi.sysex - DEBUG - SysEx parse: param_id=10, value=0, is_response=True, unit_id=1
2025-09-26 01:05:48,307 - midi.sysex - DEBUG - Received response: param 10 = 0
2025-09-26 01:05:48,308 - midi.connection - DEBUG - Parameter update: 10 = 0
2025-09-26 01:05:48,308 - midi.connection - DEBUG - Query successful: param 10 = 0
2025-09-26 01:05:48,710 - midi.connection - DEBUG - Sending query for parameter 11: SysEx: F0 04 17 3E 0B 00 00 00 00 00 00 00 00 00 00 00 F7
2025-09-26 01:05:48,741 - midi.sysex - DEBUG - SysEx parse: param_id=11, value=0, is_response=True, unit_id=1
2025-09-26 01:05:48,742 - midi.sysex - DEBUG - Received response: param 11 = 0
2025-09-26 01:05:48,742 - midi.connection - DEBUG - Parameter update: 11 = 0
2025-09-26 01:05:48,742 - midi.connection - DEBUG - Query successful: param 11 = 0
2025-09-26 01:05:49,147 - midi.connection - DEBUG - Sending query for parameter 16: SysEx: F0 04 17 3E 10 00 00 00 00 00 00 00 00 00 00 00 F7
2025-09-26 01:05:49,180 - midi.sysex - DEBUG - SysEx parse: param_id=16, value=1, is_response=True, unit_id=1
2025-09-26 01:05:49,180 - midi.sysex - DEBUG - Received response: param 16 = 1
2025-09-26 01:05:49,180 - midi.connection - DEBUG - Parameter update: 16 = 1
2025-09-26 01:05:49,180 - midi.connection - DEBUG - Query successful: param 16 = 1
2025-09-26 01:05:49,585 - midi.connection - DEBUG - Sending query for parameter 17: SysEx: F0 04 17 3E 11 00 00 00 00 00 00 00 00 00 00 00 F7
2025-09-26 01:05:49,619 - midi.sysex - DEBUG - SysEx parse: param_id=17, value=0, is_response=True, unit_id=1
2025-09-26 01:05:49,619 - midi.sysex - DEBUG - Received response: param 17 = 0
2025-09-26 01:05:49,619 - midi.connection - DEBUG - Parameter update: 17 = 0
2025-09-26 01:05:49,619 - midi.connection - DEBUG - Query successful: param 17 = 0
2025-09-26 01:05:50,021 - midi.connection - DEBUG - Sending query for parameter 18: SysEx: F0 04 17 3E 12 00 00 00 00 00 00 00 00 00 00 00 F7
2025-09-26 01:05:50,052 - midi.sysex - DEBUG - SysEx parse: param_id=18, value=0, is_response=True, unit_id=1
2025-09-26 01:05:50,053 - midi.sysex - DEBUG - Received response: param 18 = 0
2025-09-26 01:05:50,053 - midi.connection - DEBUG - Parameter update: 18 = 0
2025-09-26 01:05:50,053 - midi.connection - DEBUG - Query successful: param 18 = 0
2025-09-26 01:05:50,454 - midi.connection - DEBUG - Sending query for parameter 19: SysEx: F0 04 17 3E 13 00 00 00 00 00 00 00 00 00 00 00 F7
2025-09-26 01:05:50,489 - midi.sysex - DEBUG - SysEx parse: param_id=19, value=1, is_response=True, unit_id=1
2025-09-26 01:05:50,489 - midi.sysex - DEBUG - Received response: param 19 = 1
2025-09-26 01:05:50,489 - midi.connection - DEBUG - Parameter update: 19 = 1
2025-09-26 01:05:50,489 - midi.connection - DEBUG - Query successful: param 19 = 1
2025-09-26 01:05:50,894 - midi.connection - DEBUG - Sending query for parameter 23: SysEx: F0 04 17 3E 17 00 00 00 00 00 00 00 00 00 00 00 F7
2025-09-26 01:05:50,930 - midi.sysex - DEBUG - SysEx parse: param_id=23, value=8192, is_response=True, unit_id=1
2025-09-26 01:05:50,931 - midi.sysex - DEBUG - Received response: param 23 = 8192
2025-09-26 01:05:50,931 - midi.connection - DEBUG - Parameter update: 23 = 8192
2025-09-26 01:05:50,931 - midi.connection - DEBUG - Query successful: param 23 = 8192
2025-09-26 01:05:51,335 - midi.connection - DEBUG - Sending query for parameter 37: SysEx: F0 04 17 3E 25 00 00 00 00 00 00 00 00 00 00 00 F7
2025-09-26 01:05:51,365 - midi.sysex - DEBUG - SysEx parse: param_id=37, value=2, is_response=True, unit_id=1
2025-09-26 01:05:51,365 - midi.sysex - DEBUG - Received response: param 37 = 2
2025-09-26 01:05:51,365 - midi.connection - DEBUG - Parameter update: 37 = 2
2025-09-26 01:05:51,365 - midi.connection - DEBUG - Query successful: param 37 = 2
2025-09-26 01:05:51,770 - midi.connection - DEBUG - Sending query for parameter 38: SysEx: F0 04 17 3E 26 00 00 00 00 00 00 00 00 00 00 00 F7
2025-09-26 01:05:51,802 - midi.sysex - DEBUG - SysEx parse: param_id=38, value=2, is_response=True, unit_id=1
2025-09-26 01:05:51,802 - midi.sysex - DEBUG - Received response: param 38 = 2
2025-09-26 01:05:51,802 - midi.connection - DEBUG - Parameter update: 38 = 2
2025-09-26 01:05:51,802 - midi.connection - DEBUG - Query successful: param 38 = 2
2025-09-26 01:05:52,207 - midi.connection - DEBUG - Sending query for parameter 40: SysEx: F0 04 17 3E 28 00 00 00 00 00 00 00 00 00 00 00 F7
2025-09-26 01:05:52,243 - midi.sysex - DEBUG - SysEx parse: param_id=40, value=0, is_response=True, unit_id=1
2025-09-26 01:05:52,243 - midi.sysex - DEBUG - Received response: param 40 = 0
2025-09-26 01:05:52,243 - midi.connection - DEBUG - Parameter update: 40 = 0
2025-09-26 01:05:52,243 - midi.connection - DEBUG - Query successful: param 40 = 0
2025-09-26 01:05:52,649 - midi.connection - DEBUG - Sending query for parameter 41: SysEx: F0 04 17 3E 29 00 00 00 00 00 00 00 00 00 00 00 F7
2025-09-26 01:05:52,679 - midi.sysex - DEBUG - SysEx parse: param_id=41, value=0, is_response=True, unit_id=1
2025-09-26 01:05:52,679 - midi.sysex - DEBUG - Received response: param 41 = 0
2025-09-26 01:05:52,679 - midi.connection - DEBUG - Parameter update: 41 = 0
2025-09-26 01:05:52,679 - midi.connection - DEBUG - Query successful: param 41 = 0
2025-09-26 01:05:53,084 - midi.connection - DEBUG - Sending query for parameter 42: SysEx: F0 04 17 3E 2A 00 00 00 00 00 00 00 00 00 00 00 F7
2025-09-26 01:05:53,117 - midi.sysex - DEBUG - SysEx parse: param_id=42, value=0, is_response=True, unit_id=1
2025-09-26 01:05:53,118 - midi.sysex - DEBUG - Received response: param 42 = 0
2025-09-26 01:05:53,118 - midi.connection - DEBUG - Parameter update: 42 = 0
2025-09-26 01:05:53,118 - midi.connection - DEBUG - Query successful: param 42 = 0
2025-09-26 01:05:53,522 - midi.connection - DEBUG - Sending query for parameter 55: SysEx: F0 04 17 3E 37 00 00 00 00 00 00 00 00 00 00 00 F7
2025-09-26 01:05:53,556 - midi.sysex - DEBUG - SysEx parse: param_id=55, value=0, is_response=True, unit_id=1
2025-09-26 01:05:53,556 - midi.sysex - DEBUG - Received response: param 55 = 0
2025-09-26 01:05:53,556 - midi.connection - DEBUG - Parameter update: 55 = 0
2025-09-26 01:05:53,556 - midi.connection - DEBUG - Query successful: param 55 = 0
2025-09-26 01:05:53,962 - midi.connection - DEBUG - Sending query for parameter 56: SysEx: F0 04 17 3E 38 00 00 00 00 00 00 00 00 00 00 00 F7
2025-09-26 01:05:53,996 - midi.sysex - DEBUG - SysEx parse: param_id=56, value=0, is_response=True, unit_id=1
2025-09-26 01:05:53,997 - midi.sysex - DEBUG - Received response: param 56 = 0
2025-09-26 01:05:53,997 - midi.connection - DEBUG - Parameter update: 56 = 0
2025-09-26 01:05:53,997 - midi.connection - DEBUG - Query successful: param 56 = 0
2025-09-26 01:05:54,399 - midi.connection - DEBUG - Sending query for parameter 57: SysEx: F0 04 17 3E 39 00 00 00 00 00 00 00 00 00 00 00 F7
2025-09-26 01:05:54,430 - midi.sysex - DEBUG - SysEx parse: param_id=57, value=1, is_response=True, unit_id=1
2025-09-26 01:05:54,430 - midi.sysex - DEBUG - Received response: param 57 = 1
2025-09-26 01:05:54,430 - midi.connection - DEBUG - Parameter update: 57 = 1
2025-09-26 01:05:54,431 - midi.connection - DEBUG - Query successful: param 57 = 1
2025-09-26 01:05:54,836 - midi.connection - DEBUG - Sending query for parameter 58: SysEx: F0 04 17 3E 3A 00 00 00 00 00 00 00 00 00 00 00 F7
2025-09-26 01:05:54,871 - midi.sysex - DEBUG - SysEx parse: param_id=58, value=0, is_response=True, unit_id=1
2025-09-26 01:05:54,872 - midi.sysex - DEBUG - Received response: param 58 = 0
2025-09-26 01:05:54,872 - midi.connection - DEBUG - Parameter update: 58 = 0
2025-09-26 01:05:54,872 - midi.connection - DEBUG - Query successful: param 58 = 0
2025-09-26 01:05:55,277 - midi.connection - DEBUG - Sending query for parameter 59: SysEx: F0 04 17 3E 3B 00 00 00 00 00 00 00 00 00 00 00 F7
2025-09-26 01:05:55,312 - midi.sysex - DEBUG - SysEx parse: param_id=59, value=0, is_response=True, unit_id=1
2025-09-26 01:05:55,312 - midi.sysex - DEBUG - Received response: param 59 = 0
2025-09-26 01:05:55,313 - midi.connection - DEBUG - Parameter update: 59 = 0
2025-09-26 01:05:55,313 - midi.connection - DEBUG - Query successful: param 59 = 0
2025-09-26 01:05:55,721 - midi.connection - DEBUG - Sending query for parameter 60: SysEx: F0 04 17 3E 3C 00 00 00 00 00 00 00 00 00 00 00 F7
2025-09-26 01:05:55,755 - midi.sysex - DEBUG - SysEx parse: param_id=60, value=0, is_response=True, unit_id=1
2025-09-26 01:05:55,755 - midi.sysex - DEBUG - Received response: param 60 = 0
2025-09-26 01:05:55,755 - midi.connection - DEBUG - Parameter update: 60 = 0
2025-09-26 01:05:55,755 - midi.connection - DEBUG - Query successful: param 60 = 0
2025-09-26 01:05:56,160 - midi.connection - DEBUG - Sending query for parameter 61: SysEx: F0 04 17 3E 3D 00 00 00 00 00 00 00 00 00 00 00 F7
2025-09-26 01:05:56,190 - midi.sysex - DEBUG - SysEx parse: param_id=61, value=0, is_response=True, unit_id=1
2025-09-26 01:05:56,190 - midi.sysex - DEBUG - Received response: param 61 = 0
2025-09-26 01:05:56,190 - midi.connection - DEBUG - Parameter update: 61 = 0
2025-09-26 01:05:56,190 - midi.connection - DEBUG - Query successful: param 61 = 0
2025-09-26 01:05:56,595 - midi.connection - DEBUG - Sending query for parameter 62: SysEx: F0 04 17 3E 3E 00 00 00 00 00 00 00 00 00 00 00 F7
2025-09-26 01:05:56,633 - midi.sysex - DEBUG - SysEx parse: param_id=62, value=0, is_response=True, unit_id=1
2025-09-26 01:05:56,633 - midi.sysex - DEBUG - Received response: param 62 = 0
2025-09-26 01:05:56,633 - midi.connection - DEBUG - Parameter update: 62 = 0
2025-09-26 01:05:56,633 - midi.connection - DEBUG - Query successful: param 62 = 0
2025-09-26 01:05:57,038 - midi.connection - DEBUG - Sending query for parameter 63: SysEx: F0 04 17 3E 3F 00 00 00 00 00 00 00 00 00 00 00 F7
2025-09-26 01:05:57,071 - midi.sysex - DEBUG - SysEx parse: param_id=63, value=0, is_response=True, unit_id=1
2025-09-26 01:05:57,071 - midi.sysex - DEBUG - Received response: param 63 = 0
2025-09-26 01:05:57,071 - midi.connection - DEBUG - Parameter update: 63 = 0
2025-09-26 01:05:57,071 - midi.connection - DEBUG - Query successful: param 63 = 0
2025-09-26 01:05:57,474 - midi.connection - DEBUG - Sending query for parameter 64: SysEx: F0 04 17 3E 40 00 00 00 00 00 00 00 00 00 00 00 F7
2025-09-26 01:05:57,508 - midi.sysex - DEBUG - SysEx parse: param_id=64, value=0, is_response=True, unit_id=1
2025-09-26 01:05:57,508 - midi.sysex - DEBUG - Received response: param 64 = 0
2025-09-26 01:05:57,508 - midi.connection - DEBUG - Parameter update: 64 = 0
2025-09-26 01:05:57,508 - midi.connection - DEBUG - Query successful: param 64 = 0
2025-09-26 01:05:57,911 - midi.connection - DEBUG - Sending query for parameter 65: SysEx: F0 04 17 3E 41 00 00 00 00 00 00 00 00 00 00 00 F7
2025-09-26 01:05:57,946 - midi.sysex - DEBUG - SysEx parse: param_id=65, value=0, is_response=True, unit_id=1
2025-09-26 01:05:57,946 - midi.sysex - DEBUG - Received response: param 65 = 0
2025-09-26 01:05:57,947 - midi.connection - DEBUG - Parameter update: 65 = 0
2025-09-26 01:05:57,947 - midi.connection - DEBUG - Query successful: param 65 = 0
2025-09-26 01:05:58,348 - midi.connection - DEBUG - Sending query for parameter 66: SysEx: F0 04 17 3E 42 00 00 00 00 00 00 00 00 00 00 00 F7
2025-09-26 01:05:58,379 - midi.sysex - DEBUG - SysEx parse: param_id=66, value=1, is_response=True, unit_id=1
2025-09-26 01:05:58,380 - midi.sysex - DEBUG - Received response: param 66 = 1
2025-09-26 01:05:58,380 - midi.connection - DEBUG - Parameter update: 66 = 1
2025-09-26 01:05:58,380 - midi.connection - DEBUG - Query successful: param 66 = 1
2025-09-26 01:05:58,383 - ui.main_window - DEBUG - Parameter 0 updated to 0
2025-09-26 01:05:58,384 - ui.main_window - DEBUG - Parameter 1 updated to 0
2025-09-26 01:05:58,385 - ui.main_window - DEBUG - Parameter 3 updated to 2
2025-09-26 01:05:58,385 - ui.main_window - DEBUG - Parameter 4 updated to 0
2025-09-26 01:05:58,385 - ui.main_window - DEBUG - Parameter 5 updated to 1
2025-09-26 01:05:58,386 - ui.main_window - DEBUG - Parameter 6 updated to 3
2025-09-26 01:05:58,386 - ui.main_window - DEBUG - Parameter 7 updated to 3
2025-09-26 01:05:58,386 - ui.main_window - DEBUG - Parameter 10 updated to 0
2025-09-26 01:05:58,387 - ui.main_window - DEBUG - Parameter 11 updated to 0
2025-09-26 01:05:58,387 - ui.main_window - DEBUG - Parameter 16 updated to 1
2025-09-26 01:05:58,388 - ui.main_window - DEBUG - Parameter 17 updated to 0
2025-09-26 01:05:58,388 - ui.main_window - DEBUG - Parameter 18 updated to 0
2025-09-26 01:05:58,388 - ui.main_window - DEBUG - Parameter 19 updated to 1
2025-09-26 01:05:58,388 - ui.main_window - DEBUG - Parameter 23 updated to 8192
2025-09-26 01:05:58,388 - ui.main_window - DEBUG - Parameter 37 updated to 2
2025-09-26 01:05:58,389 - ui.main_window - DEBUG - Parameter 38 updated to 2
2025-09-26 01:05:58,389 - ui.main_window - DEBUG - Parameter 40 updated to 0
2025-09-26 01:05:58,389 - ui.main_window - DEBUG - Parameter 41 updated to 0
2025-09-26 01:05:58,390 - ui.main_window - DEBUG - Parameter 42 updated to 0
2025-09-26 01:05:58,390 - ui.main_window - DEBUG - Parameter 55 updated to 0
2025-09-26 01:05:58,390 - ui.main_window - DEBUG - Parameter 56 updated to 0
2025-09-26 01:05:58,390 - ui.main_window - DEBUG - Parameter 57 updated to 1
2025-09-26 01:05:58,391 - ui.main_window - DEBUG - Parameter 58 updated to 0
2025-09-26 01:05:58,391 - ui.main_window - DEBUG - Parameter 59 updated to 0
2025-09-26 01:05:58,391 - ui.main_window - DEBUG - Parameter 60 updated to 0
2025-09-26 01:05:58,392 - ui.main_window - DEBUG - Parameter 61 updated to 0
2025-09-26 01:05:58,392 - ui.main_window - DEBUG - Parameter 62 updated to 0
2025-09-26 01:05:58,393 - ui.main_window - DEBUG - Parameter 63 updated to 0
2025-09-26 01:05:58,393 - ui.main_window - DEBUG - Parameter 64 updated to 0
2025-09-26 01:05:58,393 - ui.main_window - DEBUG - Parameter 65 updated to 0
2025-09-26 01:05:58,394 - ui.main_window - DEBUG - Parameter 66 updated to 1
2025-09-26 01:11:29,591 - midi.connection - DEBUG - Sending query for parameter 0: SysEx: F0 04 17 3E 00 00 00 00 00 00 00 00 00 00 00 00 F7
2025-09-26 01:11:29,627 - midi.sysex - DEBUG - SysEx parse: param_id=0, value=0, is_response=True, unit_id=1
2025-09-26 01:11:29,629 - midi.sysex - DEBUG - Received response: param 0 = 0
2025-09-26 01:11:29,629 - midi.connection - DEBUG - Parameter update: 0 = 0
2025-09-26 01:11:29,629 - midi.connection - DEBUG - Query successful: param 0 = 0
2025-09-26 01:11:30,034 - midi.connection - DEBUG - Sending query for parameter 1: SysEx: F0 04 17 3E 01 00 00 00 00 00 00 00 00 00 00 00 F7
2025-09-26 01:11:30,067 - midi.sysex - DEBUG - SysEx parse: param_id=1, value=0, is_response=True, unit_id=1
2025-09-26 01:11:30,067 - midi.sysex - DEBUG - Received response: param 1 = 0
2025-09-26 01:11:30,067 - midi.connection - DEBUG - Parameter update: 1 = 0
2025-09-26 01:11:30,067 - midi.connection - DEBUG - Query successful: param 1 = 0
2025-09-26 01:11:30,472 - midi.connection - DEBUG - Sending query for parameter 3: SysEx: F0 04 17 3E 03 00 00 00 00 00 00 00 00 00 00 00 F7
2025-09-26 01:11:30,506 - midi.sysex - DEBUG - SysEx parse: param_id=3, value=2, is_response=True, unit_id=1
2025-09-26 01:11:30,506 - midi.sysex - DEBUG - Received response: param 3 = 2
2025-09-26 01:11:30,506 - midi.connection - DEBUG - Parameter update: 3 = 2
2025-09-26 01:11:30,506 - midi.connection - DEBUG - Query successful: param 3 = 2
2025-09-26 01:11:30,912 - midi.connection - DEBUG - Sending query for parameter 4: SysEx: F0 04 17 3E 04 00 00 00 00 00 00 00 00 00 00 00 F7
2025-09-26 01:11:30,945 - midi.sysex - DEBUG - SysEx parse: param_id=4, value=0, is_response=True, unit_id=1
2025-09-26 01:11:30,945 - midi.sysex - DEBUG - Received response: param 4 = 0
2025-09-26 01:11:30,946 - midi.connection - DEBUG - Parameter update: 4 = 0
2025-09-26 01:11:30,946 - midi.connection - DEBUG - Query successful: param 4 = 0
2025-09-26 01:11:31,351 - midi.connection - DEBUG - Sending query for parameter 5: SysEx: F0 04 17 3E 05 00 00 00 00 00 00 00 00 00 00 00 F7
2025-09-26 01:11:31,384 - midi.sysex - DEBUG - SysEx parse: param_id=5, value=1, is_response=True, unit_id=1
2025-09-26 01:11:31,384 - midi.sysex - DEBUG - Received response: param 5 = 1
2025-09-26 01:11:31,384 - midi.connection - DEBUG - Parameter update: 5 = 1
2025-09-26 01:11:31,384 - midi.connection - DEBUG - Query successful: param 5 = 1
2025-09-26 01:11:31,786 - midi.connection - DEBUG - Sending query for parameter 6: SysEx: F0 04 17 3E 06 00 00 00 00 00 00 00 00 00 00 00 F7
2025-09-26 01:11:31,820 - midi.sysex - DEBUG - SysEx parse: param_id=6, value=3, is_response=True, unit_id=1
2025-09-26 01:11:31,820 - midi.sysex - DEBUG - Received response: param 6 = 3
2025-09-26 01:11:31,820 - midi.connection - DEBUG - Parameter update: 6 = 3
2025-09-26 01:11:31,820 - midi.connection - DEBUG - Query successful: param 6 = 3
2025-09-26 01:11:32,224 - midi.connection - DEBUG - Sending query for parameter 7: SysEx: F0 04 17 3E 07 00 00 00 00 00 00 00 00 00 00 00 F7
2025-09-26 01:11:32,252 - midi.sysex - DEBUG - SysEx parse: param_id=7, value=3, is_response=True, unit_id=1
2025-09-26 01:11:32,252 - midi.sysex - DEBUG - Received response: param 7 = 3
2025-09-26 01:11:32,252 - midi.connection - DEBUG - Parameter update: 7 = 3
2025-09-26 01:11:32,252 - midi.connection - DEBUG - Query successful: param 7 = 3
2025-09-26 01:11:32,657 - midi.connection - DEBUG - Sending query for parameter 10: SysEx: F0 04 17 3E 0A 00 00 00 00 00 00 00 00 00 00 00 F7
2025-09-26 01:11:32,691 - midi.sysex - DEBUG - SysEx parse: param_id=10, value=0, is_response=True, unit_id=1
2025-09-26 01:11:32,692 - midi.sysex - DEBUG - Received response: param 10 = 0
2025-09-26 01:11:32,692 - midi.connection - DEBUG - Parameter update: 10 = 0
2025-09-26 01:11:32,692 - midi.connection - DEBUG - Query successful: param 10 = 0
2025-09-26 01:11:33,097 - midi.connection - DEBUG - Sending query for parameter 11: SysEx: F0 04 17 3E 0B 00 00 00 00 00 00 00 00 00 00 00 F7
2025-09-26 01:11:33,130 - midi.sysex - DEBUG - SysEx parse: param_id=11, value=0, is_response=True, unit_id=1
2025-09-26 01:11:33,130 - midi.sysex - DEBUG - Received response: param 11 = 0
2025-09-26 01:11:33,130 - midi.connection - DEBUG - Parameter update: 11 = 0
2025-09-26 01:11:33,130 - midi.connection - DEBUG - Query successful: param 11 = 0
2025-09-26 01:11:33,542 - midi.connection - DEBUG - Sending query for parameter 16: SysEx: F0 04 17 3E 10 00 00 00 00 00 00 00 00 00 00 00 F7
2025-09-26 01:11:33,584 - midi.sysex - DEBUG - SysEx parse: param_id=16, value=1, is_response=True, unit_id=1
2025-09-26 01:11:33,585 - midi.sysex - DEBUG - Received response: param 16 = 1
2025-09-26 01:11:33,585 - midi.connection - DEBUG - Parameter update: 16 = 1
2025-09-26 01:11:33,585 - midi.connection - DEBUG - Query successful: param 16 = 1
2025-09-26 01:11:33,990 - midi.connection - DEBUG - Sending query for parameter 17: SysEx: F0 04 17 3E 11 00 00 00 00 00 00 00 00 00 00 00 F7
2025-09-26 01:11:34,024 - midi.sysex - DEBUG - SysEx parse: param_id=17, value=0, is_response=True, unit_id=1
2025-09-26 01:11:34,024 - midi.sysex - DEBUG - Received response: param 17 = 0
2025-09-26 01:11:34,024 - midi.connection - DEBUG - Parameter update: 17 = 0
2025-09-26 01:11:34,024 - midi.connection - DEBUG - Query successful: param 17 = 0
2025-09-26 01:11:34,430 - midi.connection - DEBUG - Sending query for parameter 18: SysEx: F0 04 17 3E 12 00 00 00 00 00 00 00 00 00 00 00 F7
2025-09-26 01:11:34,461 - midi.sysex - DEBUG - SysEx parse: param_id=18, value=0, is_response=True, unit_id=1
2025-09-26 01:11:34,461 - midi.sysex - DEBUG - Received response: param 18 = 0
2025-09-26 01:11:34,461 - midi.connection - DEBUG - Parameter update: 18 = 0
2025-09-26 01:11:34,461 - midi.connection - DEBUG - Query successful: param 18 = 0
2025-09-26 01:11:34,865 - midi.connection - DEBUG - Sending query for parameter 19: SysEx: F0 04 17 3E 13 00 00 00 00 00 00 00 00 00 00 00 F7
2025-09-26 01:11:34,900 - midi.sysex - DEBUG - SysEx parse: param_id=19, value=1, is_response=True, unit_id=1
2025-09-26 01:11:34,900 - midi.sysex - DEBUG - Received response: param 19 = 1
2025-09-26 01:11:34,900 - midi.connection - DEBUG - Parameter update: 19 = 1
2025-09-26 01:11:34,901 - midi.connection - DEBUG - Query successful: param 19 = 1
2025-09-26 01:11:35,306 - midi.connection - DEBUG - Sending query for parameter 23: SysEx: F0 04 17 3E 17 00 00 00 00 00 00 00 00 00 00 00 F7
2025-09-26 01:11:35,343 - midi.sysex - DEBUG - SysEx parse: param_id=23, value=8192, is_response=True, unit_id=1
2025-09-26 01:11:35,354 - midi.sysex - DEBUG - Received response: param 23 = 8192
2025-09-26 01:11:35,354 - midi.connection - DEBUG - Parameter update: 23 = 8192
2025-09-26 01:11:35,354 - midi.connection - DEBUG - Query successful: param 23 = 8192
2025-09-26 01:11:35,760 - midi.connection - DEBUG - Sending query for parameter 37: SysEx: F0 04 17 3E 25 00 00 00 00 00 00 00 00 00 00 00 F7
2025-09-26 01:11:35,790 - midi.sysex - DEBUG - SysEx parse: param_id=37, value=2, is_response=True, unit_id=1
2025-09-26 01:11:35,790 - midi.sysex - DEBUG - Received response: param 37 = 2
2025-09-26 01:11:35,790 - midi.connection - DEBUG - Parameter update: 37 = 2
2025-09-26 01:11:35,790 - midi.connection - DEBUG - Query successful: param 37 = 2
2025-09-26 01:11:36,193 - midi.connection - DEBUG - Sending query for parameter 38: SysEx: F0 04 17 3E 26 00 00 00 00 00 00 00 00 00 00 00 F7
2025-09-26 01:11:36,224 - midi.sysex - DEBUG - SysEx parse: param_id=38, value=2, is_response=True, unit_id=1
2025-09-26 01:11:36,224 - midi.sysex - DEBUG - Received response: param 38 = 2
2025-09-26 01:11:36,224 - midi.connection - DEBUG - Parameter update: 38 = 2
2025-09-26 01:11:36,224 - midi.connection - DEBUG - Query successful: param 38 = 2
2025-09-26 01:11:36,629 - midi.connection - DEBUG - Sending query for parameter 40: SysEx: F0 04 17 3E 28 00 00 00 00 00 00 00 00 00 00 00 F7
2025-09-26 01:11:36,661 - midi.sysex - DEBUG - SysEx parse: param_id=40, value=0, is_response=True, unit_id=1
2025-09-26 01:11:36,661 - midi.sysex - DEBUG - Received response: param 40 = 0
2025-09-26 01:11:36,661 - midi.connection - DEBUG - Parameter update: 40 = 0
2025-09-26 01:11:36,661 - midi.connection - DEBUG - Query successful: param 40 = 0
2025-09-26 01:11:37,061 - midi.connection - DEBUG - Sending query for parameter 41: SysEx: F0 04 17 3E 29 00 00 00 00 00 00 00 00 00 00 00 F7
2025-09-26 01:11:37,095 - midi.sysex - DEBUG - SysEx parse: param_id=41, value=0, is_response=True, unit_id=1
2025-09-26 01:11:37,096 - midi.sysex - DEBUG - Received response: param 41 = 0
2025-09-26 01:11:37,096 - midi.connection - DEBUG - Parameter update: 41 = 0
2025-09-26 01:11:37,096 - midi.connection - DEBUG - Query successful: param 41 = 0
2025-09-26 01:11:37,500 - midi.connection - DEBUG - Sending query for parameter 42: SysEx: F0 04 17 3E 2A 00 00 00 00 00 00 00 00 00 00 00 F7
2025-09-26 01:11:37,531 - midi.sysex - DEBUG - SysEx parse: param_id=42, value=0, is_response=True, unit_id=1
2025-09-26 01:11:37,532 - midi.sysex - DEBUG - Received response: param 42 = 0
2025-09-26 01:11:37,532 - midi.connection - DEBUG - Parameter update: 42 = 0
2025-09-26 01:11:37,532 - midi.connection - DEBUG - Query successful: param 42 = 0
2025-09-26 01:11:37,935 - midi.connection - DEBUG - Sending query for parameter 55: SysEx: F0 04 17 3E 37 00 00 00 00 00 00 00 00 00 00 00 F7
2025-09-26 01:11:37,972 - midi.sysex - DEBUG - SysEx parse: param_id=55, value=0, is_response=True, unit_id=1
2025-09-26 01:11:37,973 - midi.sysex - DEBUG - Received response: param 55 = 0
2025-09-26 01:11:37,973 - midi.connection - DEBUG - Parameter update: 55 = 0
2025-09-26 01:11:37,973 - midi.connection - DEBUG - Query successful: param 55 = 0
2025-09-26 01:11:38,377 - midi.connection - DEBUG - Sending query for parameter 56: SysEx: F0 04 17 3E 38 00 00 00 00 00 00 00 00 00 00 00 F7
2025-09-26 01:11:38,413 - midi.sysex - DEBUG - SysEx parse: param_id=56, value=0, is_response=True, unit_id=1
2025-09-26 01:11:38,413 - midi.sysex - DEBUG - Received response: param 56 = 0
2025-09-26 01:11:38,413 - midi.connection - DEBUG - Parameter update: 56 = 0
2025-09-26 01:11:38,413 - midi.connection - DEBUG - Query successful: param 56 = 0
2025-09-26 01:11:38,816 - midi.connection - DEBUG - Sending query for parameter 57: SysEx: F0 04 17 3E 39 00 00 00 00 00 00 00 00 00 00 00 F7
2025-09-26 01:11:38,850 - midi.sysex - DEBUG - SysEx parse: param_id=57, value=1, is_response=True, unit_id=1
2025-09-26 01:11:38,863 - midi.sysex - DEBUG - Received response: param 57 = 1
2025-09-26 01:11:38,865 - midi.connection - DEBUG - Parameter update: 57 = 1
2025-09-26 01:11:38,866 - midi.connection - DEBUG - Query successful: param 57 = 1
2025-09-26 01:11:39,271 - midi.connection - DEBUG - Sending query for parameter 58: SysEx: F0 04 17 3E 3A 00 00 00 00 00 00 00 00 00 00 00 F7
2025-09-26 01:11:39,304 - midi.sysex - DEBUG - SysEx parse: param_id=58, value=0, is_response=True, unit_id=1
2025-09-26 01:11:39,304 - midi.sysex - DEBUG - Received response: param 58 = 0
2025-09-26 01:11:39,304 - midi.connection - DEBUG - Parameter update: 58 = 0
2025-09-26 01:11:39,304 - midi.connection - DEBUG - Query successful: param 58 = 0
2025-09-26 01:11:39,709 - midi.connection - DEBUG - Sending query for parameter 59: SysEx: F0 04 17 3E 3B 00 00 00 00 00 00 00 00 00 00 00 F7
2025-09-26 01:11:39,757 - midi.sysex - DEBUG - SysEx parse: param_id=59, value=0, is_response=True, unit_id=1
2025-09-26 01:11:39,770 - midi.sysex - DEBUG - Received response: param 59 = 0
2025-09-26 01:11:39,770 - midi.connection - DEBUG - Parameter update: 59 = 0
2025-09-26 01:11:39,770 - midi.connection - DEBUG - Query successful: param 59 = 0
2025-09-26 01:11:40,174 - midi.connection - DEBUG - Sending query for parameter 60: SysEx: F0 04 17 3E 3C 00 00 00 00 00 00 00 00 00 00 00 F7
2025-09-26 01:11:40,209 - midi.sysex - DEBUG - SysEx parse: param_id=60, value=0, is_response=True, unit_id=1
2025-09-26 01:11:40,209 - midi.sysex - DEBUG - Received response: param 60 = 0
2025-09-26 01:11:40,209 - midi.connection - DEBUG - Parameter update: 60 = 0
2025-09-26 01:11:40,209 - midi.connection - DEBUG - Query successful: param 60 = 0
2025-09-26 01:11:40,611 - midi.connection - DEBUG - Sending query for parameter 61: SysEx: F0 04 17 3E 3D 00 00 00 00 00 00 00 00 00 00 00 F7
2025-09-26 01:11:40,650 - midi.sysex - DEBUG - SysEx parse: param_id=61, value=0, is_response=True, unit_id=1
2025-09-26 01:11:40,663 - midi.sysex - DEBUG - Received response: param 61 = 0
2025-09-26 01:11:40,672 - midi.connection - DEBUG - Parameter update: 61 = 0
2025-09-26 01:11:40,672 - midi.connection - DEBUG - Query successful: param 61 = 0
2025-09-26 01:11:41,076 - midi.connection - DEBUG - Sending query for parameter 62: SysEx: F0 04 17 3E 3E 00 00 00 00 00 00 00 00 00 00 00 F7
2025-09-26 01:11:41,106 - midi.sysex - DEBUG - SysEx parse: param_id=62, value=0, is_response=True, unit_id=1
2025-09-26 01:11:41,107 - midi.sysex - DEBUG - Received response: param 62 = 0
2025-09-26 01:11:41,107 - midi.connection - DEBUG - Parameter update: 62 = 0
2025-09-26 01:11:41,107 - midi.connection - DEBUG - Query successful: param 62 = 0
2025-09-26 01:11:41,512 - midi.connection - DEBUG - Sending query for parameter 63: SysEx: F0 04 17 3E 3F 00 00 00 00 00 00 00 00 00 00 00 F7
2025-09-26 01:11:41,549 - midi.sysex - DEBUG - SysEx parse: param_id=63, value=0, is_response=True, unit_id=1
2025-09-26 01:11:41,562 - midi.sysex - DEBUG - Received response: param 63 = 0
2025-09-26 01:11:41,574 - midi.connection - DEBUG - Parameter update: 63 = 0
2025-09-26 01:11:41,574 - midi.connection - DEBUG - Query successful: param 63 = 0
2025-09-26 01:11:41,980 - midi.connection - DEBUG - Sending query for parameter 64: SysEx: F0 04 17 3E 40 00 00 00 00 00 00 00 00 00 00 00 F7
2025-09-26 01:11:42,016 - midi.sysex - DEBUG - SysEx parse: param_id=64, value=0, is_response=True, unit_id=1
2025-09-26 01:11:42,016 - midi.sysex - DEBUG - Received response: param 64 = 0
2025-09-26 01:11:42,016 - midi.connection - DEBUG - Parameter update: 64 = 0
2025-09-26 01:11:42,016 - midi.connection - DEBUG - Query successful: param 64 = 0
2025-09-26 01:11:42,417 - midi.connection - DEBUG - Sending query for parameter 65: SysEx: F0 04 17 3E 41 00 00 00 00 00 00 00 00 00 00 00 F7
2025-09-26 01:11:42,449 - midi.sysex - DEBUG - SysEx parse: param_id=65, value=0, is_response=True, unit_id=1
2025-09-26 01:11:42,455 - midi.sysex - DEBUG - Received response: param 65 = 0
2025-09-26 01:11:42,461 - midi.connection - DEBUG - Parameter update: 65 = 0
2025-09-26 01:11:42,461 - midi.connection - DEBUG - Query successful: param 65 = 0
2025-09-26 01:11:42,879 - midi.connection - DEBUG - Sending query for parameter 66: SysEx: F0 04 17 3E 42 00 00 00 00 00 00 00 00 00 00 00 F7
2025-09-26 01:11:42,915 - midi.sysex - DEBUG - SysEx parse: param_id=66, value=1, is_response=True, unit_id=1
2025-09-26 01:11:42,915 - midi.sysex - DEBUG - Received response: param 66 = 1
2025-09-26 01:11:42,915 - midi.connection - DEBUG - Parameter update: 66 = 1
2025-09-26 01:11:42,915 - midi.connection - DEBUG - Query successful: param 66 = 1
2025-09-26 01:11:42,917 - ui.main_window - DEBUG - Parameter 0 updated to 0
2025-09-26 01:11:42,917 - ui.main_window - DEBUG - Parameter 1 updated to 0
2025-09-26 01:11:42,917 - ui.main_window - DEBUG - Parameter 3 updated to 2
2025-09-26 01:11:42,918 - ui.main_window - DEBUG - Parameter 4 updated to 0
2025-09-26 01:11:42,918 - ui.main_window - DEBUG - Parameter 5 updated to 1
2025-09-26 01:11:42,918 - ui.main_window - DEBUG - Parameter 6 updated to 3
2025-09-26 01:11:42,918 - ui.main_window - DEBUG - Parameter 7 updated to 3
2025-09-26 01:11:42,918 - ui.main_window - DEBUG - Parameter 10 updated to 0
2025-09-26 01:11:42,918 - ui.main_window - DEBUG - Parameter 11 updated to 0
2025-09-26 01:11:42,918 - ui.main_window - DEBUG - Parameter 16 updated to 1
2025-09-26 01:11:42,918 - ui.main_window - DEBUG - Parameter 17 updated to 0
2025-09-26 01:11:42,919 - ui.main_window - DEBUG - Parameter 18 updated to 0
2025-09-26 01:11:42,919 - ui.main_window - DEBUG - Parameter 19 updated to 1
2025-09-26 01:11:42,919 - ui.main_window - DEBUG - Parameter 23 updated to 8192
2025-09-26 01:11:42,919 - ui.main_window - DEBUG - Parameter 37 updated to 2
2025-09-26 01:11:42,919 - ui.main_window - DEBUG - Parameter 38 updated to 2
2025-09-26 01:11:42,919 - ui.main_window - DEBUG - Parameter 40 updated to 0
2025-09-26 01:11:42,919 - ui.main_window - DEBUG - Parameter 41 updated to 0
2025-09-26 01:11:42,919 - ui.main_window - DEBUG - Parameter 42 updated to 0
2025-09-26 01:11:42,919 - ui.main_window - DEBUG - Parameter 55 updated to 0
2025-09-26 01:11:42,919 - ui.main_window - DEBUG - Parameter 56 updated to 0
2025-09-26 01:11:42,919 - ui.main_window - DEBUG - Parameter 57 updated to 1
2025-09-26 01:11:42,919 - ui.main_window - DEBUG - Parameter 58 updated to 0
2025-09-26 01:11:42,920 - ui.main_window - DEBUG - Parameter 59 updated to 0
2025-09-26 01:11:42,920 - ui.main_window - DEBUG - Parameter 60 updated to 0
2025-09-26 01:11:42,920 - ui.main_window - DEBUG - Parameter 61 updated to 0
2025-09-26 01:11:42,920 - ui.main_window - DEBUG - Parameter 62 updated to 0
2025-09-26 01:11:42,920 - ui.main_window - DEBUG - Parameter 63 updated to 0
2025-09-26 01:11:42,920 - ui.main_window - DEBUG - Parameter 64 updated to 0
2025-09-26 01:11:42,921 - ui.main_window - DEBUG - Parameter 65 updated to 0
2025-09-26 01:11:42,921 - ui.main_window - DEBUG - Parameter 66 updated to 1
2025-09-26 01:11:53,688 - midi.connection - DEBUG - MIDI listen thread stopped
2025-09-26 01:11:53,689 - midi.connection - INFO - Disconnected from MIDI ports
2025-09-26 01:12:17,264 - __main__ - INFO - Starting Matriarch Controller...
2025-09-26 01:12:17,429 - __main__ - INFO - MIDI system OK: 23 inputs, 23 outputs
2025-09-26 01:12:17,656 - __main__ - INFO - Main window created and shown
2025-09-26 01:14:45,782 - __main__ - INFO - Starting Matriarch Controller...
2025-09-26 01:14:45,934 - __main__ - INFO - MIDI system OK: 23 inputs, 23 outputs
2025-09-26 01:14:46,228 - __main__ - INFO - Main window created and shown
2025-09-26 01:17:08,836 - midi.connection - WARNING - Cannot send message: not connected
2025-09-26 01:17:08,838 - ui.main_window - WARNING - Failed to send parameter 42 = 0
2025-09-26 01:17:09,768 - midi.connection - WARNING - Cannot send message: not connected
2025-09-26 01:17:09,768 - ui.main_window - WARNING - Failed to send parameter 42 = 1
2025-09-26 10:59:44,559 - __main__ - INFO - Starting Matriarch Controller...
2025-09-26 10:59:44,701 - __main__ - INFO - MIDI system OK: 23 inputs, 23 outputs
2025-09-26 10:59:44,995 - __main__ - INFO - Main window created and shown
2025-09-26 11:00:06,157 - midi.connection - WARNING - Cannot send message: not connected
2025-09-26 11:00:06,158 - ui.main_window - WARNING - Failed to send parameter 41 = 0
2025-09-26 11:00:07,441 - midi.connection - WARNING - Cannot send message: not connected
2025-09-26 11:00:07,441 - ui.main_window - WARNING - Failed to send parameter 41 = 1
2025-09-26 11:00:25,026 - midi.connection - WARNING - Cannot send message: not connected
2025-09-26 11:00:25,027 - ui.main_window - WARNING - Failed to send parameter 41 = 0
2025-09-26 11:00:26,107 - midi.connection - WARNING - Cannot send message: not connected
2025-09-26 11:00:26,108 - ui.main_window - WARNING - Failed to send parameter 41 = 1
2025-09-26 11:00:52,526 - midi.connection - DEBUG - MIDI listen thread started
2025-09-26 11:00:52,526 - midi.connection - INFO - Connected to MIDI ports: mioXL MATRIARCH -> mioXL MATRIARCH
2025-09-26 11:00:52,532 - midi.connection - DEBUG - Sending query for parameter 0: SysEx: F0 04 17 3E 00 00 00 00 00 00 00 00 00 00 00 00 F7
2025-09-26 11:00:52,570 - midi.sysex - DEBUG - SysEx parse: param_id=0, value=0, is_response=True, unit_id=1
2025-09-26 11:00:52,570 - midi.sysex - DEBUG - Received response: param 0 = 0
2025-09-26 11:00:52,570 - midi.connection - DEBUG - Parameter update: 0 = 0
2025-09-26 11:00:52,570 - midi.connection - DEBUG - Query successful: param 0 = 0
2025-09-26 11:00:52,976 - midi.connection - DEBUG - Sending query for parameter 1: SysEx: F0 04 17 3E 01 00 00 00 00 00 00 00 00 00 00 00 F7
2025-09-26 11:00:53,007 - midi.sysex - DEBUG - SysEx parse: param_id=1, value=0, is_response=True, unit_id=1
2025-09-26 11:00:53,007 - midi.sysex - DEBUG - Received response: param 1 = 0
2025-09-26 11:00:53,007 - midi.connection - DEBUG - Parameter update: 1 = 0
2025-09-26 11:00:53,007 - midi.connection - DEBUG - Query successful: param 1 = 0
2025-09-26 11:00:53,412 - midi.connection - DEBUG - Sending query for parameter 3: SysEx: F0 04 17 3E 03 00 00 00 00 00 00 00 00 00 00 00 F7
2025-09-26 11:00:53,445 - midi.sysex - DEBUG - SysEx parse: param_id=3, value=2, is_response=True, unit_id=1
2025-09-26 11:00:53,445 - midi.sysex - DEBUG - Received response: param 3 = 2
2025-09-26 11:00:53,445 - midi.connection - DEBUG - Parameter update: 3 = 2
2025-09-26 11:00:53,445 - midi.connection - DEBUG - Query successful: param 3 = 2
2025-09-26 11:00:53,850 - midi.connection - DEBUG - Sending query for parameter 4: SysEx: F0 04 17 3E 04 00 00 00 00 00 00 00 00 00 00 00 F7
2025-09-26 11:00:53,884 - midi.sysex - DEBUG - SysEx parse: param_id=4, value=0, is_response=True, unit_id=1
2025-09-26 11:00:53,885 - midi.sysex - DEBUG - Received response: param 4 = 0
2025-09-26 11:00:53,885 - midi.connection - DEBUG - Parameter update: 4 = 0
2025-09-26 11:00:53,885 - midi.connection - DEBUG - Query successful: param 4 = 0
2025-09-26 11:00:54,288 - midi.connection - DEBUG - Sending query for parameter 5: SysEx: F0 04 17 3E 05 00 00 00 00 00 00 00 00 00 00 00 F7
2025-09-26 11:00:54,324 - midi.sysex - DEBUG - SysEx parse: param_id=5, value=1, is_response=True, unit_id=1
2025-09-26 11:00:54,324 - midi.sysex - DEBUG - Received response: param 5 = 1
2025-09-26 11:00:54,326 - midi.connection - DEBUG - Parameter update: 5 = 1
2025-09-26 11:00:54,326 - midi.connection - DEBUG - Query successful: param 5 = 1
2025-09-26 11:00:54,732 - midi.connection - DEBUG - Sending query for parameter 6: SysEx: F0 04 17 3E 06 00 00 00 00 00 00 00 00 00 00 00 F7
2025-09-26 11:00:54,764 - midi.sysex - DEBUG - SysEx parse: param_id=6, value=3, is_response=True, unit_id=1
2025-09-26 11:00:54,764 - midi.sysex - DEBUG - Received response: param 6 = 3
2025-09-26 11:00:54,764 - midi.connection - DEBUG - Parameter update: 6 = 3
2025-09-26 11:00:54,764 - midi.connection - DEBUG - Query successful: param 6 = 3
2025-09-26 11:00:55,170 - midi.connection - DEBUG - Sending query for parameter 7: SysEx: F0 04 17 3E 07 00 00 00 00 00 00 00 00 00 00 00 F7
2025-09-26 11:00:55,206 - midi.sysex - DEBUG - SysEx parse: param_id=7, value=3, is_response=True, unit_id=1
2025-09-26 11:00:55,207 - midi.sysex - DEBUG - Received response: param 7 = 3
2025-09-26 11:00:55,207 - midi.connection - DEBUG - Parameter update: 7 = 3
2025-09-26 11:00:55,207 - midi.connection - DEBUG - Query successful: param 7 = 3
2025-09-26 11:00:55,612 - midi.connection - DEBUG - Sending query for parameter 10: SysEx: F0 04 17 3E 0A 00 00 00 00 00 00 00 00 00 00 00 F7
2025-09-26 11:00:55,646 - midi.sysex - DEBUG - SysEx parse: param_id=10, value=0, is_response=True, unit_id=1
2025-09-26 11:00:55,647 - midi.sysex - DEBUG - Received response: param 10 = 0
2025-09-26 11:00:55,647 - midi.connection - DEBUG - Parameter update: 10 = 0
2025-09-26 11:00:55,647 - midi.connection - DEBUG - Query successful: param 10 = 0
2025-09-26 11:00:56,052 - midi.connection - DEBUG - Sending query for parameter 11: SysEx: F0 04 17 3E 0B 00 00 00 00 00 00 00 00 00 00 00 F7
2025-09-26 11:00:56,087 - midi.sysex - DEBUG - SysEx parse: param_id=11, value=0, is_response=True, unit_id=1
2025-09-26 11:00:56,087 - midi.sysex - DEBUG - Received response: param 11 = 0
2025-09-26 11:00:56,087 - midi.connection - DEBUG - Parameter update: 11 = 0
2025-09-26 11:00:56,087 - midi.connection - DEBUG - Query successful: param 11 = 0
2025-09-26 11:00:56,492 - midi.connection - DEBUG - Sending query for parameter 16: SysEx: F0 04 17 3E 10 00 00 00 00 00 00 00 00 00 00 00 F7
2025-09-26 11:00:56,525 - midi.sysex - DEBUG - SysEx parse: param_id=16, value=1, is_response=True, unit_id=1
2025-09-26 11:00:56,525 - midi.sysex - DEBUG - Received response: param 16 = 1
2025-09-26 11:00:56,526 - midi.connection - DEBUG - Parameter update: 16 = 1
2025-09-26 11:00:56,526 - midi.connection - DEBUG - Query successful: param 16 = 1
2025-09-26 11:00:56,931 - midi.connection - DEBUG - Sending query for parameter 17: SysEx: F0 04 17 3E 11 00 00 00 00 00 00 00 00 00 00 00 F7
2025-09-26 11:00:56,966 - midi.sysex - DEBUG - SysEx parse: param_id=17, value=0, is_response=True, unit_id=1
2025-09-26 11:00:56,966 - midi.sysex - DEBUG - Received response: param 17 = 0
2025-09-26 11:00:56,966 - midi.connection - DEBUG - Parameter update: 17 = 0
2025-09-26 11:00:56,966 - midi.connection - DEBUG - Query successful: param 17 = 0
2025-09-26 11:00:57,371 - midi.connection - DEBUG - Sending query for parameter 18: SysEx: F0 04 17 3E 12 00 00 00 00 00 00 00 00 00 00 00 F7
2025-09-26 11:00:57,409 - midi.sysex - DEBUG - SysEx parse: param_id=18, value=0, is_response=True, unit_id=1
2025-09-26 11:00:57,415 - midi.sysex - DEBUG - Received response: param 18 = 0
2025-09-26 11:00:57,415 - midi.connection - DEBUG - Parameter update: 18 = 0
2025-09-26 11:00:57,415 - midi.connection - DEBUG - Query successful: param 18 = 0
2025-09-26 11:00:57,820 - midi.connection - DEBUG - Sending query for parameter 19: SysEx: F0 04 17 3E 13 00 00 00 00 00 00 00 00 00 00 00 F7
2025-09-26 11:00:57,853 - midi.sysex - DEBUG - SysEx parse: param_id=19, value=1, is_response=True, unit_id=1
2025-09-26 11:00:57,853 - midi.sysex - DEBUG - Received response: param 19 = 1
2025-09-26 11:00:57,853 - midi.connection - DEBUG - Parameter update: 19 = 1
2025-09-26 11:00:57,853 - midi.connection - DEBUG - Query successful: param 19 = 1
2025-09-26 11:00:58,258 - midi.connection - DEBUG - Sending query for parameter 23: SysEx: F0 04 17 3E 17 00 00 00 00 00 00 00 00 00 00 00 F7
2025-09-26 11:00:58,301 - midi.sysex - DEBUG - SysEx parse: param_id=23, value=8192, is_response=True, unit_id=1
2025-09-26 11:00:58,308 - midi.sysex - DEBUG - Received response: param 23 = 8192
2025-09-26 11:00:58,308 - midi.connection - DEBUG - Parameter update: 23 = 8192
2025-09-26 11:00:58,308 - midi.connection - DEBUG - Query successful: param 23 = 8192
2025-09-26 11:00:58,716 - midi.connection - DEBUG - Sending query for parameter 37: SysEx: F0 04 17 3E 25 00 00 00 00 00 00 00 00 00 00 00 F7
2025-09-26 11:00:58,751 - midi.sysex - DEBUG - SysEx parse: param_id=37, value=2, is_response=True, unit_id=1
2025-09-26 11:00:58,751 - midi.sysex - DEBUG - Received response: param 37 = 2
2025-09-26 11:00:58,751 - midi.connection - DEBUG - Parameter update: 37 = 2
2025-09-26 11:00:58,751 - midi.connection - DEBUG - Query successful: param 37 = 2
2025-09-26 11:00:59,156 - midi.connection - DEBUG - Sending query for parameter 38: SysEx: F0 04 17 3E 26 00 00 00 00 00 00 00 00 00 00 00 F7
2025-09-26 11:00:59,187 - midi.sysex - DEBUG - SysEx parse: param_id=38, value=2, is_response=True, unit_id=1
2025-09-26 11:00:59,187 - midi.sysex - DEBUG - Received response: param 38 = 2
2025-09-26 11:00:59,187 - midi.connection - DEBUG - Parameter update: 38 = 2
2025-09-26 11:00:59,187 - midi.connection - DEBUG - Query successful: param 38 = 2
2025-09-26 11:00:59,591 - midi.connection - DEBUG - Sending query for parameter 40: SysEx: F0 04 17 3E 28 00 00 00 00 00 00 00 00 00 00 00 F7
2025-09-26 11:00:59,621 - midi.sysex - DEBUG - SysEx parse: param_id=40, value=0, is_response=True, unit_id=1
2025-09-26 11:00:59,621 - midi.sysex - DEBUG - Received response: param 40 = 0
2025-09-26 11:00:59,621 - midi.connection - DEBUG - Parameter update: 40 = 0
2025-09-26 11:00:59,621 - midi.connection - DEBUG - Query successful: param 40 = 0
2025-09-26 11:01:00,027 - midi.connection - DEBUG - Sending query for parameter 41: SysEx: F0 04 17 3E 29 00 00 00 00 00 00 00 00 00 00 00 F7
2025-09-26 11:01:00,061 - midi.sysex - DEBUG - SysEx parse: param_id=41, value=0, is_response=True, unit_id=1
2025-09-26 11:01:00,062 - midi.sysex - DEBUG - Received response: param 41 = 0
2025-09-26 11:01:00,062 - midi.connection - DEBUG - Parameter update: 41 = 0
2025-09-26 11:01:00,062 - midi.connection - DEBUG - Query successful: param 41 = 0
2025-09-26 11:01:00,467 - midi.connection - DEBUG - Sending query for parameter 42: SysEx: F0 04 17 3E 2A 00 00 00 00 00 00 00 00 00 00 00 F7
2025-09-26 11:01:00,502 - midi.sysex - DEBUG - SysEx parse: param_id=42, value=0, is_response=True, unit_id=1
2025-09-26 11:01:00,514 - midi.sysex - DEBUG - Received response: param 42 = 0
2025-09-26 11:01:00,520 - midi.connection - DEBUG - Parameter update: 42 = 0
2025-09-26 11:01:00,521 - midi.connection - DEBUG - Query successful: param 42 = 0
2025-09-26 11:01:00,928 - midi.connection - DEBUG - Sending query for parameter 55: SysEx: F0 04 17 3E 37 00 00 00 00 00 00 00 00 00 00 00 F7
2025-09-26 11:01:00,963 - midi.sysex - DEBUG - SysEx parse: param_id=55, value=0, is_response=True, unit_id=1
2025-09-26 11:01:00,963 - midi.sysex - DEBUG - Received response: param 55 = 0
2025-09-26 11:01:00,963 - midi.connection - DEBUG - Parameter update: 55 = 0
2025-09-26 11:01:00,963 - midi.connection - DEBUG - Query successful: param 55 = 0
2025-09-26 11:01:01,368 - midi.connection - DEBUG - Sending query for parameter 56: SysEx: F0 04 17 3E 38 00 00 00 00 00 00 00 00 00 00 00 F7
2025-09-26 11:01:01,402 - midi.sysex - DEBUG - SysEx parse: param_id=56, value=0, is_response=True, unit_id=1
2025-09-26 11:01:01,415 - midi.sysex - DEBUG - Received response: param 56 = 0
2025-09-26 11:01:01,422 - midi.connection - DEBUG - Parameter update: 56 = 0
2025-09-26 11:01:01,422 - midi.connection - DEBUG - Query successful: param 56 = 0
2025-09-26 11:01:01,827 - midi.connection - DEBUG - Sending query for parameter 57: SysEx: F0 04 17 3E 39 00 00 00 00 00 00 00 00 00 00 00 F7
2025-09-26 11:01:01,858 - midi.sysex - DEBUG - SysEx parse: param_id=57, value=1, is_response=True, unit_id=1
2025-09-26 11:01:01,858 - midi.sysex - DEBUG - Received response: param 57 = 1
2025-09-26 11:01:01,858 - midi.connection - DEBUG - Parameter update: 57 = 1
2025-09-26 11:01:01,858 - midi.connection - DEBUG - Query successful: param 57 = 1
2025-09-26 11:01:02,263 - midi.connection - DEBUG - Sending query for parameter 58: SysEx: F0 04 17 3E 3A 00 00 00 00 00 00 00 00 00 00 00 F7
2025-09-26 11:01:02,309 - midi.sysex - DEBUG - SysEx parse: param_id=58, value=0, is_response=True, unit_id=1
2025-09-26 11:01:02,322 - midi.sysex - DEBUG - Received response: param 58 = 0
2025-09-26 11:01:02,328 - midi.connection - DEBUG - Parameter update: 58 = 0
2025-09-26 11:01:02,328 - midi.connection - DEBUG - Query successful: param 58 = 0
2025-09-26 11:01:02,733 - midi.connection - DEBUG - Sending query for parameter 59: SysEx: F0 04 17 3E 3B 00 00 00 00 00 00 00 00 00 00 00 F7
2025-09-26 11:01:02,769 - midi.sysex - DEBUG - SysEx parse: param_id=59, value=0, is_response=True, unit_id=1
2025-09-26 11:01:02,769 - midi.sysex - DEBUG - Received response: param 59 = 0
2025-09-26 11:01:02,769 - midi.connection - DEBUG - Parameter update: 59 = 0
2025-09-26 11:01:02,769 - midi.connection - DEBUG - Query successful: param 59 = 0
2025-09-26 11:01:03,170 - midi.connection - DEBUG - Sending query for parameter 60: SysEx: F0 04 17 3E 3C 00 00 00 00 00 00 00 00 00 00 00 F7
2025-09-26 11:01:03,215 - midi.sysex - DEBUG - SysEx parse: param_id=60, value=0, is_response=True, unit_id=1
2025-09-26 11:01:03,229 - midi.sysex - DEBUG - Received response: param 60 = 0
2025-09-26 11:01:03,230 - midi.connection - DEBUG - Parameter update: 60 = 0
2025-09-26 11:01:03,230 - midi.connection - DEBUG - Query successful: param 60 = 0
2025-09-26 11:01:03,635 - midi.connection - DEBUG - Sending query for parameter 61: SysEx: F0 04 17 3E 3D 00 00 00 00 00 00 00 00 00 00 00 F7
2025-09-26 11:01:03,670 - midi.sysex - DEBUG - SysEx parse: param_id=61, value=0, is_response=True, unit_id=1
2025-09-26 11:01:03,670 - midi.sysex - DEBUG - Received response: param 61 = 0
2025-09-26 11:01:03,670 - midi.connection - DEBUG - Parameter update: 61 = 0
2025-09-26 11:01:03,670 - midi.connection - DEBUG - Query successful: param 61 = 0
2025-09-26 11:01:04,071 - midi.connection - DEBUG - Sending query for parameter 62: SysEx: F0 04 17 3E 3E 00 00 00 00 00 00 00 00 00 00 00 F7
2025-09-26 11:01:04,102 - midi.sysex - DEBUG - SysEx parse: param_id=62, value=0, is_response=True, unit_id=1
2025-09-26 11:01:04,109 - midi.sysex - DEBUG - Received response: param 62 = 0
2025-09-26 11:01:04,114 - midi.connection - DEBUG - Parameter update: 62 = 0
2025-09-26 11:01:04,122 - midi.connection - DEBUG - Query successful: param 62 = 0
2025-09-26 11:01:04,534 - midi.connection - DEBUG - Sending query for parameter 63: SysEx: F0 04 17 3E 3F 00 00 00 00 00 00 00 00 00 00 00 F7
2025-09-26 11:01:04,568 - midi.sysex - DEBUG - SysEx parse: param_id=63, value=0, is_response=True, unit_id=1
2025-09-26 11:01:04,568 - midi.sysex - DEBUG - Received response: param 63 = 0
2025-09-26 11:01:04,568 - midi.connection - DEBUG - Parameter update: 63 = 0
2025-09-26 11:01:04,568 - midi.connection - DEBUG - Query successful: param 63 = 0
2025-09-26 11:01:04,969 - midi.connection - DEBUG - Sending query for parameter 64: SysEx: F0 04 17 3E 40 00 00 00 00 00 00 00 00 00 00 00 F7
2025-09-26 11:01:05,002 - midi.sysex - DEBUG - SysEx parse: param_id=64, value=0, is_response=True, unit_id=1
2025-09-26 11:01:05,015 - midi.sysex - DEBUG - Received response: param 64 = 0
2025-09-26 11:01:05,022 - midi.connection - DEBUG - Parameter update: 64 = 0
2025-09-26 11:01:05,022 - midi.connection - DEBUG - Query successful: param 64 = 0
2025-09-26 11:01:05,437 - midi.connection - DEBUG - Sending query for parameter 65: SysEx: F0 04 17 3E 41 00 00 00 00 00 00 00 00 00 00 00 F7
2025-09-26 11:01:05,469 - midi.sysex - DEBUG - SysEx parse: param_id=65, value=0, is_response=True, unit_id=1
2025-09-26 11:01:05,469 - midi.sysex - DEBUG - Received response: param 65 = 0
2025-09-26 11:01:05,469 - midi.connection - DEBUG - Parameter update: 65 = 0
2025-09-26 11:01:05,469 - midi.connection - DEBUG - Query successful: param 65 = 0
2025-09-26 11:01:05,874 - midi.connection - DEBUG - Sending query for parameter 66: SysEx: F0 04 17 3E 42 00 00 00 00 00 00 00 00 00 00 00 F7
2025-09-26 11:01:05,910 - midi.sysex - DEBUG - SysEx parse: param_id=66, value=1, is_response=True, unit_id=1
2025-09-26 11:01:05,923 - midi.sysex - DEBUG - Received response: param 66 = 1
2025-09-26 11:01:05,930 - midi.connection - DEBUG - Parameter update: 66 = 1
2025-09-26 11:01:05,936 - midi.connection - DEBUG - Query successful: param 66 = 1
2025-09-26 11:01:05,944 - ui.main_window - DEBUG - Parameter 0 updated to 0
2025-09-26 11:01:05,944 - ui.main_window - DEBUG - Parameter 1 updated to 0
2025-09-26 11:01:05,944 - ui.main_window - DEBUG - Parameter 3 updated to 2
2025-09-26 11:01:05,944 - ui.main_window - DEBUG - Parameter 4 updated to 0
2025-09-26 11:01:05,944 - ui.main_window - DEBUG - Parameter 5 updated to 1
2025-09-26 11:01:05,945 - ui.main_window - DEBUG - Parameter 6 updated to 3
2025-09-26 11:01:05,945 - ui.main_window - DEBUG - Parameter 7 updated to 3
2025-09-26 11:01:05,945 - ui.main_window - DEBUG - Parameter 10 updated to 0
2025-09-26 11:01:05,945 - ui.main_window - DEBUG - Parameter 11 updated to 0
2025-09-26 11:01:05,945 - ui.main_window - DEBUG - Parameter 16 updated to 1
2025-09-26 11:01:05,945 - ui.main_window - DEBUG - Parameter 17 updated to 0
2025-09-26 11:01:05,945 - ui.main_window - DEBUG - Parameter 18 updated to 0
2025-09-26 11:01:05,945 - ui.main_window - DEBUG - Parameter 19 updated to 1
2025-09-26 11:01:05,945 - ui.main_window - DEBUG - Parameter 23 updated to 8192
2025-09-26 11:01:05,945 - ui.main_window - DEBUG - Parameter 37 updated to 2
2025-09-26 11:01:05,946 - ui.main_window - DEBUG - Parameter 38 updated to 2
2025-09-26 11:01:05,946 - ui.main_window - DEBUG - Parameter 40 updated to 0
2025-09-26 11:01:05,946 - ui.main_window - DEBUG - Parameter 41 updated to 0
2025-09-26 11:01:05,946 - ui.main_window - DEBUG - Parameter 42 updated to 0
2025-09-26 11:01:05,946 - ui.main_window - DEBUG - Parameter 55 updated to 0
2025-09-26 11:01:05,946 - ui.main_window - DEBUG - Parameter 56 updated to 0
2025-09-26 11:01:05,946 - ui.main_window - DEBUG - Parameter 57 updated to 1
2025-09-26 11:01:05,946 - ui.main_window - DEBUG - Parameter 58 updated to 0
2025-09-26 11:01:05,946 - ui.main_window - DEBUG - Parameter 59 updated to 0
2025-09-26 11:01:05,947 - ui.main_window - DEBUG - Parameter 60 updated to 0
2025-09-26 11:01:05,947 - ui.main_window - DEBUG - Parameter 61 updated to 0
2025-09-26 11:01:05,947 - ui.main_window - DEBUG - Parameter 62 updated to 0
2025-09-26 11:01:05,947 - ui.main_window - DEBUG - Parameter 63 updated to 0
2025-09-26 11:01:05,947 - ui.main_window - DEBUG - Parameter 64 updated to 0
2025-09-26 11:01:05,947 - ui.main_window - DEBUG - Parameter 65 updated to 0
2025-09-26 11:01:05,948 - ui.main_window - DEBUG - Parameter 66 updated to 1
2025-09-26 11:09:06,473 - midi.connection - DEBUG - MIDI listen thread stopped
2025-09-26 11:09:06,479 - midi.connection - INFO - Disconnected from MIDI ports
2025-09-26 11:09:17,601 - __main__ - INFO - Starting Matriarch Controller...
2025-09-26 11:09:17,737 - __main__ - INFO - MIDI system OK: 23 inputs, 23 outputs
2025-09-26 11:09:18,004 - __main__ - INFO - Main window created and shown
2025-09-26 11:20:15,365 - midi.connection - WARNING - Cannot send message: not connected
2025-09-26 11:20:15,366 - ui.main_window - WARNING - Failed to send parameter 43 = 8
2025-09-26 11:20:15,397 - midi.connection - WARNING - Cannot send message: not connected
2025-09-26 11:20:15,397 - ui.main_window - WARNING - Failed to send parameter 43 = 9
2025-09-26 11:20:15,416 - midi.connection - WARNING - Cannot send message: not connected
2025-09-26 11:20:15,416 - ui.main_window - WARNING - Failed to send parameter 43 = 10
2025-09-26 11:20:15,460 - midi.connection - WARNING - Cannot send message: not connected
2025-09-26 11:20:15,460 - ui.main_window - WARNING - Failed to send parameter 43 = 11
2025-09-26 11:20:15,482 - midi.connection - WARNING - Cannot send message: not connected
2025-09-26 11:20:15,482 - ui.main_window - WARNING - Failed to send parameter 43 = 12
2025-09-26 11:20:15,503 - midi.connection - WARNING - Cannot send message: not connected
2025-09-26 11:20:15,503 - ui.main_window - WARNING - Failed to send parameter 43 = 13
2025-09-26 11:20:15,519 - midi.connection - WARNING - Cannot send message: not connected
2025-09-26 11:20:15,519 - ui.main_window - WARNING - Failed to send parameter 43 = 14
2025-09-26 11:20:15,536 - midi.connection - WARNING - Cannot send message: not connected
2025-09-26 11:20:15,536 - ui.main_window - WARNING - Failed to send parameter 43 = 15
2025-09-26 11:20:15,570 - midi.connection - WARNING - Cannot send message: not connected
2025-09-26 11:20:15,570 - ui.main_window - WARNING - Failed to send parameter 43 = 16
2025-09-26 11:20:15,586 - midi.connection - WARNING - Cannot send message: not connected
2025-09-26 11:20:15,586 - ui.main_window - WARNING - Failed to send parameter 43 = 17
2025-09-26 11:20:15,620 - midi.connection - WARNING - Cannot send message: not connected
2025-09-26 11:20:15,620 - ui.main_window - WARNING - Failed to send parameter 43 = 18
2025-09-26 11:20:15,636 - midi.connection - WARNING - Cannot send message: not connected
2025-09-26 11:20:15,636 - ui.main_window - WARNING - Failed to send parameter 43 = 19
2025-09-26 11:20:15,670 - midi.connection - WARNING - Cannot send message: not connected
2025-09-26 11:20:15,670 - ui.main_window - WARNING - Failed to send parameter 43 = 20
2025-09-26 11:20:15,703 - midi.connection - WARNING - Cannot send message: not connected
2025-09-26 11:20:15,704 - ui.main_window - WARNING - Failed to send parameter 43 = 21
2025-09-26 11:20:15,737 - midi.connection - WARNING - Cannot send message: not connected
2025-09-26 11:20:15,737 - ui.main_window - WARNING - Failed to send parameter 43 = 22
2025-09-26 11:20:15,787 - midi.connection - WARNING - Cannot send message: not connected
2025-09-26 11:20:15,787 - ui.main_window - WARNING - Failed to send parameter 43 = 23
2025-09-26 11:20:15,853 - midi.connection - WARNING - Cannot send message: not connected
2025-09-26 11:20:15,854 - ui.main_window - WARNING - Failed to send parameter 43 = 24
2025-09-26 11:20:19,096 - midi.connection - WARNING - Cannot send message: not connected
2025-09-26 11:20:19,097 - ui.main_window - WARNING - Failed to send parameter 43 = 23
2025-09-26 11:20:19,128 - midi.connection - WARNING - Cannot send message: not connected
2025-09-26 11:20:19,129 - ui.main_window - WARNING - Failed to send parameter 43 = 22
2025-09-26 11:20:19,150 - midi.connection - WARNING - Cannot send message: not connected
2025-09-26 11:20:19,150 - ui.main_window - WARNING - Failed to send parameter 43 = 21
2025-09-26 11:20:19,180 - midi.connection - WARNING - Cannot send message: not connected
2025-09-26 11:20:19,180 - ui.main_window - WARNING - Failed to send parameter 43 = 20
2025-09-26 11:20:19,214 - midi.connection - WARNING - Cannot send message: not connected
2025-09-26 11:20:19,214 - ui.main_window - WARNING - Failed to send parameter 43 = 19
2025-09-26 11:20:19,281 - midi.connection - WARNING - Cannot send message: not connected
2025-09-26 11:20:19,281 - ui.main_window - WARNING - Failed to send parameter 43 = 18
2025-09-26 11:20:19,413 - midi.connection - WARNING - Cannot send message: not connected
2025-09-26 11:20:19,413 - ui.main_window - WARNING - Failed to send parameter 43 = 17
2025-09-26 11:20:20,047 - midi.connection - WARNING - Cannot send message: not connected
2025-09-26 11:20:20,047 - ui.main_window - WARNING - Failed to send parameter 43 = 16
2025-09-26 11:20:20,313 - midi.connection - WARNING - Cannot send message: not connected
2025-09-26 11:20:20,314 - ui.main_window - WARNING - Failed to send parameter 43 = 15
2025-09-26 11:20:20,580 - midi.connection - WARNING - Cannot send message: not connected
2025-09-26 11:20:20,580 - ui.main_window - WARNING - Failed to send parameter 43 = 14
2025-09-26 11:20:21,430 - midi.connection - WARNING - Cannot send message: not connected
2025-09-26 11:20:21,430 - ui.main_window - WARNING - Failed to send parameter 43 = 13
2025-09-26 11:20:21,499 - midi.connection - WARNING - Cannot send message: not connected
2025-09-26 11:20:21,499 - ui.main_window - WARNING - Failed to send parameter 43 = 12
2025-09-26 11:20:21,914 - midi.connection - WARNING - Cannot send message: not connected
2025-09-26 11:20:21,914 - ui.main_window - WARNING - Failed to send parameter 43 = 11
2025-09-26 11:20:22,197 - midi.connection - WARNING - Cannot send message: not connected
2025-09-26 11:20:22,197 - ui.main_window - WARNING - Failed to send parameter 43 = 10
2025-09-26 11:20:22,497 - midi.connection - WARNING - Cannot send message: not connected
2025-09-26 11:20:22,497 - ui.main_window - WARNING - Failed to send parameter 43 = 9
2025-09-26 11:20:22,714 - midi.connection - WARNING - Cannot send message: not connected
2025-09-26 11:20:22,714 - ui.main_window - WARNING - Failed to send parameter 43 = 8
2025-09-26 11:20:23,380 - midi.connection - WARNING - Cannot send message: not connected
2025-09-26 11:20:23,380 - ui.main_window - WARNING - Failed to send parameter 43 = 7
2025-09-26 11:33:57,794 - midi.connection - WARNING - Cannot send message: not connected
2025-09-26 11:33:57,796 - ui.main_window - WARNING - Failed to send parameter 23 = 8251
2025-09-26 11:33:57,960 - midi.connection - WARNING - Cannot send message: not connected
2025-09-26 11:33:57,960 - ui.main_window - WARNING - Failed to send parameter 23 = 8200
2025-09-26 11:33:57,978 - midi.connection - WARNING - Cannot send message: not connected
2025-09-26 11:33:57,978 - ui.main_window - WARNING - Failed to send parameter 23 = 8116
2025-09-26 11:33:57,995 - midi.connection - WARNING - Cannot send message: not connected
2025-09-26 11:33:57,995 - ui.main_window - WARNING - Failed to send parameter 23 = 7964
2025-09-26 11:33:58,011 - midi.connection - WARNING - Cannot send message: not connected
2025-09-26 11:33:58,011 - ui.main_window - WARNING - Failed to send parameter 23 = 7795
2025-09-26 11:33:58,030 - midi.connection - WARNING - Cannot send message: not connected
2025-09-26 11:33:58,030 - ui.main_window - WARNING - Failed to send parameter 23 = 7542
2025-09-26 11:33:58,045 - midi.connection - WARNING - Cannot send message: not connected
2025-09-26 11:33:58,045 - ui.main_window - WARNING - Failed to send parameter 23 = 7255
2025-09-26 11:33:58,062 - midi.connection - WARNING - Cannot send message: not connected
2025-09-26 11:33:58,062 - ui.main_window - WARNING - Failed to send parameter 23 = 6935
2025-09-26 11:33:58,078 - midi.connection - WARNING - Cannot send message: not connected
2025-09-26 11:33:58,078 - ui.main_window - WARNING - Failed to send parameter 23 = 6597
2025-09-26 11:33:58,093 - midi.connection - WARNING - Cannot send message: not connected
2025-09-26 11:33:58,093 - ui.main_window - WARNING - Failed to send parameter 23 = 6243
2025-09-26 11:33:58,112 - midi.connection - WARNING - Cannot send message: not connected
2025-09-26 11:33:58,112 - ui.main_window - WARNING - Failed to send parameter 23 = 5855
2025-09-26 11:33:58,127 - midi.connection - WARNING - Cannot send message: not connected
2025-09-26 11:33:58,127 - ui.main_window - WARNING - Failed to send parameter 23 = 5467
2025-09-26 11:33:58,144 - midi.connection - WARNING - Cannot send message: not connected
2025-09-26 11:33:58,144 - ui.main_window - WARNING - Failed to send parameter 23 = 5079
2025-09-26 11:33:58,162 - midi.connection - WARNING - Cannot send message: not connected
2025-09-26 11:33:58,162 - ui.main_window - WARNING - Failed to send parameter 23 = 4707
2025-09-26 11:33:58,177 - midi.connection - WARNING - Cannot send message: not connected
2025-09-26 11:33:58,177 - ui.main_window - WARNING - Failed to send parameter 23 = 4353
2025-09-26 11:33:58,194 - midi.connection - WARNING - Cannot send message: not connected
2025-09-26 11:33:58,194 - ui.main_window - WARNING - Failed to send parameter 23 = 4016
2025-09-26 11:33:58,212 - midi.connection - WARNING - Cannot send message: not connected
2025-09-26 11:33:58,212 - ui.main_window - WARNING - Failed to send parameter 23 = 3678
2025-09-26 11:33:58,227 - midi.connection - WARNING - Cannot send message: not connected
2025-09-26 11:33:58,227 - ui.main_window - WARNING - Failed to send parameter 23 = 3374
2025-09-26 11:33:58,244 - midi.connection - WARNING - Cannot send message: not connected
2025-09-26 11:33:58,244 - ui.main_window - WARNING - Failed to send parameter 23 = 3088
2025-09-26 11:33:58,262 - midi.connection - WARNING - Cannot send message: not connected
2025-09-26 11:33:58,262 - ui.main_window - WARNING - Failed to send parameter 23 = 2818
2025-09-26 11:33:58,277 - midi.connection - WARNING - Cannot send message: not connected
2025-09-26 11:33:58,277 - ui.main_window - WARNING - Failed to send parameter 23 = 2598
2025-09-26 11:33:58,294 - midi.connection - WARNING - Cannot send message: not connected
2025-09-26 11:33:58,294 - ui.main_window - WARNING - Failed to send parameter 23 = 2413
2025-09-26 11:33:58,313 - midi.connection - WARNING - Cannot send message: not connected
2025-09-26 11:33:58,313 - ui.main_window - WARNING - Failed to send parameter 23 = 2193
2025-09-26 11:33:58,327 - midi.connection - WARNING - Cannot send message: not connected
2025-09-26 11:33:58,327 - ui.main_window - WARNING - Failed to send parameter 23 = 2008
2025-09-26 11:33:58,344 - midi.connection - WARNING - Cannot send message: not connected
2025-09-26 11:33:58,344 - ui.main_window - WARNING - Failed to send parameter 23 = 1856
2025-09-26 11:33:58,363 - midi.connection - WARNING - Cannot send message: not connected
2025-09-26 11:33:58,363 - ui.main_window - WARNING - Failed to send parameter 23 = 1704
2025-09-26 11:33:58,377 - midi.connection - WARNING - Cannot send message: not connected
2025-09-26 11:33:58,377 - ui.main_window - WARNING - Failed to send parameter 23 = 1569
2025-09-26 11:33:58,394 - midi.connection - WARNING - Cannot send message: not connected
2025-09-26 11:33:58,394 - ui.main_window - WARNING - Failed to send parameter 23 = 1384
2025-09-26 11:33:58,412 - midi.connection - WARNING - Cannot send message: not connected
2025-09-26 11:33:58,412 - ui.main_window - WARNING - Failed to send parameter 23 = 1232
2025-09-26 11:33:58,426 - midi.connection - WARNING - Cannot send message: not connected
2025-09-26 11:33:58,426 - ui.main_window - WARNING - Failed to send parameter 23 = 1114
2025-09-26 11:33:58,444 - midi.connection - WARNING - Cannot send message: not connected
2025-09-26 11:33:58,444 - ui.main_window - WARNING - Failed to send parameter 23 = 995
2025-09-26 11:33:58,462 - midi.connection - WARNING - Cannot send message: not connected
2025-09-26 11:33:58,462 - ui.main_window - WARNING - Failed to send parameter 23 = 860
2025-09-26 11:33:58,477 - midi.connection - WARNING - Cannot send message: not connected
2025-09-26 11:33:58,477 - ui.main_window - WARNING - Failed to send parameter 23 = 759
2025-09-26 11:33:58,494 - midi.connection - WARNING - Cannot send message: not connected
2025-09-26 11:33:58,494 - ui.main_window - WARNING - Failed to send parameter 23 = 658
2025-09-26 11:33:58,512 - midi.connection - WARNING - Cannot send message: not connected
2025-09-26 11:33:58,512 - ui.main_window - WARNING - Failed to send parameter 23 = 591
2025-09-26 11:33:58,526 - midi.connection - WARNING - Cannot send message: not connected
2025-09-26 11:33:58,526 - ui.main_window - WARNING - Failed to send parameter 23 = 523
2025-09-26 11:33:58,544 - midi.connection - WARNING - Cannot send message: not connected
2025-09-26 11:33:58,544 - ui.main_window - WARNING - Failed to send parameter 23 = 472
2025-09-26 11:33:58,562 - midi.connection - WARNING - Cannot send message: not connected
2025-09-26 11:33:58,562 - ui.main_window - WARNING - Failed to send parameter 23 = 422
2025-09-26 11:33:58,577 - midi.connection - WARNING - Cannot send message: not connected
2025-09-26 11:33:58,577 - ui.main_window - WARNING - Failed to send parameter 23 = 388
2025-09-26 11:33:58,594 - midi.connection - WARNING - Cannot send message: not connected
2025-09-26 11:33:58,594 - ui.main_window - WARNING - Failed to send parameter 23 = 354
2025-09-26 11:33:58,612 - midi.connection - WARNING - Cannot send message: not connected
2025-09-26 11:33:58,612 - ui.main_window - WARNING - Failed to send parameter 23 = 321
2025-09-26 11:33:58,626 - midi.connection - WARNING - Cannot send message: not connected
2025-09-26 11:33:58,626 - ui.main_window - WARNING - Failed to send parameter 23 = 287
2025-09-26 11:33:58,645 - midi.connection - WARNING - Cannot send message: not connected
2025-09-26 11:33:58,645 - ui.main_window - WARNING - Failed to send parameter 23 = 253
2025-09-26 11:33:58,663 - midi.connection - WARNING - Cannot send message: not connected
2025-09-26 11:33:58,663 - ui.main_window - WARNING - Failed to send parameter 23 = 219
2025-09-26 11:33:58,678 - midi.connection - WARNING - Cannot send message: not connected
2025-09-26 11:33:58,678 - ui.main_window - WARNING - Failed to send parameter 23 = 186
2025-09-26 11:33:58,695 - midi.connection - WARNING - Cannot send message: not connected
2025-09-26 11:33:58,695 - ui.main_window - WARNING - Failed to send parameter 23 = 152
2025-09-26 11:33:58,714 - midi.connection - WARNING - Cannot send message: not connected
2025-09-26 11:33:58,714 - ui.main_window - WARNING - Failed to send parameter 23 = 101
2025-09-26 11:33:58,727 - midi.connection - WARNING - Cannot send message: not connected
2025-09-26 11:33:58,727 - ui.main_window - WARNING - Failed to send parameter 23 = 67
2025-09-26 11:33:58,744 - midi.connection - WARNING - Cannot send message: not connected
2025-09-26 11:33:58,744 - ui.main_window - WARNING - Failed to send parameter 23 = 34
2025-09-26 11:33:58,763 - midi.connection - WARNING - Cannot send message: not connected
2025-09-26 11:33:58,763 - ui.main_window - WARNING - Failed to send parameter 23 = 0
2025-09-26 11:33:59,527 - midi.connection - WARNING - Cannot send message: not connected
2025-09-26 11:33:59,527 - ui.main_window - WARNING - Failed to send parameter 23 = 135
2025-09-26 11:33:59,548 - midi.connection - WARNING - Cannot send message: not connected
2025-09-26 11:33:59,548 - ui.main_window - WARNING - Failed to send parameter 23 = 540
2025-09-26 11:33:59,561 - midi.connection - WARNING - Cannot send message: not connected
2025-09-26 11:33:59,562 - ui.main_window - WARNING - Failed to send parameter 23 = 1029
2025-09-26 11:33:59,578 - midi.connection - WARNING - Cannot send message: not connected
2025-09-26 11:33:59,578 - ui.main_window - WARNING - Failed to send parameter 23 = 1687
2025-09-26 11:33:59,596 - midi.connection - WARNING - Cannot send message: not connected
2025-09-26 11:33:59,596 - ui.main_window - WARNING - Failed to send parameter 23 = 2480
2025-09-26 11:33:59,611 - midi.connection - WARNING - Cannot send message: not connected
2025-09-26 11:33:59,611 - ui.main_window - WARNING - Failed to send parameter 23 = 3341
2025-09-26 11:33:59,627 - midi.connection - WARNING - Cannot send message: not connected
2025-09-26 11:33:59,627 - ui.main_window - WARNING - Failed to send parameter 23 = 4201
2025-09-26 11:33:59,644 - midi.connection - WARNING - Cannot send message: not connected
2025-09-26 11:33:59,644 - ui.main_window - WARNING - Failed to send parameter 23 = 5045
2025-09-26 11:33:59,660 - midi.connection - WARNING - Cannot send message: not connected
2025-09-26 11:33:59,660 - ui.main_window - WARNING - Failed to send parameter 23 = 5888
2025-09-26 11:33:59,678 - midi.connection - WARNING - Cannot send message: not connected
2025-09-26 11:33:59,678 - ui.main_window - WARNING - Failed to send parameter 23 = 6715
2025-09-26 11:33:59,695 - midi.connection - WARNING - Cannot send message: not connected
2025-09-26 11:33:59,695 - ui.main_window - WARNING - Failed to send parameter 23 = 7559
2025-09-26 11:33:59,710 - midi.connection - WARNING - Cannot send message: not connected
2025-09-26 11:33:59,710 - ui.main_window - WARNING - Failed to send parameter 23 = 8369
2025-09-26 11:33:59,728 - midi.connection - WARNING - Cannot send message: not connected
2025-09-26 11:33:59,728 - ui.main_window - WARNING - Failed to send parameter 23 = 9145
2025-09-26 11:33:59,747 - midi.connection - WARNING - Cannot send message: not connected
2025-09-26 11:33:59,747 - ui.main_window - WARNING - Failed to send parameter 23 = 9769
2025-09-26 11:33:59,759 - midi.connection - WARNING - Cannot send message: not connected
2025-09-26 11:33:59,759 - ui.main_window - WARNING - Failed to send parameter 23 = 10275
2025-09-26 11:33:59,776 - midi.connection - WARNING - Cannot send message: not connected
2025-09-26 11:33:59,776 - ui.main_window - WARNING - Failed to send parameter 23 = 10748
2025-09-26 11:33:59,794 - midi.connection - WARNING - Cannot send message: not connected
2025-09-26 11:33:59,794 - ui.main_window - WARNING - Failed to send parameter 23 = 11237
2025-09-26 11:33:59,810 - midi.connection - WARNING - Cannot send message: not connected
2025-09-26 11:33:59,810 - ui.main_window - WARNING - Failed to send parameter 23 = 11693
2025-09-26 11:33:59,827 - midi.connection - WARNING - Cannot send message: not connected
2025-09-26 11:33:59,827 - ui.main_window - WARNING - Failed to send parameter 23 = 12114
2025-09-26 11:33:59,845 - midi.connection - WARNING - Cannot send message: not connected
2025-09-26 11:33:59,845 - ui.main_window - WARNING - Failed to send parameter 23 = 12502
2025-09-26 11:33:59,861 - midi.connection - WARNING - Cannot send message: not connected
2025-09-26 11:33:59,861 - ui.main_window - WARNING - Failed to send parameter 23 = 12840
2025-09-26 11:33:59,879 - midi.connection - WARNING - Cannot send message: not connected
2025-09-26 11:33:59,879 - ui.main_window - WARNING - Failed to send parameter 23 = 13144
2025-09-26 11:33:59,894 - midi.connection - WARNING - Cannot send message: not connected
2025-09-26 11:33:59,894 - ui.main_window - WARNING - Failed to send parameter 23 = 13447
2025-09-26 11:33:59,911 - midi.connection - WARNING - Cannot send message: not connected
2025-09-26 11:33:59,911 - ui.main_window - WARNING - Failed to send parameter 23 = 13717
2025-09-26 11:33:59,929 - midi.connection - WARNING - Cannot send message: not connected
2025-09-26 11:33:59,929 - ui.main_window - WARNING - Failed to send parameter 23 = 13987
2025-09-26 11:33:59,944 - midi.connection - WARNING - Cannot send message: not connected
2025-09-26 11:33:59,944 - ui.main_window - WARNING - Failed to send parameter 23 = 14223
2025-09-26 11:33:59,961 - midi.connection - WARNING - Cannot send message: not connected
2025-09-26 11:33:59,961 - ui.main_window - WARNING - Failed to send parameter 23 = 14443
2025-09-26 11:33:59,980 - midi.connection - WARNING - Cannot send message: not connected
2025-09-26 11:33:59,980 - ui.main_window - WARNING - Failed to send parameter 23 = 14662
2025-09-26 11:33:59,995 - midi.connection - WARNING - Cannot send message: not connected
2025-09-26 11:33:59,995 - ui.main_window - WARNING - Failed to send parameter 23 = 14864
2025-09-26 11:34:00,016 - midi.connection - WARNING - Cannot send message: not connected
2025-09-26 11:34:00,016 - ui.main_window - WARNING - Failed to send parameter 23 = 15050
2025-09-26 11:34:00,029 - midi.connection - WARNING - Cannot send message: not connected
2025-09-26 11:34:00,029 - ui.main_window - WARNING - Failed to send parameter 23 = 15236
2025-09-26 11:34:00,044 - midi.connection - WARNING - Cannot send message: not connected
2025-09-26 11:34:00,044 - ui.main_window - WARNING - Failed to send parameter 23 = 15404
2025-09-26 11:34:00,060 - midi.connection - WARNING - Cannot send message: not connected
2025-09-26 11:34:00,060 - ui.main_window - WARNING - Failed to send parameter 23 = 15590
2025-09-26 11:34:00,078 - midi.connection - WARNING - Cannot send message: not connected
2025-09-26 11:34:00,078 - ui.main_window - WARNING - Failed to send parameter 23 = 15759
2025-09-26 11:34:00,097 - midi.connection - WARNING - Cannot send message: not connected
2025-09-26 11:34:00,097 - ui.main_window - WARNING - Failed to send parameter 23 = 15894
2025-09-26 11:34:00,111 - midi.connection - WARNING - Cannot send message: not connected
2025-09-26 11:34:00,112 - ui.main_window - WARNING - Failed to send parameter 23 = 16029
2025-09-26 11:34:00,129 - midi.connection - WARNING - Cannot send message: not connected
2025-09-26 11:34:00,129 - ui.main_window - WARNING - Failed to send parameter 23 = 16130
2025-09-26 11:34:00,144 - midi.connection - WARNING - Cannot send message: not connected
2025-09-26 11:34:00,144 - ui.main_window - WARNING - Failed to send parameter 23 = 16231
2025-09-26 11:34:00,161 - midi.connection - WARNING - Cannot send message: not connected
2025-09-26 11:34:00,161 - ui.main_window - WARNING - Failed to send parameter 23 = 16332
2025-09-26 11:34:00,180 - midi.connection - WARNING - Cannot send message: not connected
2025-09-26 11:34:00,180 - ui.main_window - WARNING - Failed to send parameter 23 = 16383
2025-09-26 11:34:11,844 - midi.connection - WARNING - Cannot send message: not connected
2025-09-26 11:34:11,844 - ui.main_window - WARNING - Failed to send parameter 23 = 16062
2025-09-26 11:34:11,864 - midi.connection - WARNING - Cannot send message: not connected
2025-09-26 11:34:11,864 - ui.main_window - WARNING - Failed to send parameter 23 = 15708
2025-09-26 11:34:11,878 - midi.connection - WARNING - Cannot send message: not connected
2025-09-26 11:34:11,878 - ui.main_window - WARNING - Failed to send parameter 23 = 15371
2025-09-26 11:34:11,895 - midi.connection - WARNING - Cannot send message: not connected
2025-09-26 11:34:11,895 - ui.main_window - WARNING - Failed to send parameter 23 = 15033
2025-09-26 11:34:11,914 - midi.connection - WARNING - Cannot send message: not connected
2025-09-26 11:34:11,914 - ui.main_window - WARNING - Failed to send parameter 23 = 14730
2025-09-26 11:34:11,928 - midi.connection - WARNING - Cannot send message: not connected
2025-09-26 11:34:11,928 - ui.main_window - WARNING - Failed to send parameter 23 = 14460
2025-09-26 11:34:11,945 - midi.connection - WARNING - Cannot send message: not connected
2025-09-26 11:34:11,945 - ui.main_window - WARNING - Failed to send parameter 23 = 14173
2025-09-26 11:34:11,964 - midi.connection - WARNING - Cannot send message: not connected
2025-09-26 11:34:11,964 - ui.main_window - WARNING - Failed to send parameter 23 = 13869
2025-09-26 11:34:11,977 - midi.connection - WARNING - Cannot send message: not connected
2025-09-26 11:34:11,977 - ui.main_window - WARNING - Failed to send parameter 23 = 13582
2025-09-26 11:34:11,995 - midi.connection - WARNING - Cannot send message: not connected
2025-09-26 11:34:11,995 - ui.main_window - WARNING - Failed to send parameter 23 = 13278
2025-09-26 11:34:12,014 - midi.connection - WARNING - Cannot send message: not connected
2025-09-26 11:34:12,014 - ui.main_window - WARNING - Failed to send parameter 23 = 12975
2025-09-26 11:34:12,028 - midi.connection - WARNING - Cannot send message: not connected
2025-09-26 11:34:12,028 - ui.main_window - WARNING - Failed to send parameter 23 = 12688
2025-09-26 11:34:12,046 - midi.connection - WARNING - Cannot send message: not connected
2025-09-26 11:34:12,046 - ui.main_window - WARNING - Failed to send parameter 23 = 12469
2025-09-26 11:34:12,064 - midi.connection - WARNING - Cannot send message: not connected
2025-09-26 11:34:12,064 - ui.main_window - WARNING - Failed to send parameter 23 = 12266
2025-09-26 11:34:12,078 - midi.connection - WARNING - Cannot send message: not connected
2025-09-26 11:34:12,078 - ui.main_window - WARNING - Failed to send parameter 23 = 12064
2025-09-26 11:34:12,095 - midi.connection - WARNING - Cannot send message: not connected
2025-09-26 11:34:12,095 - ui.main_window - WARNING - Failed to send parameter 23 = 11895
2025-09-26 11:34:12,112 - midi.connection - WARNING - Cannot send message: not connected
2025-09-26 11:34:12,113 - ui.main_window - WARNING - Failed to send parameter 23 = 11726
2025-09-26 11:34:12,128 - midi.connection - WARNING - Cannot send message: not connected
2025-09-26 11:34:12,128 - ui.main_window - WARNING - Failed to send parameter 23 = 11591
2025-09-26 11:34:12,145 - midi.connection - WARNING - Cannot send message: not connected
2025-09-26 11:34:12,146 - ui.main_window - WARNING - Failed to send parameter 23 = 11456
2025-09-26 11:34:12,163 - midi.connection - WARNING - Cannot send message: not connected
2025-09-26 11:34:12,163 - ui.main_window - WARNING - Failed to send parameter 23 = 11338
2025-09-26 11:34:12,179 - midi.connection - WARNING - Cannot send message: not connected
2025-09-26 11:34:12,179 - ui.main_window - WARNING - Failed to send parameter 23 = 11220
2025-09-26 11:34:12,195 - midi.connection - WARNING - Cannot send message: not connected
2025-09-26 11:34:12,195 - ui.main_window - WARNING - Failed to send parameter 23 = 11136
2025-09-26 11:34:12,213 - midi.connection - WARNING - Cannot send message: not connected
2025-09-26 11:34:12,213 - ui.main_window - WARNING - Failed to send parameter 23 = 11034
2025-09-26 11:34:12,228 - midi.connection - WARNING - Cannot send message: not connected
2025-09-26 11:34:12,228 - ui.main_window - WARNING - Failed to send parameter 23 = 10933
2025-09-26 11:34:12,245 - midi.connection - WARNING - Cannot send message: not connected
2025-09-26 11:34:12,245 - ui.main_window - WARNING - Failed to send parameter 23 = 10849
2025-09-26 11:34:12,263 - midi.connection - WARNING - Cannot send message: not connected
2025-09-26 11:34:12,263 - ui.main_window - WARNING - Failed to send parameter 23 = 10765
2025-09-26 11:34:12,278 - midi.connection - WARNING - Cannot send message: not connected
2025-09-26 11:34:12,278 - ui.main_window - WARNING - Failed to send parameter 23 = 10663
2025-09-26 11:34:12,295 - midi.connection - WARNING - Cannot send message: not connected
2025-09-26 11:34:12,295 - ui.main_window - WARNING - Failed to send parameter 23 = 10562
2025-09-26 11:34:12,314 - midi.connection - WARNING - Cannot send message: not connected
2025-09-26 11:34:12,314 - ui.main_window - WARNING - Failed to send parameter 23 = 10461
2025-09-26 11:34:12,328 - midi.connection - WARNING - Cannot send message: not connected
2025-09-26 11:34:12,328 - ui.main_window - WARNING - Failed to send parameter 23 = 10376
2025-09-26 11:34:12,346 - midi.connection - WARNING - Cannot send message: not connected
2025-09-26 11:34:12,346 - ui.main_window - WARNING - Failed to send parameter 23 = 10292
2025-09-26 11:34:12,364 - midi.connection - WARNING - Cannot send message: not connected
2025-09-26 11:34:12,364 - ui.main_window - WARNING - Failed to send parameter 23 = 10208
2025-09-26 11:34:12,378 - midi.connection - WARNING - Cannot send message: not connected
2025-09-26 11:34:12,378 - ui.main_window - WARNING - Failed to send parameter 23 = 10140
2025-09-26 11:34:12,395 - midi.connection - WARNING - Cannot send message: not connected
2025-09-26 11:34:12,395 - ui.main_window - WARNING - Failed to send parameter 23 = 10073
2025-09-26 11:34:12,412 - midi.connection - WARNING - Cannot send message: not connected
2025-09-26 11:34:12,412 - ui.main_window - WARNING - Failed to send parameter 23 = 10022
2025-09-26 11:34:12,427 - midi.connection - WARNING - Cannot send message: not connected
2025-09-26 11:34:12,427 - ui.main_window - WARNING - Failed to send parameter 23 = 9972
2025-09-26 11:34:12,444 - midi.connection - WARNING - Cannot send message: not connected
2025-09-26 11:34:12,444 - ui.main_window - WARNING - Failed to send parameter 23 = 9938
2025-09-26 11:34:12,463 - midi.connection - WARNING - Cannot send message: not connected
2025-09-26 11:34:12,463 - ui.main_window - WARNING - Failed to send parameter 23 = 9921
2025-09-26 11:34:12,477 - midi.connection - WARNING - Cannot send message: not connected
2025-09-26 11:34:12,477 - ui.main_window - WARNING - Failed to send parameter 23 = 9887
2025-09-26 11:34:12,494 - midi.connection - WARNING - Cannot send message: not connected
2025-09-26 11:34:12,494 - ui.main_window - WARNING - Failed to send parameter 23 = 9853
2025-09-26 11:34:12,512 - midi.connection - WARNING - Cannot send message: not connected
2025-09-26 11:34:12,512 - ui.main_window - WARNING - Failed to send parameter 23 = 9820
2025-09-26 11:34:12,528 - midi.connection - WARNING - Cannot send message: not connected
2025-09-26 11:34:12,528 - ui.main_window - WARNING - Failed to send parameter 23 = 9786
2025-09-26 11:34:12,545 - midi.connection - WARNING - Cannot send message: not connected
2025-09-26 11:34:12,545 - ui.main_window - WARNING - Failed to send parameter 23 = 9752
2025-09-26 11:34:12,563 - midi.connection - WARNING - Cannot send message: not connected
2025-09-26 11:34:12,563 - ui.main_window - WARNING - Failed to send parameter 23 = 9718
2025-09-26 11:34:12,577 - midi.connection - WARNING - Cannot send message: not connected
2025-09-26 11:34:12,577 - ui.main_window - WARNING - Failed to send parameter 23 = 9668
2025-09-26 11:34:12,595 - midi.connection - WARNING - Cannot send message: not connected
2025-09-26 11:34:12,595 - ui.main_window - WARNING - Failed to send parameter 23 = 9634
2025-09-26 11:34:12,613 - midi.connection - WARNING - Cannot send message: not connected
2025-09-26 11:34:12,613 - ui.main_window - WARNING - Failed to send parameter 23 = 9600
2025-09-26 11:34:12,628 - midi.connection - WARNING - Cannot send message: not connected
2025-09-26 11:34:12,628 - ui.main_window - WARNING - Failed to send parameter 23 = 9567
2025-09-26 11:34:12,644 - midi.connection - WARNING - Cannot send message: not connected
2025-09-26 11:34:12,644 - ui.main_window - WARNING - Failed to send parameter 23 = 9533
2025-09-26 11:34:12,663 - midi.connection - WARNING - Cannot send message: not connected
2025-09-26 11:34:12,663 - ui.main_window - WARNING - Failed to send parameter 23 = 9499
2025-09-26 11:34:12,678 - midi.connection - WARNING - Cannot send message: not connected
2025-09-26 11:34:12,678 - ui.main_window - WARNING - Failed to send parameter 23 = 9465
2025-09-26 11:34:12,694 - midi.connection - WARNING - Cannot send message: not connected
2025-09-26 11:34:12,694 - ui.main_window - WARNING - Failed to send parameter 23 = 9432
2025-09-26 11:34:12,712 - midi.connection - WARNING - Cannot send message: not connected
2025-09-26 11:34:12,712 - ui.main_window - WARNING - Failed to send parameter 23 = 9398
2025-09-26 11:34:12,728 - midi.connection - WARNING - Cannot send message: not connected
2025-09-26 11:34:12,728 - ui.main_window - WARNING - Failed to send parameter 23 = 9364
2025-09-26 11:34:12,744 - midi.connection - WARNING - Cannot send message: not connected
2025-09-26 11:34:12,744 - ui.main_window - WARNING - Failed to send parameter 23 = 9330
2025-09-26 11:34:12,762 - midi.connection - WARNING - Cannot send message: not connected
2025-09-26 11:34:12,762 - ui.main_window - WARNING - Failed to send parameter 23 = 9297
2025-09-26 11:34:12,778 - midi.connection - WARNING - Cannot send message: not connected
2025-09-26 11:34:12,778 - ui.main_window - WARNING - Failed to send parameter 23 = 9280
2025-09-26 11:34:12,794 - midi.connection - WARNING - Cannot send message: not connected
2025-09-26 11:34:12,794 - ui.main_window - WARNING - Failed to send parameter 23 = 9246
2025-09-26 11:34:12,826 - midi.connection - WARNING - Cannot send message: not connected
2025-09-26 11:34:12,826 - ui.main_window - WARNING - Failed to send parameter 23 = 9229
2025-09-26 11:34:12,947 - midi.connection - WARNING - Cannot send message: not connected
2025-09-26 11:34:12,947 - ui.main_window - WARNING - Failed to send parameter 23 = 9212
2025-09-26 11:34:13,078 - midi.connection - WARNING - Cannot send message: not connected
2025-09-26 11:34:13,078 - ui.main_window - WARNING - Failed to send parameter 23 = 9195
2025-09-26 11:34:13,110 - midi.connection - WARNING - Cannot send message: not connected
2025-09-26 11:34:13,110 - ui.main_window - WARNING - Failed to send parameter 23 = 9179
2025-09-26 11:34:13,146 - midi.connection - WARNING - Cannot send message: not connected
2025-09-26 11:34:13,146 - ui.main_window - WARNING - Failed to send parameter 23 = 9162
2025-09-26 11:34:13,163 - midi.connection - WARNING - Cannot send message: not connected
2025-09-26 11:34:13,163 - ui.main_window - WARNING - Failed to send parameter 23 = 9145
2025-09-26 11:34:13,180 - midi.connection - WARNING - Cannot send message: not connected
2025-09-26 11:34:13,180 - ui.main_window - WARNING - Failed to send parameter 23 = 9111
2025-09-26 11:34:13,195 - midi.connection - WARNING - Cannot send message: not connected
2025-09-26 11:34:13,195 - ui.main_window - WARNING - Failed to send parameter 23 = 9077
2025-09-26 11:34:13,213 - midi.connection - WARNING - Cannot send message: not connected
2025-09-26 11:34:13,213 - ui.main_window - WARNING - Failed to send parameter 23 = 9060
2025-09-26 11:34:13,228 - midi.connection - WARNING - Cannot send message: not connected
2025-09-26 11:34:13,228 - ui.main_window - WARNING - Failed to send parameter 23 = 9027
2025-09-26 11:34:13,246 - midi.connection - WARNING - Cannot send message: not connected
2025-09-26 11:34:13,247 - ui.main_window - WARNING - Failed to send parameter 23 = 8993
2025-09-26 11:34:13,263 - midi.connection - WARNING - Cannot send message: not connected
2025-09-26 11:34:13,263 - ui.main_window - WARNING - Failed to send parameter 23 = 8976
2025-09-26 11:34:13,278 - midi.connection - WARNING - Cannot send message: not connected
2025-09-26 11:34:13,278 - ui.main_window - WARNING - Failed to send parameter 23 = 8942
2025-09-26 11:34:13,295 - midi.connection - WARNING - Cannot send message: not connected
2025-09-26 11:34:13,295 - ui.main_window - WARNING - Failed to send parameter 23 = 8925
2025-09-26 11:34:13,313 - midi.connection - WARNING - Cannot send message: not connected
2025-09-26 11:34:13,313 - ui.main_window - WARNING - Failed to send parameter 23 = 8909
2025-09-26 11:34:13,328 - midi.connection - WARNING - Cannot send message: not connected
2025-09-26 11:34:13,328 - ui.main_window - WARNING - Failed to send parameter 23 = 8892
2025-09-26 11:34:13,361 - midi.connection - WARNING - Cannot send message: not connected
2025-09-26 11:34:13,361 - ui.main_window - WARNING - Failed to send parameter 23 = 8875
2025-09-26 11:34:13,379 - midi.connection - WARNING - Cannot send message: not connected
2025-09-26 11:34:13,379 - ui.main_window - WARNING - Failed to send parameter 23 = 8858
2025-09-26 11:34:13,396 - midi.connection - WARNING - Cannot send message: not connected
2025-09-26 11:34:13,396 - ui.main_window - WARNING - Failed to send parameter 23 = 8841
2025-09-26 11:34:13,413 - midi.connection - WARNING - Cannot send message: not connected
2025-09-26 11:34:13,413 - ui.main_window - WARNING - Failed to send parameter 23 = 8824
2025-09-26 11:34:13,431 - midi.connection - WARNING - Cannot send message: not connected
2025-09-26 11:34:13,431 - ui.main_window - WARNING - Failed to send parameter 23 = 8807
2025-09-26 11:34:13,445 - midi.connection - WARNING - Cannot send message: not connected
2025-09-26 11:34:13,445 - ui.main_window - WARNING - Failed to send parameter 23 = 8790
2025-09-26 11:34:13,461 - midi.connection - WARNING - Cannot send message: not connected
2025-09-26 11:34:13,461 - ui.main_window - WARNING - Failed to send parameter 23 = 8774
2025-09-26 11:34:13,479 - midi.connection - WARNING - Cannot send message: not connected
2025-09-26 11:34:13,479 - ui.main_window - WARNING - Failed to send parameter 23 = 8757
2025-09-26 11:34:13,495 - midi.connection - WARNING - Cannot send message: not connected
2025-09-26 11:34:13,495 - ui.main_window - WARNING - Failed to send parameter 23 = 8740
2025-09-26 11:34:13,514 - midi.connection - WARNING - Cannot send message: not connected
2025-09-26 11:34:13,514 - ui.main_window - WARNING - Failed to send parameter 23 = 8723
2025-09-26 11:34:13,528 - midi.connection - WARNING - Cannot send message: not connected
2025-09-26 11:34:13,528 - ui.main_window - WARNING - Failed to send parameter 23 = 8706
2025-09-26 11:34:13,545 - midi.connection - WARNING - Cannot send message: not connected
2025-09-26 11:34:13,545 - ui.main_window - WARNING - Failed to send parameter 23 = 8689
2025-09-26 11:34:13,564 - midi.connection - WARNING - Cannot send message: not connected
2025-09-26 11:34:13,564 - ui.main_window - WARNING - Failed to send parameter 23 = 8672
2025-09-26 11:34:13,595 - midi.connection - WARNING - Cannot send message: not connected
2025-09-26 11:34:13,595 - ui.main_window - WARNING - Failed to send parameter 23 = 8655
2025-09-26 11:34:13,626 - midi.connection - WARNING - Cannot send message: not connected
2025-09-26 11:34:13,626 - ui.main_window - WARNING - Failed to send parameter 23 = 8639
2025-09-26 11:34:13,660 - midi.connection - WARNING - Cannot send message: not connected
2025-09-26 11:34:13,660 - ui.main_window - WARNING - Failed to send parameter 23 = 8622
2025-09-26 11:34:13,680 - midi.connection - WARNING - Cannot send message: not connected
2025-09-26 11:34:13,680 - ui.main_window - WARNING - Failed to send parameter 23 = 8605
2025-09-26 11:34:13,727 - midi.connection - WARNING - Cannot send message: not connected
2025-09-26 11:34:13,727 - ui.main_window - WARNING - Failed to send parameter 23 = 8588
2025-09-26 11:34:13,860 - midi.connection - WARNING - Cannot send message: not connected
2025-09-26 11:34:13,860 - ui.main_window - WARNING - Failed to send parameter 23 = 8571
2025-09-26 11:34:13,978 - midi.connection - WARNING - Cannot send message: not connected
2025-09-26 11:34:13,978 - ui.main_window - WARNING - Failed to send parameter 23 = 8554
2025-09-26 11:34:14,010 - midi.connection - WARNING - Cannot send message: not connected
2025-09-26 11:34:14,011 - ui.main_window - WARNING - Failed to send parameter 23 = 8537
2025-09-26 11:34:14,046 - midi.connection - WARNING - Cannot send message: not connected
2025-09-26 11:34:14,046 - ui.main_window - WARNING - Failed to send parameter 23 = 8504
2025-09-26 11:34:14,063 - midi.connection - WARNING - Cannot send message: not connected
2025-09-26 11:34:14,063 - ui.main_window - WARNING - Failed to send parameter 23 = 8487
2025-09-26 11:34:14,080 - midi.connection - WARNING - Cannot send message: not connected
2025-09-26 11:34:14,080 - ui.main_window - WARNING - Failed to send parameter 23 = 8470
2025-09-26 11:34:14,097 - midi.connection - WARNING - Cannot send message: not connected
2025-09-26 11:34:14,097 - ui.main_window - WARNING - Failed to send parameter 23 = 8453
2025-09-26 11:34:14,126 - midi.connection - WARNING - Cannot send message: not connected
2025-09-26 11:34:14,127 - ui.main_window - WARNING - Failed to send parameter 23 = 8436
2025-09-26 11:34:14,162 - midi.connection - WARNING - Cannot send message: not connected
2025-09-26 11:34:14,162 - ui.main_window - WARNING - Failed to send parameter 23 = 8419
2025-09-26 11:34:14,230 - midi.connection - WARNING - Cannot send message: not connected
2025-09-26 11:34:14,230 - ui.main_window - WARNING - Failed to send parameter 23 = 8402
2025-09-26 11:34:14,328 - midi.connection - WARNING - Cannot send message: not connected
2025-09-26 11:34:14,328 - ui.main_window - WARNING - Failed to send parameter 23 = 8386
2025-09-26 11:34:14,444 - midi.connection - WARNING - Cannot send message: not connected
2025-09-26 11:34:14,445 - ui.main_window - WARNING - Failed to send parameter 23 = 8369
2025-09-26 11:34:14,513 - midi.connection - WARNING - Cannot send message: not connected
2025-09-26 11:34:14,513 - ui.main_window - WARNING - Failed to send parameter 23 = 8352
2025-09-26 11:34:14,561 - midi.connection - WARNING - Cannot send message: not connected
2025-09-26 11:34:14,561 - ui.main_window - WARNING - Failed to send parameter 23 = 8335
2025-09-26 11:34:14,611 - midi.connection - WARNING - Cannot send message: not connected
2025-09-26 11:34:14,611 - ui.main_window - WARNING - Failed to send parameter 23 = 8318
2025-09-26 11:34:14,644 - midi.connection - WARNING - Cannot send message: not connected
2025-09-26 11:34:14,644 - ui.main_window - WARNING - Failed to send parameter 23 = 8301
2025-09-26 11:34:14,679 - midi.connection - WARNING - Cannot send message: not connected
2025-09-26 11:34:14,679 - ui.main_window - WARNING - Failed to send parameter 23 = 8284
2025-09-26 11:34:14,710 - midi.connection - WARNING - Cannot send message: not connected
2025-09-26 11:34:14,710 - ui.main_window - WARNING - Failed to send parameter 23 = 8267
2025-09-26 11:34:14,778 - midi.connection - WARNING - Cannot send message: not connected
2025-09-26 11:34:14,778 - ui.main_window - WARNING - Failed to send parameter 23 = 8251
2025-09-26 11:34:14,827 - midi.connection - WARNING - Cannot send message: not connected
2025-09-26 11:34:14,827 - ui.main_window - WARNING - Failed to send parameter 23 = 8234
2025-09-26 11:34:14,911 - midi.connection - WARNING - Cannot send message: not connected
2025-09-26 11:34:14,911 - ui.main_window - WARNING - Failed to send parameter 23 = 8217
2025-09-26 11:34:15,578 - midi.connection - WARNING - Cannot send message: not connected
2025-09-26 11:34:15,578 - ui.main_window - WARNING - Failed to send parameter 23 = 8200
2025-09-26 11:34:16,500 - midi.connection - WARNING - Cannot send message: not connected
2025-09-26 11:34:16,501 - ui.main_window - WARNING - Failed to send parameter 23 = 8183
2025-09-26 11:34:19,128 - midi.connection - WARNING - Cannot send message: not connected
2025-09-26 11:34:19,128 - ui.main_window - WARNING - Failed to send parameter 23 = 8200
2025-09-26 11:34:19,761 - midi.connection - WARNING - Cannot send message: not connected
2025-09-26 11:34:19,761 - ui.main_window - WARNING - Failed to send parameter 23 = 8217
2025-09-26 11:34:22,463 - midi.connection - WARNING - Cannot send message: not connected
2025-09-26 11:34:22,463 - ui.main_window - WARNING - Failed to send parameter 23 = 8216
2025-09-26 11:34:23,228 - midi.connection - WARNING - Cannot send message: not connected
2025-09-26 11:34:23,228 - ui.main_window - WARNING - Failed to send parameter 23 = 8215
2025-09-26 11:34:23,511 - midi.connection - WARNING - Cannot send message: not connected
2025-09-26 11:34:23,511 - ui.main_window - WARNING - Failed to send parameter 23 = 8214
2025-09-26 11:34:23,711 - midi.connection - WARNING - Cannot send message: not connected
2025-09-26 11:34:23,711 - ui.main_window - WARNING - Failed to send parameter 23 = 8213
2025-09-26 11:34:23,894 - midi.connection - WARNING - Cannot send message: not connected
2025-09-26 11:34:23,894 - ui.main_window - WARNING - Failed to send parameter 23 = 8212
2025-09-26 11:34:24,294 - midi.connection - WARNING - Cannot send message: not connected
2025-09-26 11:34:24,294 - ui.main_window - WARNING - Failed to send parameter 23 = 8211
2025-09-26 11:34:24,411 - midi.connection - WARNING - Cannot send message: not connected
2025-09-26 11:34:24,411 - ui.main_window - WARNING - Failed to send parameter 23 = 8210
2025-09-26 11:34:24,581 - midi.connection - WARNING - Cannot send message: not connected
2025-09-26 11:34:24,581 - ui.main_window - WARNING - Failed to send parameter 23 = 8209
2025-09-26 11:34:24,711 - midi.connection - WARNING - Cannot send message: not connected
2025-09-26 11:34:24,711 - ui.main_window - WARNING - Failed to send parameter 23 = 8208
2025-09-26 11:34:24,861 - midi.connection - WARNING - Cannot send message: not connected
2025-09-26 11:34:24,861 - ui.main_window - WARNING - Failed to send parameter 23 = 8207
2025-09-26 11:34:24,978 - midi.connection - WARNING - Cannot send message: not connected
2025-09-26 11:34:24,978 - ui.main_window - WARNING - Failed to send parameter 23 = 8206
2025-09-26 11:34:25,111 - midi.connection - WARNING - Cannot send message: not connected
2025-09-26 11:34:25,111 - ui.main_window - WARNING - Failed to send parameter 23 = 8205
2025-09-26 11:34:25,261 - midi.connection - WARNING - Cannot send message: not connected
2025-09-26 11:34:25,262 - ui.main_window - WARNING - Failed to send parameter 23 = 8204
2025-09-26 11:34:25,394 - midi.connection - WARNING - Cannot send message: not connected
2025-09-26 11:34:25,394 - ui.main_window - WARNING - Failed to send parameter 23 = 8203
2025-09-26 11:34:25,511 - midi.connection - WARNING - Cannot send message: not connected
2025-09-26 11:34:25,511 - ui.main_window - WARNING - Failed to send parameter 23 = 8202
2025-09-26 11:34:26,911 - midi.connection - WARNING - Cannot send message: not connected
2025-09-26 11:34:26,911 - ui.main_window - WARNING - Failed to send parameter 23 = 8201
2025-09-26 11:34:27,044 - midi.connection - WARNING - Cannot send message: not connected
2025-09-26 11:34:27,044 - ui.main_window - WARNING - Failed to send parameter 23 = 8200
2025-09-26 11:34:27,144 - midi.connection - WARNING - Cannot send message: not connected
2025-09-26 11:34:27,144 - ui.main_window - WARNING - Failed to send parameter 23 = 8199
2025-09-26 11:34:27,427 - midi.connection - WARNING - Cannot send message: not connected
2025-09-26 11:34:27,428 - ui.main_window - WARNING - Failed to send parameter 23 = 8198
2025-09-26 11:34:27,561 - midi.connection - WARNING - Cannot send message: not connected
2025-09-26 11:34:27,562 - ui.main_window - WARNING - Failed to send parameter 23 = 8197
2025-09-26 11:34:27,678 - midi.connection - WARNING - Cannot send message: not connected
2025-09-26 11:34:27,678 - ui.main_window - WARNING - Failed to send parameter 23 = 8196
2025-09-26 11:34:27,811 - midi.connection - WARNING - Cannot send message: not connected
2025-09-26 11:34:27,811 - ui.main_window - WARNING - Failed to send parameter 23 = 8195
2025-09-26 11:34:27,961 - midi.connection - WARNING - Cannot send message: not connected
2025-09-26 11:34:27,961 - ui.main_window - WARNING - Failed to send parameter 23 = 8194
2025-09-26 11:34:28,094 - midi.connection - WARNING - Cannot send message: not connected
2025-09-26 11:34:28,095 - ui.main_window - WARNING - Failed to send parameter 23 = 8193
2025-09-26 11:34:28,244 - midi.connection - WARNING - Cannot send message: not connected
2025-09-26 11:34:28,244 - ui.main_window - WARNING - Failed to send parameter 23 = 8192
2025-09-26 11:34:28,378 - midi.connection - WARNING - Cannot send message: not connected
2025-09-26 11:34:28,378 - ui.main_window - WARNING - Failed to send parameter 23 = 8191
2025-09-26 11:34:28,511 - midi.connection - WARNING - Cannot send message: not connected
2025-09-26 11:34:28,511 - ui.main_window - WARNING - Failed to send parameter 23 = 8190
2025-09-26 11:34:28,665 - midi.connection - WARNING - Cannot send message: not connected
2025-09-26 11:34:28,665 - ui.main_window - WARNING - Failed to send parameter 23 = 8189
2025-09-26 11:34:28,794 - midi.connection - WARNING - Cannot send message: not connected
2025-09-26 11:34:28,794 - ui.main_window - WARNING - Failed to send parameter 23 = 8188
2025-09-26 11:34:30,828 - midi.connection - WARNING - Cannot send message: not connected
2025-09-26 11:34:30,828 - ui.main_window - WARNING - Failed to send parameter 23 = 8189
2025-09-26 11:34:31,078 - midi.connection - WARNING - Cannot send message: not connected
2025-09-26 11:34:31,078 - ui.main_window - WARNING - Failed to send parameter 23 = 8190
2025-09-26 11:34:31,694 - midi.connection - WARNING - Cannot send message: not connected
2025-09-26 11:34:31,695 - ui.main_window - WARNING - Failed to send parameter 23 = 8191
2025-09-26 11:34:31,927 - midi.connection - WARNING - Cannot send message: not connected
2025-09-26 11:34:31,928 - ui.main_window - WARNING - Failed to send parameter 23 = 8192
2025-09-26 11:34:34,029 - midi.connection - WARNING - Cannot send message: not connected
2025-09-26 11:34:34,029 - ui.main_window - WARNING - Failed to send parameter 23 = 8284
2025-09-26 11:34:34,413 - midi.connection - WARNING - Cannot send message: not connected
2025-09-26 11:34:34,413 - ui.main_window - WARNING - Failed to send parameter 23 = 8217
2025-09-26 11:34:34,462 - midi.connection - WARNING - Cannot send message: not connected
2025-09-26 11:34:34,463 - ui.main_window - WARNING - Failed to send parameter 23 = 8200
2025-09-26 11:34:34,512 - midi.connection - WARNING - Cannot send message: not connected
2025-09-26 11:34:34,512 - ui.main_window - WARNING - Failed to send parameter 23 = 8183
2025-09-26 11:34:34,580 - midi.connection - WARNING - Cannot send message: not connected
2025-09-26 11:34:34,581 - ui.main_window - WARNING - Failed to send parameter 23 = 8166
2025-09-26 11:34:35,161 - midi.connection - WARNING - Cannot send message: not connected
2025-09-26 11:34:35,162 - ui.main_window - WARNING - Failed to send parameter 23 = 8183
2025-09-26 11:34:35,562 - midi.connection - WARNING - Cannot send message: not connected
2025-09-26 11:34:35,562 - ui.main_window - WARNING - Failed to send parameter 23 = 8200
2025-09-26 11:34:37,795 - midi.connection - WARNING - Cannot send message: not connected
2025-09-26 11:34:37,795 - ui.main_window - WARNING - Failed to send parameter 23 = 8183
2025-09-26 11:34:38,479 - midi.connection - WARNING - Cannot send message: not connected
2025-09-26 11:34:38,480 - ui.main_window - WARNING - Failed to send parameter 23 = 8200
2025-09-26 11:34:45,995 - midi.connection - WARNING - Cannot send message: not connected
2025-09-26 11:34:45,996 - ui.main_window - WARNING - Failed to send parameter 23 = 8199
2025-09-26 11:34:47,162 - midi.connection - WARNING - Cannot send message: not connected
2025-09-26 11:34:47,163 - ui.main_window - WARNING - Failed to send parameter 23 = 8198
2025-09-26 11:34:47,595 - midi.connection - WARNING - Cannot send message: not connected
2025-09-26 11:34:47,596 - ui.main_window - WARNING - Failed to send parameter 23 = 8197
2025-09-26 11:34:47,878 - midi.connection - WARNING - Cannot send message: not connected
2025-09-26 11:34:47,879 - ui.main_window - WARNING - Failed to send parameter 23 = 8196
2025-09-26 11:34:48,279 - midi.connection - WARNING - Cannot send message: not connected
2025-09-26 11:34:48,279 - ui.main_window - WARNING - Failed to send parameter 23 = 8195
2025-09-26 11:34:48,563 - midi.connection - WARNING - Cannot send message: not connected
2025-09-26 11:34:48,563 - ui.main_window - WARNING - Failed to send parameter 23 = 8194
2025-09-26 11:34:48,862 - midi.connection - WARNING - Cannot send message: not connected
2025-09-26 11:34:48,862 - ui.main_window - WARNING - Failed to send parameter 23 = 8193
2025-09-26 11:34:49,165 - midi.connection - WARNING - Cannot send message: not connected
2025-09-26 11:34:49,166 - ui.main_window - WARNING - Failed to send parameter 23 = 8192
2025-09-26 11:34:50,777 - midi.connection - WARNING - Cannot send message: not connected
2025-09-26 11:34:50,777 - ui.main_window - WARNING - Failed to send parameter 23 = 8192
2025-09-26 11:39:36,031 - midi.connection - WARNING - Cannot send message: not connected
2025-09-26 11:39:36,032 - ui.main_window - WARNING - Failed to send parameter 35 = 12
2025-09-26 11:39:43,179 - midi.connection - WARNING - Cannot send message: not connected
2025-09-26 11:39:43,179 - ui.main_window - WARNING - Failed to send parameter 35 = 3
2025-09-26 11:54:08,753 - midi.connection - WARNING - Cannot send message: not connected
2025-09-26 11:54:08,756 - ui.main_window - WARNING - Failed to send parameter 58 = 395
2025-09-26 11:54:08,832 - midi.connection - WARNING - Cannot send message: not connected
2025-09-26 11:54:08,832 - ui.main_window - WARNING - Failed to send parameter 58 = 400
2025-09-26 11:54:10,965 - midi.connection - WARNING - Cannot send message: not connected
2025-09-26 11:54:10,966 - ui.main_window - WARNING - Failed to send parameter 58 = 397
2025-09-26 11:54:10,992 - midi.connection - WARNING - Cannot send message: not connected
2025-09-26 11:54:10,993 - ui.main_window - WARNING - Failed to send parameter 58 = 391
2025-09-26 11:54:11,002 - midi.connection - WARNING - Cannot send message: not connected
2025-09-26 11:54:11,003 - ui.main_window - WARNING - Failed to send parameter 58 = 384
2025-09-26 11:54:11,015 - midi.connection - WARNING - Cannot send message: not connected
2025-09-26 11:54:11,015 - ui.main_window - WARNING - Failed to send parameter 58 = 376
2025-09-26 11:54:11,033 - midi.connection - WARNING - Cannot send message: not connected
2025-09-26 11:54:11,033 - ui.main_window - WARNING - Failed to send parameter 58 = 365
2025-09-26 11:54:11,048 - midi.connection - WARNING - Cannot send message: not connected
2025-09-26 11:54:11,048 - ui.main_window - WARNING - Failed to send parameter 58 = 353
2025-09-26 11:54:11,066 - midi.connection - WARNING - Cannot send message: not connected
2025-09-26 11:54:11,066 - ui.main_window - WARNING - Failed to send parameter 58 = 339
2025-09-26 11:54:11,085 - midi.connection - WARNING - Cannot send message: not connected
2025-09-26 11:54:11,085 - ui.main_window - WARNING - Failed to send parameter 58 = 325
2025-09-26 11:54:11,098 - midi.connection - WARNING - Cannot send message: not connected
2025-09-26 11:54:11,098 - ui.main_window - WARNING - Failed to send parameter 58 = 310
2025-09-26 11:54:11,118 - midi.connection - WARNING - Cannot send message: not connected
2025-09-26 11:54:11,118 - ui.main_window - WARNING - Failed to send parameter 58 = 296
2025-09-26 11:54:11,131 - midi.connection - WARNING - Cannot send message: not connected
2025-09-26 11:54:11,132 - ui.main_window - WARNING - Failed to send parameter 58 = 285
2025-09-26 11:54:11,151 - midi.connection - WARNING - Cannot send message: not connected
2025-09-26 11:54:11,151 - ui.main_window - WARNING - Failed to send parameter 58 = 274
2025-09-26 11:54:11,165 - midi.connection - WARNING - Cannot send message: not connected
2025-09-26 11:54:11,165 - ui.main_window - WARNING - Failed to send parameter 58 = 262
2025-09-26 11:54:11,183 - midi.connection - WARNING - Cannot send message: not connected
2025-09-26 11:54:11,183 - ui.main_window - WARNING - Failed to send parameter 58 = 251
2025-09-26 11:54:11,201 - midi.connection - WARNING - Cannot send message: not connected
2025-09-26 11:54:11,201 - ui.main_window - WARNING - Failed to send parameter 58 = 242
2025-09-26 11:54:11,214 - midi.connection - WARNING - Cannot send message: not connected
2025-09-26 11:54:11,214 - ui.main_window - WARNING - Failed to send parameter 58 = 233
2025-09-26 11:54:11,234 - midi.connection - WARNING - Cannot send message: not connected
2025-09-26 11:54:11,234 - ui.main_window - WARNING - Failed to send parameter 58 = 224
2025-09-26 11:54:11,252 - midi.connection - WARNING - Cannot send message: not connected
2025-09-26 11:54:11,252 - ui.main_window - WARNING - Failed to send parameter 58 = 215
2025-09-26 11:54:11,270 - midi.connection - WARNING - Cannot send message: not connected
2025-09-26 11:54:11,270 - ui.main_window - WARNING - Failed to send parameter 58 = 206
2025-09-26 11:54:11,285 - midi.connection - WARNING - Cannot send message: not connected
2025-09-26 11:54:11,285 - ui.main_window - WARNING - Failed to send parameter 58 = 197
2025-09-26 11:54:11,303 - midi.connection - WARNING - Cannot send message: not connected
2025-09-26 11:54:11,303 - ui.main_window - WARNING - Failed to send parameter 58 = 187
2025-09-26 11:54:11,317 - midi.connection - WARNING - Cannot send message: not connected
2025-09-26 11:54:11,317 - ui.main_window - WARNING - Failed to send parameter 58 = 177
2025-09-26 11:54:11,334 - midi.connection - WARNING - Cannot send message: not connected
2025-09-26 11:54:11,334 - ui.main_window - WARNING - Failed to send parameter 58 = 167
2025-09-26 11:54:11,352 - midi.connection - WARNING - Cannot send message: not connected
2025-09-26 11:54:11,352 - ui.main_window - WARNING - Failed to send parameter 58 = 158
2025-09-26 11:54:11,365 - midi.connection - WARNING - Cannot send message: not connected
2025-09-26 11:54:11,365 - ui.main_window - WARNING - Failed to send parameter 58 = 149
2025-09-26 11:54:11,384 - midi.connection - WARNING - Cannot send message: not connected
2025-09-26 11:54:11,384 - ui.main_window - WARNING - Failed to send parameter 58 = 140
2025-09-26 11:54:11,402 - midi.connection - WARNING - Cannot send message: not connected
2025-09-26 11:54:11,402 - ui.main_window - WARNING - Failed to send parameter 58 = 132
2025-09-26 11:54:11,417 - midi.connection - WARNING - Cannot send message: not connected
2025-09-26 11:54:11,417 - ui.main_window - WARNING - Failed to send parameter 58 = 125
2025-09-26 11:54:11,435 - midi.connection - WARNING - Cannot send message: not connected
2025-09-26 11:54:11,435 - ui.main_window - WARNING - Failed to send parameter 58 = 118
2025-09-26 11:54:11,450 - midi.connection - WARNING - Cannot send message: not connected
2025-09-26 11:54:11,450 - ui.main_window - WARNING - Failed to send parameter 58 = 110
2025-09-26 11:54:11,468 - midi.connection - WARNING - Cannot send message: not connected
2025-09-26 11:54:11,468 - ui.main_window - WARNING - Failed to send parameter 58 = 102
2025-09-26 11:54:11,481 - midi.connection - WARNING - Cannot send message: not connected
2025-09-26 11:54:11,481 - ui.main_window - WARNING - Failed to send parameter 58 = 95
2025-09-26 11:54:11,501 - midi.connection - WARNING - Cannot send message: not connected
2025-09-26 11:54:11,501 - ui.main_window - WARNING - Failed to send parameter 58 = 89
2025-09-26 11:54:11,519 - midi.connection - WARNING - Cannot send message: not connected
2025-09-26 11:54:11,519 - ui.main_window - WARNING - Failed to send parameter 58 = 84
2025-09-26 11:54:11,535 - midi.connection - WARNING - Cannot send message: not connected
2025-09-26 11:54:11,535 - ui.main_window - WARNING - Failed to send parameter 58 = 79
2025-09-26 11:54:11,550 - midi.connection - WARNING - Cannot send message: not connected
2025-09-26 11:54:11,550 - ui.main_window - WARNING - Failed to send parameter 58 = 75
2025-09-26 11:54:11,568 - midi.connection - WARNING - Cannot send message: not connected
2025-09-26 11:54:11,568 - ui.main_window - WARNING - Failed to send parameter 58 = 72
2025-09-26 11:54:11,581 - midi.connection - WARNING - Cannot send message: not connected
2025-09-26 11:54:11,581 - ui.main_window - WARNING - Failed to send parameter 58 = 69
2025-09-26 11:54:11,600 - midi.connection - WARNING - Cannot send message: not connected
2025-09-26 11:54:11,600 - ui.main_window - WARNING - Failed to send parameter 58 = 66
2025-09-26 11:54:11,619 - midi.connection - WARNING - Cannot send message: not connected
2025-09-26 11:54:11,619 - ui.main_window - WARNING - Failed to send parameter 58 = 64
2025-09-26 11:54:11,633 - midi.connection - WARNING - Cannot send message: not connected
2025-09-26 11:54:11,633 - ui.main_window - WARNING - Failed to send parameter 58 = 61
2025-09-26 11:54:11,651 - midi.connection - WARNING - Cannot send message: not connected
2025-09-26 11:54:11,652 - ui.main_window - WARNING - Failed to send parameter 58 = 58
2025-09-26 11:54:11,665 - midi.connection - WARNING - Cannot send message: not connected
2025-09-26 11:54:11,665 - ui.main_window - WARNING - Failed to send parameter 58 = 56
2025-09-26 11:54:11,683 - midi.connection - WARNING - Cannot send message: not connected
2025-09-26 11:54:11,683 - ui.main_window - WARNING - Failed to send parameter 58 = 54
2025-09-26 11:54:11,702 - midi.connection - WARNING - Cannot send message: not connected
2025-09-26 11:54:11,702 - ui.main_window - WARNING - Failed to send parameter 58 = 53
2025-09-26 11:54:11,717 - midi.connection - WARNING - Cannot send message: not connected
2025-09-26 11:54:11,717 - ui.main_window - WARNING - Failed to send parameter 58 = 51
2025-09-26 11:54:11,735 - midi.connection - WARNING - Cannot send message: not connected
2025-09-26 11:54:11,735 - ui.main_window - WARNING - Failed to send parameter 58 = 50
2025-09-26 11:54:11,748 - midi.connection - WARNING - Cannot send message: not connected
2025-09-26 11:54:11,748 - ui.main_window - WARNING - Failed to send parameter 58 = 48
2025-09-26 11:54:11,767 - midi.connection - WARNING - Cannot send message: not connected
2025-09-26 11:54:11,767 - ui.main_window - WARNING - Failed to send parameter 58 = 46
2025-09-26 11:54:11,786 - midi.connection - WARNING - Cannot send message: not connected
2025-09-26 11:54:11,786 - ui.main_window - WARNING - Failed to send parameter 58 = 44
2025-09-26 11:54:11,798 - midi.connection - WARNING - Cannot send message: not connected
2025-09-26 11:54:11,798 - ui.main_window - WARNING - Failed to send parameter 58 = 42
2025-09-26 11:54:11,818 - midi.connection - WARNING - Cannot send message: not connected
2025-09-26 11:54:11,818 - ui.main_window - WARNING - Failed to send parameter 58 = 40
2025-09-26 11:54:11,832 - midi.connection - WARNING - Cannot send message: not connected
2025-09-26 11:54:11,832 - ui.main_window - WARNING - Failed to send parameter 58 = 38
2025-09-26 11:54:11,851 - midi.connection - WARNING - Cannot send message: not connected
2025-09-26 11:54:11,851 - ui.main_window - WARNING - Failed to send parameter 58 = 37
2025-09-26 11:54:11,869 - midi.connection - WARNING - Cannot send message: not connected
2025-09-26 11:54:11,869 - ui.main_window - WARNING - Failed to send parameter 58 = 35
2025-09-26 11:54:11,884 - midi.connection - WARNING - Cannot send message: not connected
2025-09-26 11:54:11,884 - ui.main_window - WARNING - Failed to send parameter 58 = 34
2025-09-26 11:54:11,915 - midi.connection - WARNING - Cannot send message: not connected
2025-09-26 11:54:11,915 - ui.main_window - WARNING - Failed to send parameter 58 = 33
2025-09-26 11:54:11,934 - midi.connection - WARNING - Cannot send message: not connected
2025-09-26 11:54:11,934 - ui.main_window - WARNING - Failed to send parameter 58 = 32
2025-09-26 11:54:11,952 - midi.connection - WARNING - Cannot send message: not connected
2025-09-26 11:54:11,952 - ui.main_window - WARNING - Failed to send parameter 58 = 31
2025-09-26 11:54:11,983 - midi.connection - WARNING - Cannot send message: not connected
2025-09-26 11:54:11,983 - ui.main_window - WARNING - Failed to send parameter 58 = 29
2025-09-26 11:54:12,000 - midi.connection - WARNING - Cannot send message: not connected
2025-09-26 11:54:12,000 - ui.main_window - WARNING - Failed to send parameter 58 = 28
2025-09-26 11:54:12,017 - midi.connection - WARNING - Cannot send message: not connected
2025-09-26 11:54:12,017 - ui.main_window - WARNING - Failed to send parameter 58 = 27
2025-09-26 11:54:12,047 - midi.connection - WARNING - Cannot send message: not connected
2025-09-26 11:54:12,048 - ui.main_window - WARNING - Failed to send parameter 58 = 26
2025-09-26 11:54:12,068 - midi.connection - WARNING - Cannot send message: not connected
2025-09-26 11:54:12,068 - ui.main_window - WARNING - Failed to send parameter 58 = 25
2025-09-26 11:54:12,083 - midi.connection - WARNING - Cannot send message: not connected
2025-09-26 11:54:12,083 - ui.main_window - WARNING - Failed to send parameter 58 = 24
2025-09-26 11:54:12,116 - midi.connection - WARNING - Cannot send message: not connected
2025-09-26 11:54:12,116 - ui.main_window - WARNING - Failed to send parameter 58 = 23
2025-09-26 11:54:12,165 - midi.connection - WARNING - Cannot send message: not connected
2025-09-26 11:54:12,165 - ui.main_window - WARNING - Failed to send parameter 58 = 22
2025-09-26 11:54:12,199 - midi.connection - WARNING - Cannot send message: not connected
2025-09-26 11:54:12,199 - ui.main_window - WARNING - Failed to send parameter 58 = 21
2025-09-26 11:54:12,234 - midi.connection - WARNING - Cannot send message: not connected
2025-09-26 11:54:12,235 - ui.main_window - WARNING - Failed to send parameter 58 = 20
2025-09-26 11:54:12,270 - midi.connection - WARNING - Cannot send message: not connected
2025-09-26 11:54:12,270 - ui.main_window - WARNING - Failed to send parameter 58 = 19
2025-09-26 11:54:13,951 - midi.connection - WARNING - Cannot send message: not connected
2025-09-26 11:54:13,951 - ui.main_window - WARNING - Failed to send parameter 58 = 18
2025-09-26 11:54:14,098 - midi.connection - WARNING - Cannot send message: not connected
2025-09-26 11:54:14,098 - ui.main_window - WARNING - Failed to send parameter 58 = 17
2025-09-26 11:54:14,118 - midi.connection - WARNING - Cannot send message: not connected
2025-09-26 11:54:14,118 - ui.main_window - WARNING - Failed to send parameter 58 = 15
2025-09-26 11:54:14,134 - midi.connection - WARNING - Cannot send message: not connected
2025-09-26 11:54:14,135 - ui.main_window - WARNING - Failed to send parameter 58 = 9
2025-09-26 11:54:14,152 - midi.connection - WARNING - Cannot send message: not connected
2025-09-26 11:54:14,152 - ui.main_window - WARNING - Failed to send parameter 58 = 1
2025-09-26 11:54:14,171 - midi.connection - WARNING - Cannot send message: not connected
2025-09-26 11:54:14,171 - ui.main_window - WARNING - Failed to send parameter 58 = 0
2025-09-26 11:54:17,802 - midi.connection - WARNING - Cannot send message: not connected
2025-09-26 11:54:17,802 - ui.main_window - WARNING - Failed to send parameter 1 = 31
2025-09-26 11:54:19,150 - midi.connection - WARNING - Cannot send message: not connected
2025-09-26 11:54:19,151 - ui.main_window - WARNING - Failed to send parameter 1 = 30
2025-09-26 11:54:19,169 - midi.connection - WARNING - Cannot send message: not connected
2025-09-26 11:54:19,169 - ui.main_window - WARNING - Failed to send parameter 1 = 29
2025-09-26 11:54:19,185 - midi.connection - WARNING - Cannot send message: not connected
2025-09-26 11:54:19,185 - ui.main_window - WARNING - Failed to send parameter 1 = 27
2025-09-26 11:54:19,202 - midi.connection - WARNING - Cannot send message: not connected
2025-09-26 11:54:19,202 - ui.main_window - WARNING - Failed to send parameter 1 = 25
2025-09-26 11:54:19,219 - midi.connection - WARNING - Cannot send message: not connected
2025-09-26 11:54:19,219 - ui.main_window - WARNING - Failed to send parameter 1 = 22
2025-09-26 11:54:19,233 - midi.connection - WARNING - Cannot send message: not connected
2025-09-26 11:54:19,233 - ui.main_window - WARNING - Failed to send parameter 1 = 19
2025-09-26 11:54:19,250 - midi.connection - WARNING - Cannot send message: not connected
2025-09-26 11:54:19,250 - ui.main_window - WARNING - Failed to send parameter 1 = 16
2025-09-26 11:54:19,269 - midi.connection - WARNING - Cannot send message: not connected
2025-09-26 11:54:19,269 - ui.main_window - WARNING - Failed to send parameter 1 = 13
2025-09-26 11:54:19,283 - midi.connection - WARNING - Cannot send message: not connected
2025-09-26 11:54:19,283 - ui.main_window - WARNING - Failed to send parameter 1 = 9
2025-09-26 11:54:19,301 - midi.connection - WARNING - Cannot send message: not connected
2025-09-26 11:54:19,301 - ui.main_window - WARNING - Failed to send parameter 1 = 7
2025-09-26 11:54:19,315 - midi.connection - WARNING - Cannot send message: not connected
2025-09-26 11:54:19,316 - ui.main_window - WARNING - Failed to send parameter 1 = 5
2025-09-26 11:54:19,334 - midi.connection - WARNING - Cannot send message: not connected
2025-09-26 11:54:19,334 - ui.main_window - WARNING - Failed to send parameter 1 = 3
2025-09-26 11:54:19,349 - midi.connection - WARNING - Cannot send message: not connected
2025-09-26 11:54:19,349 - ui.main_window - WARNING - Failed to send parameter 1 = 1
2025-09-26 11:54:19,366 - midi.connection - WARNING - Cannot send message: not connected
2025-09-26 11:54:19,367 - ui.main_window - WARNING - Failed to send parameter 1 = 0
2025-09-26 11:54:24,836 - midi.connection - WARNING - Cannot send message: not connected
2025-09-26 11:54:24,837 - ui.main_window - WARNING - Failed to send parameter 0 = 15
2025-09-26 11:54:26,315 - midi.connection - WARNING - Cannot send message: not connected
2025-09-26 11:54:26,315 - ui.main_window - WARNING - Failed to send parameter 0 = 14
2025-09-26 11:54:26,349 - midi.connection - WARNING - Cannot send message: not connected
2025-09-26 11:54:26,349 - ui.main_window - WARNING - Failed to send parameter 0 = 13
2025-09-26 11:54:26,385 - midi.connection - WARNING - Cannot send message: not connected
2025-09-26 11:54:26,385 - ui.main_window - WARNING - Failed to send parameter 0 = 12
2025-09-26 11:54:26,404 - midi.connection - WARNING - Cannot send message: not connected
2025-09-26 11:54:26,404 - ui.main_window - WARNING - Failed to send parameter 0 = 11
2025-09-26 11:54:26,421 - midi.connection - WARNING - Cannot send message: not connected
2025-09-26 11:54:26,421 - ui.main_window - WARNING - Failed to send parameter 0 = 10
2025-09-26 11:54:26,436 - midi.connection - WARNING - Cannot send message: not connected
2025-09-26 11:54:26,436 - ui.main_window - WARNING - Failed to send parameter 0 = 9
2025-09-26 11:54:26,453 - midi.connection - WARNING - Cannot send message: not connected
2025-09-26 11:54:26,453 - ui.main_window - WARNING - Failed to send parameter 0 = 7
2025-09-26 11:54:26,467 - midi.connection - WARNING - Cannot send message: not connected
2025-09-26 11:54:26,467 - ui.main_window - WARNING - Failed to send parameter 0 = 6
2025-09-26 11:54:26,482 - midi.connection - WARNING - Cannot send message: not connected
2025-09-26 11:54:26,482 - ui.main_window - WARNING - Failed to send parameter 0 = 5
2025-09-26 11:54:26,516 - midi.connection - WARNING - Cannot send message: not connected
2025-09-26 11:54:26,516 - ui.main_window - WARNING - Failed to send parameter 0 = 4
2025-09-26 11:54:26,534 - midi.connection - WARNING - Cannot send message: not connected
2025-09-26 11:54:26,534 - ui.main_window - WARNING - Failed to send parameter 0 = 3
2025-09-26 11:54:26,550 - midi.connection - WARNING - Cannot send message: not connected
2025-09-26 11:54:26,550 - ui.main_window - WARNING - Failed to send parameter 0 = 2
2025-09-26 11:54:26,583 - midi.connection - WARNING - Cannot send message: not connected
2025-09-26 11:54:26,584 - ui.main_window - WARNING - Failed to send parameter 0 = 1
2025-09-26 11:54:26,615 - midi.connection - WARNING - Cannot send message: not connected
2025-09-26 11:54:26,616 - ui.main_window - WARNING - Failed to send parameter 0 = 0
2025-09-26 11:54:38,367 - midi.connection - WARNING - Cannot send message: not connected
2025-09-26 11:54:38,367 - ui.main_window - WARNING - Failed to send parameter 58 = 2
2025-09-26 11:54:38,385 - midi.connection - WARNING - Cannot send message: not connected
2025-09-26 11:54:38,386 - ui.main_window - WARNING - Failed to send parameter 58 = 11
2025-09-26 11:54:38,401 - midi.connection - WARNING - Cannot send message: not connected
2025-09-26 11:54:38,401 - ui.main_window - WARNING - Failed to send parameter 58 = 35
2025-09-26 11:54:38,418 - midi.connection - WARNING - Cannot send message: not connected
2025-09-26 11:54:38,418 - ui.main_window - WARNING - Failed to send parameter 58 = 69
2025-09-26 11:54:38,436 - midi.connection - WARNING - Cannot send message: not connected
2025-09-26 11:54:38,437 - ui.main_window - WARNING - Failed to send parameter 58 = 112
2025-09-26 11:54:38,451 - midi.connection - WARNING - Cannot send message: not connected
2025-09-26 11:54:38,451 - ui.main_window - WARNING - Failed to send parameter 58 = 162
2025-09-26 11:54:38,467 - midi.connection - WARNING - Cannot send message: not connected
2025-09-26 11:54:38,468 - ui.main_window - WARNING - Failed to send parameter 58 = 217
2025-09-26 11:54:38,485 - midi.connection - WARNING - Cannot send message: not connected
2025-09-26 11:54:38,486 - ui.main_window - WARNING - Failed to send parameter 58 = 264
2025-09-26 11:54:38,501 - midi.connection - WARNING - Cannot send message: not connected
2025-09-26 11:54:38,501 - ui.main_window - WARNING - Failed to send parameter 58 = 301
2025-09-26 11:54:38,519 - midi.connection - WARNING - Cannot send message: not connected
2025-09-26 11:54:38,519 - ui.main_window - WARNING - Failed to send parameter 58 = 339
2025-09-26 11:54:38,534 - midi.connection - WARNING - Cannot send message: not connected
2025-09-26 11:54:38,534 - ui.main_window - WARNING - Failed to send parameter 58 = 369
2025-09-26 11:54:38,550 - midi.connection - WARNING - Cannot send message: not connected
2025-09-26 11:54:38,550 - ui.main_window - WARNING - Failed to send parameter 58 = 394
2025-09-26 11:54:38,569 - midi.connection - WARNING - Cannot send message: not connected
2025-09-26 11:54:38,569 - ui.main_window - WARNING - Failed to send parameter 58 = 400
2025-09-26 11:54:40,784 - midi.connection - WARNING - Cannot send message: not connected
2025-09-26 11:54:40,784 - ui.main_window - WARNING - Failed to send parameter 1 = 31
2025-09-26 11:54:43,268 - midi.connection - WARNING - Cannot send message: not connected
2025-09-26 11:54:43,268 - ui.main_window - WARNING - Failed to send parameter 0 = 15
2025-09-26 11:55:31,169 - midi.connection - DEBUG - MIDI listen thread started
2025-09-26 11:55:31,169 - midi.connection - INFO - Connected to MIDI ports: mioXL MATRIARCH -> mioXL MATRIARCH
2025-09-26 11:55:31,178 - midi.connection - DEBUG - Sending query for parameter 0: SysEx: F0 04 17 3E 00 00 00 00 00 00 00 00 00 00 00 00 F7
2025-09-26 11:55:31,214 - midi.sysex - DEBUG - SysEx parse: param_id=0, value=0, is_response=True, unit_id=1
2025-09-26 11:55:31,214 - midi.sysex - DEBUG - Received response: param 0 = 0
2025-09-26 11:55:31,214 - midi.connection - DEBUG - Parameter update: 0 = 0
2025-09-26 11:55:31,214 - midi.connection - DEBUG - Query successful: param 0 = 0
2025-09-26 11:55:31,620 - midi.connection - DEBUG - Sending query for parameter 1: SysEx: F0 04 17 3E 01 00 00 00 00 00 00 00 00 00 00 00 F7
2025-09-26 11:55:31,651 - midi.sysex - DEBUG - SysEx parse: param_id=1, value=0, is_response=True, unit_id=1
2025-09-26 11:55:31,651 - midi.sysex - DEBUG - Received response: param 1 = 0
2025-09-26 11:55:31,651 - midi.connection - DEBUG - Parameter update: 1 = 0
2025-09-26 11:55:31,651 - midi.connection - DEBUG - Query successful: param 1 = 0
2025-09-26 11:55:32,056 - midi.connection - DEBUG - Sending query for parameter 2: SysEx: F0 04 17 3E 02 00 00 00 00 00 00 00 00 00 00 00 F7
2025-09-26 11:55:32,090 - midi.sysex - DEBUG - SysEx parse: param_id=2, value=0, is_response=True, unit_id=1
2025-09-26 11:55:32,090 - midi.sysex - DEBUG - Received response: param 2 = 0
2025-09-26 11:55:32,090 - midi.connection - DEBUG - Parameter update: 2 = 0
2025-09-26 11:55:32,091 - midi.connection - DEBUG - Query successful: param 2 = 0
2025-09-26 11:55:32,495 - midi.connection - DEBUG - Sending query for parameter 3: SysEx: F0 04 17 3E 03 00 00 00 00 00 00 00 00 00 00 00 F7
2025-09-26 11:55:32,529 - midi.sysex - DEBUG - SysEx parse: param_id=3, value=2, is_response=True, unit_id=1
2025-09-26 11:55:32,529 - midi.sysex - DEBUG - Received response: param 3 = 2
2025-09-26 11:55:32,529 - midi.connection - DEBUG - Parameter update: 3 = 2
2025-09-26 11:55:32,529 - midi.connection - DEBUG - Query successful: param 3 = 2
2025-09-26 11:55:32,934 - midi.connection - DEBUG - Sending query for parameter 4: SysEx: F0 04 17 3E 04 00 00 00 00 00 00 00 00 00 00 00 F7
2025-09-26 11:55:32,968 - midi.sysex - DEBUG - SysEx parse: param_id=4, value=0, is_response=True, unit_id=1
2025-09-26 11:55:32,969 - midi.sysex - DEBUG - Received response: param 4 = 0
2025-09-26 11:55:32,969 - midi.connection - DEBUG - Parameter update: 4 = 0
2025-09-26 11:55:32,969 - midi.connection - DEBUG - Query successful: param 4 = 0
2025-09-26 11:55:33,374 - midi.connection - DEBUG - Sending query for parameter 5: SysEx: F0 04 17 3E 05 00 00 00 00 00 00 00 00 00 00 00 F7
2025-09-26 11:55:33,404 - midi.sysex - DEBUG - SysEx parse: param_id=5, value=1, is_response=True, unit_id=1
2025-09-26 11:55:33,404 - midi.sysex - DEBUG - Received response: param 5 = 1
2025-09-26 11:55:33,404 - midi.connection - DEBUG - Parameter update: 5 = 1
2025-09-26 11:55:33,404 - midi.connection - DEBUG - Query successful: param 5 = 1
2025-09-26 11:55:33,807 - midi.connection - DEBUG - Sending query for parameter 6: SysEx: F0 04 17 3E 06 00 00 00 00 00 00 00 00 00 00 00 F7
2025-09-26 11:55:33,840 - midi.sysex - DEBUG - SysEx parse: param_id=6, value=3, is_response=True, unit_id=1
2025-09-26 11:55:33,841 - midi.sysex - DEBUG - Received response: param 6 = 3
2025-09-26 11:55:33,841 - midi.connection - DEBUG - Parameter update: 6 = 3
2025-09-26 11:55:33,841 - midi.connection - DEBUG - Query successful: param 6 = 3
2025-09-26 11:55:34,241 - midi.connection - DEBUG - Sending query for parameter 7: SysEx: F0 04 17 3E 07 00 00 00 00 00 00 00 00 00 00 00 F7
2025-09-26 11:55:34,271 - midi.sysex - DEBUG - SysEx parse: param_id=7, value=3, is_response=True, unit_id=1
2025-09-26 11:55:34,271 - midi.sysex - DEBUG - Received response: param 7 = 3
2025-09-26 11:55:34,271 - midi.connection - DEBUG - Parameter update: 7 = 3
2025-09-26 11:55:34,271 - midi.connection - DEBUG - Query successful: param 7 = 3
2025-09-26 11:55:34,676 - midi.connection - DEBUG - Sending query for parameter 8: SysEx: F0 04 17 3E 08 00 00 00 00 00 00 00 00 00 00 00 F7
2025-09-26 11:55:34,712 - midi.sysex - DEBUG - SysEx parse: param_id=8, value=0, is_response=True, unit_id=1
2025-09-26 11:55:34,712 - midi.sysex - DEBUG - Received response: param 8 = 0
2025-09-26 11:55:34,712 - midi.connection - DEBUG - Parameter update: 8 = 0
2025-09-26 11:55:34,713 - midi.connection - DEBUG - Query successful: param 8 = 0
2025-09-26 11:55:35,118 - midi.connection - DEBUG - Sending query for parameter 9: SysEx: F0 04 17 3E 09 00 00 00 00 00 00 00 00 00 00 00 F7
2025-09-26 11:55:35,151 - midi.sysex - DEBUG - SysEx parse: param_id=9, value=2, is_response=True, unit_id=1
2025-09-26 11:55:35,151 - midi.sysex - DEBUG - Received response: param 9 = 2
2025-09-26 11:55:35,151 - midi.connection - DEBUG - Parameter update: 9 = 2
2025-09-26 11:55:35,151 - midi.connection - DEBUG - Query successful: param 9 = 2
2025-09-26 11:55:35,557 - midi.connection - DEBUG - Sending query for parameter 10: SysEx: F0 04 17 3E 0A 00 00 00 00 00 00 00 00 00 00 00 F7
2025-09-26 11:55:35,593 - midi.sysex - DEBUG - SysEx parse: param_id=10, value=0, is_response=True, unit_id=1
2025-09-26 11:55:35,593 - midi.sysex - DEBUG - Received response: param 10 = 0
2025-09-26 11:55:35,594 - midi.connection - DEBUG - Parameter update: 10 = 0
2025-09-26 11:55:35,594 - midi.connection - DEBUG - Query successful: param 10 = 0
2025-09-26 11:55:35,996 - midi.connection - DEBUG - Sending query for parameter 11: SysEx: F0 04 17 3E 0B 00 00 00 00 00 00 00 00 00 00 00 F7
2025-09-26 11:55:36,028 - midi.sysex - DEBUG - SysEx parse: param_id=11, value=0, is_response=True, unit_id=1
2025-09-26 11:55:36,028 - midi.sysex - DEBUG - Received response: param 11 = 0
2025-09-26 11:55:36,028 - midi.connection - DEBUG - Parameter update: 11 = 0
2025-09-26 11:55:36,028 - midi.connection - DEBUG - Query successful: param 11 = 0
2025-09-26 11:55:36,433 - midi.connection - DEBUG - Sending query for parameter 12: SysEx: F0 04 17 3E 0C 00 00 00 00 00 00 00 00 00 00 00 F7
2025-09-26 11:55:36,466 - midi.sysex - DEBUG - SysEx parse: param_id=12, value=0, is_response=True, unit_id=1
2025-09-26 11:55:36,467 - midi.sysex - DEBUG - Received response: param 12 = 0
2025-09-26 11:55:36,467 - midi.connection - DEBUG - Parameter update: 12 = 0
2025-09-26 11:55:36,467 - midi.connection - DEBUG - Query successful: param 12 = 0
2025-09-26 11:55:36,870 - midi.connection - DEBUG - Sending query for parameter 13: SysEx: F0 04 17 3E 0D 00 00 00 00 00 00 00 00 00 00 00 F7
2025-09-26 11:55:36,903 - midi.sysex - DEBUG - SysEx parse: param_id=13, value=1, is_response=True, unit_id=1
2025-09-26 11:55:36,904 - midi.sysex - DEBUG - Received response: param 13 = 1
2025-09-26 11:55:36,904 - midi.connection - DEBUG - Parameter update: 13 = 1
2025-09-26 11:55:36,904 - midi.connection - DEBUG - Query successful: param 13 = 1
2025-09-26 11:55:37,305 - midi.connection - DEBUG - Sending query for parameter 14: SysEx: F0 04 17 3E 0E 00 00 00 00 00 00 00 00 00 00 00 F7
2025-09-26 11:55:37,341 - midi.sysex - DEBUG - SysEx parse: param_id=14, value=1, is_response=True, unit_id=1
2025-09-26 11:55:37,341 - midi.sysex - DEBUG - Received response: param 14 = 1
2025-09-26 11:55:37,342 - midi.connection - DEBUG - Parameter update: 14 = 1
2025-09-26 11:55:37,342 - midi.connection - DEBUG - Query successful: param 14 = 1
2025-09-26 11:55:37,747 - midi.connection - DEBUG - Sending query for parameter 15: SysEx: F0 04 17 3E 0F 00 00 00 00 00 00 00 00 00 00 00 F7
2025-09-26 11:55:37,778 - midi.sysex - DEBUG - SysEx parse: param_id=15, value=0, is_response=True, unit_id=1
2025-09-26 11:55:37,779 - midi.sysex - DEBUG - Received response: param 15 = 0
2025-09-26 11:55:37,779 - midi.connection - DEBUG - Parameter update: 15 = 0
2025-09-26 11:55:37,779 - midi.connection - DEBUG - Query successful: param 15 = 0
2025-09-26 11:55:38,184 - midi.connection - DEBUG - Sending query for parameter 16: SysEx: F0 04 17 3E 10 00 00 00 00 00 00 00 00 00 00 00 F7
2025-09-26 11:55:38,215 - midi.sysex - DEBUG - SysEx parse: param_id=16, value=1, is_response=True, unit_id=1
2025-09-26 11:55:38,216 - midi.sysex - DEBUG - Received response: param 16 = 1
2025-09-26 11:55:38,216 - midi.connection - DEBUG - Parameter update: 16 = 1
2025-09-26 11:55:38,216 - midi.connection - DEBUG - Query successful: param 16 = 1
2025-09-26 11:55:38,621 - midi.connection - DEBUG - Sending query for parameter 17: SysEx: F0 04 17 3E 11 00 00 00 00 00 00 00 00 00 00 00 F7
2025-09-26 11:55:38,657 - midi.sysex - DEBUG - SysEx parse: param_id=17, value=0, is_response=True, unit_id=1
2025-09-26 11:55:38,657 - midi.sysex - DEBUG - Received response: param 17 = 0
2025-09-26 11:55:38,657 - midi.connection - DEBUG - Parameter update: 17 = 0
2025-09-26 11:55:38,657 - midi.connection - DEBUG - Query successful: param 17 = 0
2025-09-26 11:55:39,063 - midi.connection - DEBUG - Sending query for parameter 18: SysEx: F0 04 17 3E 12 00 00 00 00 00 00 00 00 00 00 00 F7
2025-09-26 11:55:39,096 - midi.sysex - DEBUG - SysEx parse: param_id=18, value=0, is_response=True, unit_id=1
2025-09-26 11:55:39,097 - midi.sysex - DEBUG - Received response: param 18 = 0
2025-09-26 11:55:39,097 - midi.connection - DEBUG - Parameter update: 18 = 0
2025-09-26 11:55:39,097 - midi.connection - DEBUG - Query successful: param 18 = 0
2025-09-26 11:55:39,502 - midi.connection - DEBUG - Sending query for parameter 19: SysEx: F0 04 17 3E 13 00 00 00 00 00 00 00 00 00 00 00 F7
2025-09-26 11:55:39,535 - midi.sysex - DEBUG - SysEx parse: param_id=19, value=1, is_response=True, unit_id=1
2025-09-26 11:55:39,535 - midi.sysex - DEBUG - Received response: param 19 = 1
2025-09-26 11:55:39,535 - midi.connection - DEBUG - Parameter update: 19 = 1
2025-09-26 11:55:39,536 - midi.connection - DEBUG - Query successful: param 19 = 1
2025-09-26 11:55:39,940 - midi.connection - DEBUG - Sending query for parameter 20: SysEx: F0 04 17 3E 14 00 00 00 00 00 00 00 00 00 00 00 F7
2025-09-26 11:55:39,973 - midi.sysex - DEBUG - SysEx parse: param_id=20, value=1, is_response=True, unit_id=1
2025-09-26 11:55:39,973 - midi.sysex - DEBUG - Received response: param 20 = 1
2025-09-26 11:55:39,973 - midi.connection - DEBUG - Parameter update: 20 = 1
2025-09-26 11:55:39,973 - midi.connection - DEBUG - Query successful: param 20 = 1
2025-09-26 11:55:40,376 - midi.connection - DEBUG - Sending query for parameter 21: SysEx: F0 04 17 3E 15 00 00 00 00 00 00 00 00 00 00 00 F7
2025-09-26 11:55:40,413 - midi.sysex - DEBUG - SysEx parse: param_id=21, value=1, is_response=True, unit_id=1
2025-09-26 11:55:40,413 - midi.sysex - DEBUG - Received response: param 21 = 1
2025-09-26 11:55:40,414 - midi.connection - DEBUG - Parameter update: 21 = 1
2025-09-26 11:55:40,414 - midi.connection - DEBUG - Query successful: param 21 = 1
2025-09-26 11:55:40,819 - midi.connection - DEBUG - Sending query for parameter 22: SysEx: F0 04 17 3E 16 00 00 00 00 00 00 00 00 00 00 00 F7
2025-09-26 11:55:40,851 - midi.sysex - DEBUG - SysEx parse: param_id=22, value=1, is_response=True, unit_id=1
2025-09-26 11:55:40,851 - midi.sysex - DEBUG - Received response: param 22 = 1
2025-09-26 11:55:40,852 - midi.connection - DEBUG - Parameter update: 22 = 1
2025-09-26 11:55:40,852 - midi.connection - DEBUG - Query successful: param 22 = 1
2025-09-26 11:55:41,254 - midi.connection - DEBUG - Sending query for parameter 23: SysEx: F0 04 17 3E 17 00 00 00 00 00 00 00 00 00 00 00 F7
2025-09-26 11:55:41,284 - midi.sysex - DEBUG - SysEx parse: param_id=23, value=8192, is_response=True, unit_id=1
2025-09-26 11:55:41,284 - midi.sysex - DEBUG - Received response: param 23 = 8192
2025-09-26 11:55:41,284 - midi.connection - DEBUG - Parameter update: 23 = 8192
2025-09-26 11:55:41,284 - midi.connection - DEBUG - Query successful: param 23 = 8192
2025-09-26 11:55:41,689 - midi.connection - DEBUG - Sending query for parameter 24: SysEx: F0 04 17 3E 18 00 00 00 00 00 00 00 00 00 00 00 F7
2025-09-26 11:55:41,722 - midi.sysex - DEBUG - SysEx parse: param_id=24, value=1, is_response=True, unit_id=1
2025-09-26 11:55:41,722 - midi.sysex - DEBUG - Received response: param 24 = 1
2025-09-26 11:55:41,722 - midi.connection - DEBUG - Parameter update: 24 = 1
2025-09-26 11:55:41,722 - midi.connection - DEBUG - Query successful: param 24 = 1
2025-09-26 11:55:42,128 - midi.connection - DEBUG - Sending query for parameter 25: SysEx: F0 04 17 3E 19 00 00 00 00 00 00 00 00 00 00 00 F7
2025-09-26 11:55:42,159 - midi.sysex - DEBUG - SysEx parse: param_id=25, value=0, is_response=True, unit_id=1
2025-09-26 11:55:42,159 - midi.sysex - DEBUG - Received response: param 25 = 0
2025-09-26 11:55:42,160 - midi.connection - DEBUG - Parameter update: 25 = 0
2025-09-26 11:55:42,160 - midi.connection - DEBUG - Query successful: param 25 = 0
2025-09-26 11:55:42,565 - midi.connection - DEBUG - Sending query for parameter 26: SysEx: F0 04 17 3E 1A 00 00 00 00 00 00 00 00 00 00 00 F7
2025-09-26 11:55:42,597 - midi.sysex - DEBUG - SysEx parse: param_id=26, value=1, is_response=True, unit_id=1
2025-09-26 11:55:42,597 - midi.sysex - DEBUG - Received response: param 26 = 1
2025-09-26 11:55:42,598 - midi.connection - DEBUG - Parameter update: 26 = 1
2025-09-26 11:55:42,598 - midi.connection - DEBUG - Query successful: param 26 = 1
2025-09-26 11:55:43,003 - midi.connection - DEBUG - Sending query for parameter 27: SysEx: F0 04 17 3E 1B 00 00 00 00 00 00 00 00 00 00 00 F7
2025-09-26 11:55:43,041 - midi.sysex - DEBUG - SysEx parse: param_id=27, value=0, is_response=True, unit_id=1
2025-09-26 11:55:43,041 - midi.sysex - DEBUG - Received response: param 27 = 0
2025-09-26 11:55:43,041 - midi.connection - DEBUG - Parameter update: 27 = 0
2025-09-26 11:55:43,041 - midi.connection - DEBUG - Query successful: param 27 = 0
2025-09-26 11:55:43,442 - midi.connection - DEBUG - Sending query for parameter 28: SysEx: F0 04 17 3E 1C 00 00 00 00 00 00 00 00 00 00 00 F7
2025-09-26 11:55:43,477 - midi.sysex - DEBUG - SysEx parse: param_id=28, value=1, is_response=True, unit_id=1
2025-09-26 11:55:43,477 - midi.sysex - DEBUG - Received response: param 28 = 1
2025-09-26 11:55:43,477 - midi.connection - DEBUG - Parameter update: 28 = 1
2025-09-26 11:55:43,477 - midi.connection - DEBUG - Query successful: param 28 = 1
2025-09-26 11:55:43,883 - midi.connection - DEBUG - Sending query for parameter 29: SysEx: F0 04 17 3E 1D 00 00 00 00 00 00 00 00 00 00 00 F7
2025-09-26 11:55:43,918 - midi.sysex - DEBUG - SysEx parse: param_id=29, value=0, is_response=True, unit_id=1
2025-09-26 11:55:43,918 - midi.sysex - DEBUG - Received response: param 29 = 0
2025-09-26 11:55:43,918 - midi.connection - DEBUG - Parameter update: 29 = 0
2025-09-26 11:55:43,919 - midi.connection - DEBUG - Query successful: param 29 = 0
2025-09-26 11:55:44,323 - midi.connection - DEBUG - Sending query for parameter 30: SysEx: F0 04 17 3E 1E 00 00 00 00 00 00 00 00 00 00 00 F7
2025-09-26 11:55:44,353 - midi.sysex - DEBUG - SysEx parse: param_id=30, value=0, is_response=True, unit_id=1
2025-09-26 11:55:44,354 - midi.sysex - DEBUG - Received response: param 30 = 0
2025-09-26 11:55:44,354 - midi.connection - DEBUG - Parameter update: 30 = 0
2025-09-26 11:55:44,354 - midi.connection - DEBUG - Query successful: param 30 = 0
2025-09-26 11:55:44,758 - midi.connection - DEBUG - Sending query for parameter 31: SysEx: F0 04 17 3E 1F 00 00 00 00 00 00 00 00 00 00 00 F7
2025-09-26 11:55:44,791 - midi.sysex - DEBUG - SysEx parse: param_id=31, value=0, is_response=True, unit_id=1
2025-09-26 11:55:44,791 - midi.sysex - DEBUG - Received response: param 31 = 0
2025-09-26 11:55:44,791 - midi.connection - DEBUG - Parameter update: 31 = 0
2025-09-26 11:55:44,791 - midi.connection - DEBUG - Query successful: param 31 = 0
2025-09-26 11:55:45,193 - midi.connection - DEBUG - Sending query for parameter 32: SysEx: F0 04 17 3E 20 00 00 00 00 00 00 00 00 00 00 00 F7
2025-09-26 11:55:45,226 - midi.sysex - DEBUG - SysEx parse: param_id=32, value=1, is_response=True, unit_id=1
2025-09-26 11:55:45,226 - midi.sysex - DEBUG - Received response: param 32 = 1
2025-09-26 11:55:45,226 - midi.connection - DEBUG - Parameter update: 32 = 1
2025-09-26 11:55:45,226 - midi.connection - DEBUG - Query successful: param 32 = 1
2025-09-26 11:55:45,631 - midi.connection - DEBUG - Sending query for parameter 33: SysEx: F0 04 17 3E 21 00 00 00 00 00 00 00 00 00 00 00 F7
2025-09-26 11:55:45,660 - midi.sysex - DEBUG - SysEx parse: param_id=33, value=1, is_response=True, unit_id=1
2025-09-26 11:55:45,660 - midi.sysex - DEBUG - Received response: param 33 = 1
2025-09-26 11:55:45,660 - midi.connection - DEBUG - Parameter update: 33 = 1
2025-09-26 11:55:45,661 - midi.connection - DEBUG - Query successful: param 33 = 1
2025-09-26 11:55:46,067 - midi.connection - DEBUG - Sending query for parameter 34: SysEx: F0 04 17 3E 22 00 00 00 00 00 00 00 00 00 00 00 F7
2025-09-26 11:55:46,102 - midi.sysex - DEBUG - SysEx parse: param_id=34, value=1, is_response=True, unit_id=1
2025-09-26 11:55:46,103 - midi.sysex - DEBUG - Received response: param 34 = 1
2025-09-26 11:55:46,103 - midi.connection - DEBUG - Parameter update: 34 = 1
2025-09-26 11:55:46,103 - midi.connection - DEBUG - Query successful: param 34 = 1
2025-09-26 11:55:46,508 - midi.connection - DEBUG - Sending query for parameter 35: SysEx: F0 04 17 3E 23 00 00 00 00 00 00 00 00 00 00 00 F7
2025-09-26 11:55:46,540 - midi.sysex - DEBUG - SysEx parse: param_id=35, value=12, is_response=True, unit_id=1
2025-09-26 11:55:46,541 - midi.sysex - DEBUG - Received response: param 35 = 12
2025-09-26 11:55:46,541 - midi.connection - DEBUG - Parameter update: 35 = 12
2025-09-26 11:55:46,541 - midi.connection - DEBUG - Query successful: param 35 = 12
2025-09-26 11:55:46,946 - midi.connection - DEBUG - Sending query for parameter 36: SysEx: F0 04 17 3E 24 00 00 00 00 00 00 00 00 00 00 00 F7
2025-09-26 11:55:46,979 - midi.sysex - DEBUG - SysEx parse: param_id=36, value=12, is_response=True, unit_id=1
2025-09-26 11:55:46,979 - midi.sysex - DEBUG - Received response: param 36 = 12
2025-09-26 11:55:46,979 - midi.connection - DEBUG - Parameter update: 36 = 12
2025-09-26 11:55:46,979 - midi.connection - DEBUG - Query successful: param 36 = 12
2025-09-26 11:55:47,385 - midi.connection - DEBUG - Sending query for parameter 37: SysEx: F0 04 17 3E 25 00 00 00 00 00 00 00 00 00 00 00 F7
2025-09-26 11:55:47,419 - midi.sysex - DEBUG - SysEx parse: param_id=37, value=2, is_response=True, unit_id=1
2025-09-26 11:55:47,420 - midi.sysex - DEBUG - Received response: param 37 = 2
2025-09-26 11:55:47,420 - midi.connection - DEBUG - Parameter update: 37 = 2
2025-09-26 11:55:47,420 - midi.connection - DEBUG - Query successful: param 37 = 2
2025-09-26 11:55:47,825 - midi.connection - DEBUG - Sending query for parameter 38: SysEx: F0 04 17 3E 26 00 00 00 00 00 00 00 00 00 00 00 F7
2025-09-26 11:55:47,860 - midi.sysex - DEBUG - SysEx parse: param_id=38, value=2, is_response=True, unit_id=1
2025-09-26 11:55:47,860 - midi.sysex - DEBUG - Received response: param 38 = 2
2025-09-26 11:55:47,861 - midi.connection - DEBUG - Parameter update: 38 = 2
2025-09-26 11:55:47,861 - midi.connection - DEBUG - Query successful: param 38 = 2
2025-09-26 11:55:48,264 - midi.connection - DEBUG - Sending query for parameter 39: SysEx: F0 04 17 3E 27 00 00 00 00 00 00 00 00 00 00 00 F7
2025-09-26 11:55:48,297 - midi.sysex - DEBUG - SysEx parse: param_id=39, value=1, is_response=True, unit_id=1
2025-09-26 11:55:48,298 - midi.sysex - DEBUG - Received response: param 39 = 1
2025-09-26 11:55:48,298 - midi.connection - DEBUG - Parameter update: 39 = 1
2025-09-26 11:55:48,298 - midi.connection - DEBUG - Query successful: param 39 = 1
2025-09-26 11:55:48,702 - midi.connection - DEBUG - Sending query for parameter 40: SysEx: F0 04 17 3E 28 00 00 00 00 00 00 00 00 00 00 00 F7
2025-09-26 11:55:48,734 - midi.sysex - DEBUG - SysEx parse: param_id=40, value=0, is_response=True, unit_id=1
2025-09-26 11:55:48,734 - midi.sysex - DEBUG - Received response: param 40 = 0
2025-09-26 11:55:48,734 - midi.connection - DEBUG - Parameter update: 40 = 0
2025-09-26 11:55:48,734 - midi.connection - DEBUG - Query successful: param 40 = 0
2025-09-26 11:55:49,140 - midi.connection - DEBUG - Sending query for parameter 41: SysEx: F0 04 17 3E 29 00 00 00 00 00 00 00 00 00 00 00 F7
2025-09-26 11:55:49,174 - midi.sysex - DEBUG - SysEx parse: param_id=41, value=0, is_response=True, unit_id=1
2025-09-26 11:55:49,174 - midi.sysex - DEBUG - Received response: param 41 = 0
2025-09-26 11:55:49,174 - midi.connection - DEBUG - Parameter update: 41 = 0
2025-09-26 11:55:49,174 - midi.connection - DEBUG - Query successful: param 41 = 0
2025-09-26 11:55:49,580 - midi.connection - DEBUG - Sending query for parameter 42: SysEx: F0 04 17 3E 2A 00 00 00 00 00 00 00 00 00 00 00 F7
2025-09-26 11:55:49,613 - midi.sysex - DEBUG - SysEx parse: param_id=42, value=0, is_response=True, unit_id=1
2025-09-26 11:55:49,613 - midi.sysex - DEBUG - Received response: param 42 = 0
2025-09-26 11:55:49,613 - midi.connection - DEBUG - Parameter update: 42 = 0
2025-09-26 11:55:49,614 - midi.connection - DEBUG - Query successful: param 42 = 0
2025-09-26 11:55:50,018 - midi.connection - DEBUG - Sending query for parameter 43: SysEx: F0 04 17 3E 2B 00 00 00 00 00 00 00 00 00 00 00 F7
2025-09-26 11:55:50,049 - midi.sysex - DEBUG - SysEx parse: param_id=43, value=7, is_response=True, unit_id=1
2025-09-26 11:55:50,049 - midi.sysex - DEBUG - Received response: param 43 = 7
2025-09-26 11:55:50,049 - midi.connection - DEBUG - Parameter update: 43 = 7
2025-09-26 11:55:50,049 - midi.connection - DEBUG - Query successful: param 43 = 7
2025-09-26 11:55:50,452 - midi.connection - DEBUG - Sending query for parameter 44: SysEx: F0 04 17 3E 2C 00 00 00 00 00 00 00 00 00 00 00 F7
2025-09-26 11:55:50,488 - midi.sysex - DEBUG - SysEx parse: param_id=44, value=7, is_response=True, unit_id=1
2025-09-26 11:55:50,488 - midi.sysex - DEBUG - Received response: param 44 = 7
2025-09-26 11:55:50,488 - midi.connection - DEBUG - Parameter update: 44 = 7
2025-09-26 11:55:50,489 - midi.connection - DEBUG - Query successful: param 44 = 7
2025-09-26 11:55:50,893 - midi.connection - DEBUG - Sending query for parameter 45: SysEx: F0 04 17 3E 2D 00 00 00 00 00 00 00 00 00 00 00 F7
2025-09-26 11:55:50,929 - midi.sysex - DEBUG - SysEx parse: param_id=45, value=7, is_response=True, unit_id=1
2025-09-26 11:55:50,929 - midi.sysex - DEBUG - Received response: param 45 = 7
2025-09-26 11:55:50,929 - midi.connection - DEBUG - Parameter update: 45 = 7
2025-09-26 11:55:50,929 - midi.connection - DEBUG - Query successful: param 45 = 7
2025-09-26 11:55:51,334 - midi.connection - DEBUG - Sending query for parameter 46: SysEx: F0 04 17 3E 2E 00 00 00 00 00 00 00 00 00 00 00 F7
2025-09-26 11:55:51,364 - midi.sysex - DEBUG - SysEx parse: param_id=46, value=0, is_response=True, unit_id=1
2025-09-26 11:55:51,365 - midi.sysex - DEBUG - Received response: param 46 = 0
2025-09-26 11:55:51,365 - midi.connection - DEBUG - Parameter update: 46 = 0
2025-09-26 11:55:51,365 - midi.connection - DEBUG - Query successful: param 46 = 0
2025-09-26 11:55:51,770 - midi.connection - DEBUG - Sending query for parameter 47: SysEx: F0 04 17 3E 2F 00 00 00 00 00 00 00 00 00 00 00 F7
2025-09-26 11:55:51,802 - midi.sysex - DEBUG - SysEx parse: param_id=47, value=0, is_response=True, unit_id=1
2025-09-26 11:55:51,802 - midi.sysex - DEBUG - Received response: param 47 = 0
2025-09-26 11:55:51,802 - midi.connection - DEBUG - Parameter update: 47 = 0
2025-09-26 11:55:51,803 - midi.connection - DEBUG - Query successful: param 47 = 0
2025-09-26 11:55:52,207 - midi.connection - DEBUG - Sending query for parameter 48: SysEx: F0 04 17 3E 30 00 00 00 00 00 00 00 00 00 00 00 F7
2025-09-26 11:55:52,240 - midi.sysex - DEBUG - SysEx parse: param_id=48, value=0, is_response=True, unit_id=1
2025-09-26 11:55:52,240 - midi.sysex - DEBUG - Received response: param 48 = 0
2025-09-26 11:55:52,240 - midi.connection - DEBUG - Parameter update: 48 = 0
2025-09-26 11:55:52,240 - midi.connection - DEBUG - Query successful: param 48 = 0
2025-09-26 11:55:52,642 - midi.connection - DEBUG - Sending query for parameter 49: SysEx: F0 04 17 3E 31 00 00 00 00 00 00 00 00 00 00 00 F7
2025-09-26 11:55:52,673 - midi.sysex - DEBUG - SysEx parse: param_id=49, value=0, is_response=True, unit_id=1
2025-09-26 11:55:52,673 - midi.sysex - DEBUG - Received response: param 49 = 0
2025-09-26 11:55:52,673 - midi.connection - DEBUG - Parameter update: 49 = 0
2025-09-26 11:55:52,673 - midi.connection - DEBUG - Query successful: param 49 = 0
2025-09-26 11:55:53,078 - midi.connection - DEBUG - Sending query for parameter 50: SysEx: F0 04 17 3E 32 00 00 00 00 00 00 00 00 00 00 00 F7
2025-09-26 11:55:53,110 - midi.sysex - DEBUG - SysEx parse: param_id=50, value=0, is_response=True, unit_id=1
2025-09-26 11:55:53,110 - midi.sysex - DEBUG - Received response: param 50 = 0
2025-09-26 11:55:53,110 - midi.connection - DEBUG - Parameter update: 50 = 0
2025-09-26 11:55:53,110 - midi.connection - DEBUG - Query successful: param 50 = 0
2025-09-26 11:55:53,512 - midi.connection - DEBUG - Sending query for parameter 51: SysEx: F0 04 17 3E 33 00 00 00 00 00 00 00 00 00 00 00 F7
2025-09-26 11:55:53,546 - midi.sysex - DEBUG - SysEx parse: param_id=51, value=0, is_response=True, unit_id=1
2025-09-26 11:55:53,546 - midi.sysex - DEBUG - Received response: param 51 = 0
2025-09-26 11:55:53,546 - midi.connection - DEBUG - Parameter update: 51 = 0
2025-09-26 11:55:53,546 - midi.connection - DEBUG - Query successful: param 51 = 0
2025-09-26 11:55:53,951 - midi.connection - DEBUG - Sending query for parameter 52: SysEx: F0 04 17 3E 34 00 00 00 00 00 00 00 00 00 00 00 F7
2025-09-26 11:55:53,990 - midi.sysex - DEBUG - SysEx parse: param_id=52, value=1, is_response=True, unit_id=1
2025-09-26 11:55:53,990 - midi.sysex - DEBUG - Received response: param 52 = 1
2025-09-26 11:55:53,990 - midi.connection - DEBUG - Parameter update: 52 = 1
2025-09-26 11:55:53,990 - midi.connection - DEBUG - Query successful: param 52 = 1
2025-09-26 11:55:54,392 - midi.connection - DEBUG - Sending query for parameter 53: SysEx: F0 04 17 3E 35 00 00 00 00 00 00 00 00 00 00 00 F7
2025-09-26 11:55:54,664 - midi.sysex - DEBUG - SysEx parse: param_id=53, value=0, is_response=True, unit_id=1
2025-09-26 11:55:54,665 - midi.sysex - DEBUG - Received response: param 53 = 0
2025-09-26 11:55:54,665 - midi.connection - DEBUG - Parameter update: 53 = 0
2025-09-26 11:55:54,666 - midi.connection - DEBUG - Query successful: param 53 = 0
2025-09-26 11:55:55,071 - midi.connection - DEBUG - Sending query for parameter 54: SysEx: F0 04 17 3E 36 00 00 00 00 00 00 00 00 00 00 00 F7
2025-09-26 11:55:55,110 - midi.sysex - DEBUG - SysEx parse: param_id=54, value=0, is_response=True, unit_id=1
2025-09-26 11:55:55,110 - midi.sysex - DEBUG - Received response: param 54 = 0
2025-09-26 11:55:55,110 - midi.connection - DEBUG - Parameter update: 54 = 0
2025-09-26 11:55:55,110 - midi.connection - DEBUG - Query successful: param 54 = 0
2025-09-26 11:55:55,511 - midi.connection - DEBUG - Sending query for parameter 55: SysEx: F0 04 17 3E 37 00 00 00 00 00 00 00 00 00 00 00 F7
2025-09-26 11:55:55,546 - midi.sysex - DEBUG - SysEx parse: param_id=55, value=0, is_response=True, unit_id=1
2025-09-26 11:55:55,547 - midi.sysex - DEBUG - Received response: param 55 = 0
2025-09-26 11:55:55,547 - midi.connection - DEBUG - Parameter update: 55 = 0
2025-09-26 11:55:55,547 - midi.connection - DEBUG - Query successful: param 55 = 0
2025-09-26 11:55:55,951 - midi.connection - DEBUG - Sending query for parameter 56: SysEx: F0 04 17 3E 38 00 00 00 00 00 00 00 00 00 00 00 F7
2025-09-26 11:55:55,986 - midi.sysex - DEBUG - SysEx parse: param_id=56, value=0, is_response=True, unit_id=1
2025-09-26 11:55:55,986 - midi.sysex - DEBUG - Received response: param 56 = 0
2025-09-26 11:55:55,986 - midi.connection - DEBUG - Parameter update: 56 = 0
2025-09-26 11:55:55,986 - midi.connection - DEBUG - Query successful: param 56 = 0
2025-09-26 11:55:56,390 - midi.connection - DEBUG - Sending query for parameter 57: SysEx: F0 04 17 3E 39 00 00 00 00 00 00 00 00 00 00 00 F7
2025-09-26 11:55:56,422 - midi.sysex - DEBUG - SysEx parse: param_id=57, value=1, is_response=True, unit_id=1
2025-09-26 11:55:56,422 - midi.sysex - DEBUG - Received response: param 57 = 1
2025-09-26 11:55:56,422 - midi.connection - DEBUG - Parameter update: 57 = 1
2025-09-26 11:55:56,422 - midi.connection - DEBUG - Query successful: param 57 = 1
2025-09-26 11:55:56,827 - midi.connection - DEBUG - Sending query for parameter 58: SysEx: F0 04 17 3E 3A 00 00 00 00 00 00 00 00 00 00 00 F7
2025-09-26 11:55:56,860 - midi.sysex - DEBUG - SysEx parse: param_id=58, value=0, is_response=True, unit_id=1
2025-09-26 11:55:56,860 - midi.sysex - DEBUG - Received response: param 58 = 0
2025-09-26 11:55:56,860 - midi.connection - DEBUG - Parameter update: 58 = 0
2025-09-26 11:55:56,860 - midi.connection - DEBUG - Query successful: param 58 = 0
2025-09-26 11:55:57,264 - midi.connection - DEBUG - Sending query for parameter 59: SysEx: F0 04 17 3E 3B 00 00 00 00 00 00 00 00 00 00 00 F7
2025-09-26 11:55:57,296 - midi.sysex - DEBUG - SysEx parse: param_id=59, value=0, is_response=True, unit_id=1
2025-09-26 11:55:57,296 - midi.sysex - DEBUG - Received response: param 59 = 0
2025-09-26 11:55:57,296 - midi.connection - DEBUG - Parameter update: 59 = 0
2025-09-26 11:55:57,296 - midi.connection - DEBUG - Query successful: param 59 = 0
2025-09-26 11:55:57,701 - midi.connection - DEBUG - Sending query for parameter 60: SysEx: F0 04 17 3E 3C 00 00 00 00 00 00 00 00 00 00 00 F7
2025-09-26 11:55:57,734 - midi.sysex - DEBUG - SysEx parse: param_id=60, value=0, is_response=True, unit_id=1
2025-09-26 11:55:57,734 - midi.sysex - DEBUG - Received response: param 60 = 0
2025-09-26 11:55:57,735 - midi.connection - DEBUG - Parameter update: 60 = 0
2025-09-26 11:55:57,735 - midi.connection - DEBUG - Query successful: param 60 = 0
2025-09-26 11:55:58,146 - midi.connection - DEBUG - Sending query for parameter 61: SysEx: F0 04 17 3E 3D 00 00 00 00 00 00 00 00 00 00 00 F7
2025-09-26 11:55:58,188 - midi.sysex - DEBUG - SysEx parse: param_id=61, value=0, is_response=True, unit_id=1
2025-09-26 11:55:58,188 - midi.sysex - DEBUG - Received response: param 61 = 0
2025-09-26 11:55:58,188 - midi.connection - DEBUG - Parameter update: 61 = 0
2025-09-26 11:55:58,188 - midi.connection - DEBUG - Query successful: param 61 = 0
2025-09-26 11:55:58,593 - midi.connection - DEBUG - Sending query for parameter 62: SysEx: F0 04 17 3E 3E 00 00 00 00 00 00 00 00 00 00 00 F7
2025-09-26 11:55:58,628 - midi.sysex - DEBUG - SysEx parse: param_id=62, value=0, is_response=True, unit_id=1
2025-09-26 11:55:58,628 - midi.sysex - DEBUG - Received response: param 62 = 0
2025-09-26 11:55:58,629 - midi.connection - DEBUG - Parameter update: 62 = 0
2025-09-26 11:55:58,629 - midi.connection - DEBUG - Query successful: param 62 = 0
2025-09-26 11:55:59,032 - midi.connection - DEBUG - Sending query for parameter 63: SysEx: F0 04 17 3E 3F 00 00 00 00 00 00 00 00 00 00 00 F7
2025-09-26 11:55:59,068 - midi.sysex - DEBUG - SysEx parse: param_id=63, value=0, is_response=True, unit_id=1
2025-09-26 11:55:59,068 - midi.sysex - DEBUG - Received response: param 63 = 0
2025-09-26 11:55:59,068 - midi.connection - DEBUG - Parameter update: 63 = 0
2025-09-26 11:55:59,069 - midi.connection - DEBUG - Query successful: param 63 = 0
2025-09-26 11:55:59,473 - midi.connection - DEBUG - Sending query for parameter 64: SysEx: F0 04 17 3E 40 00 00 00 00 00 00 00 00 00 00 00 F7
2025-09-26 11:55:59,507 - midi.sysex - DEBUG - SysEx parse: param_id=64, value=0, is_response=True, unit_id=1
2025-09-26 11:55:59,507 - midi.sysex - DEBUG - Received response: param 64 = 0
2025-09-26 11:55:59,508 - midi.connection - DEBUG - Parameter update: 64 = 0
2025-09-26 11:55:59,508 - midi.connection - DEBUG - Query successful: param 64 = 0
2025-09-26 11:55:59,913 - midi.connection - DEBUG - Sending query for parameter 65: SysEx: F0 04 17 3E 41 00 00 00 00 00 00 00 00 00 00 00 F7
2025-09-26 11:55:59,947 - midi.sysex - DEBUG - SysEx parse: param_id=65, value=0, is_response=True, unit_id=1
2025-09-26 11:55:59,958 - midi.sysex - DEBUG - Received response: param 65 = 0
2025-09-26 11:55:59,958 - midi.connection - DEBUG - Parameter update: 65 = 0
2025-09-26 11:55:59,958 - midi.connection - DEBUG - Query successful: param 65 = 0
2025-09-26 11:56:00,363 - midi.connection - DEBUG - Sending query for parameter 66: SysEx: F0 04 17 3E 42 00 00 00 00 00 00 00 00 00 00 00 F7
2025-09-26 11:56:00,395 - midi.sysex - DEBUG - SysEx parse: param_id=66, value=1, is_response=True, unit_id=1
2025-09-26 11:56:00,396 - midi.sysex - DEBUG - Received response: param 66 = 1
2025-09-26 11:56:00,396 - midi.connection - DEBUG - Parameter update: 66 = 1
2025-09-26 11:56:00,396 - midi.connection - DEBUG - Query successful: param 66 = 1
2025-09-26 11:56:00,799 - midi.connection - DEBUG - Sending query for parameter 67: SysEx: F0 04 17 3E 43 00 00 00 00 00 00 00 00 00 00 00 F7
2025-09-26 11:56:00,830 - midi.sysex - DEBUG - SysEx parse: param_id=67, value=2, is_response=True, unit_id=1
2025-09-26 11:56:00,830 - midi.sysex - DEBUG - Received response: param 67 = 2
2025-09-26 11:56:00,830 - midi.connection - DEBUG - Parameter update: 67 = 2
2025-09-26 11:56:00,830 - midi.connection - DEBUG - Query successful: param 67 = 2
2025-09-26 11:56:01,235 - midi.connection - DEBUG - Sending query for parameter 68: SysEx: F0 04 17 3E 44 00 00 00 00 00 00 00 00 00 00 00 F7
2025-09-26 11:56:01,268 - midi.sysex - DEBUG - SysEx parse: param_id=68, value=0, is_response=True, unit_id=1
2025-09-26 11:56:01,268 - midi.sysex - DEBUG - Received response: param 68 = 0
2025-09-26 11:56:01,268 - midi.connection - DEBUG - Parameter update: 68 = 0
2025-09-26 11:56:01,268 - midi.connection - DEBUG - Query successful: param 68 = 0
2025-09-26 11:56:01,670 - midi.connection - DEBUG - Sending query for parameter 69: SysEx: F0 04 17 3E 45 00 00 00 00 00 00 00 00 00 00 00 F7
2025-09-26 11:56:01,704 - midi.sysex - DEBUG - SysEx parse: param_id=69, value=0, is_response=True, unit_id=1
2025-09-26 11:56:01,704 - midi.sysex - DEBUG - Received response: param 69 = 0
2025-09-26 11:56:01,704 - midi.connection - DEBUG - Parameter update: 69 = 0
2025-09-26 11:56:01,704 - midi.connection - DEBUG - Query successful: param 69 = 0
2025-09-26 11:56:02,109 - midi.connection - DEBUG - Sending query for parameter 70: SysEx: F0 04 17 3E 46 00 00 00 00 00 00 00 00 00 00 00 F7
2025-09-26 11:56:02,146 - midi.sysex - DEBUG - SysEx parse: param_id=70, value=0, is_response=True, unit_id=1
2025-09-26 11:56:02,157 - midi.sysex - DEBUG - Received response: param 70 = 0
2025-09-26 11:56:02,159 - midi.connection - DEBUG - Parameter update: 70 = 0
2025-09-26 11:56:02,159 - midi.connection - DEBUG - Query successful: param 70 = 0
2025-09-26 11:56:02,564 - midi.connection - DEBUG - Sending query for parameter 71: SysEx: F0 04 17 3E 47 00 00 00 00 00 00 00 00 00 00 00 F7
2025-09-26 11:56:02,596 - midi.sysex - DEBUG - SysEx parse: param_id=71, value=0, is_response=True, unit_id=1
2025-09-26 11:56:02,596 - midi.sysex - DEBUG - Received response: param 71 = 0
2025-09-26 11:56:02,596 - midi.connection - DEBUG - Parameter update: 71 = 0
2025-09-26 11:56:02,596 - midi.connection - DEBUG - Query successful: param 71 = 0
2025-09-26 11:56:03,001 - midi.connection - DEBUG - Sending query for parameter 72: SysEx: F0 04 17 3E 48 00 00 00 00 00 00 00 00 00 00 00 F7
2025-09-26 11:56:03,032 - midi.sysex - DEBUG - SysEx parse: param_id=72, value=1, is_response=True, unit_id=1
2025-09-26 11:56:03,032 - midi.sysex - DEBUG - Received response: param 72 = 1
2025-09-26 11:56:03,032 - midi.connection - DEBUG - Parameter update: 72 = 1
2025-09-26 11:56:03,032 - midi.connection - DEBUG - Query successful: param 72 = 1
2025-09-26 11:56:03,435 - midi.connection - DEBUG - Sending query for parameter 73: SysEx: F0 04 17 3E 49 00 00 00 00 00 00 00 00 00 00 00 F7
2025-09-26 11:56:03,470 - midi.sysex - DEBUG - SysEx parse: param_id=73, value=0, is_response=True, unit_id=1
2025-09-26 11:56:03,470 - midi.sysex - DEBUG - Received response: param 73 = 0
2025-09-26 11:56:03,470 - midi.connection - DEBUG - Parameter update: 73 = 0
2025-09-26 11:56:03,470 - midi.connection - DEBUG - Query successful: param 73 = 0
2025-09-26 11:56:03,875 - midi.connection - DEBUG - Sending query for parameter 74: SysEx: F0 04 17 3E 4A 00 00 00 00 00 00 00 00 00 00 00 F7
2025-09-26 11:56:03,909 - midi.sysex - DEBUG - SysEx parse: param_id=74, value=0, is_response=True, unit_id=1
2025-09-26 11:56:03,909 - midi.sysex - DEBUG - Received response: param 74 = 0
2025-09-26 11:56:03,909 - midi.connection - DEBUG - Parameter update: 74 = 0
2025-09-26 11:56:03,909 - midi.connection - DEBUG - Query successful: param 74 = 0
2025-09-26 11:56:04,314 - midi.connection - DEBUG - Sending query for parameter 75: SysEx: F0 04 17 3E 4B 00 00 00 00 00 00 00 00 00 00 00 F7
2025-09-26 11:56:07,319 - midi.connection - WARNING - Timeout querying parameter 75
2025-09-26 11:56:07,319 - midi.connection - WARNING - Query attempt 1 failed for parameter 75
2025-09-26 11:56:07,720 - midi.connection - DEBUG - Sending query for parameter 75: SysEx: F0 04 17 3E 4B 00 00 00 00 00 00 00 00 00 00 00 F7
2025-09-26 11:56:10,720 - midi.connection - WARNING - Timeout querying parameter 75
2025-09-26 11:56:10,720 - midi.connection - WARNING - Query attempt 2 failed for parameter 75
2025-09-26 11:56:11,123 - midi.connection - DEBUG - Sending query for parameter 75: SysEx: F0 04 17 3E 4B 00 00 00 00 00 00 00 00 00 00 00 F7
2025-09-26 11:56:14,124 - midi.connection - WARNING - Timeout querying parameter 75
2025-09-26 11:56:14,124 - midi.connection - WARNING - Query attempt 3 failed for parameter 75
2025-09-26 11:56:14,124 - midi.connection - ERROR - Failed to query parameter 75 after 3 attempts
2025-09-26 11:56:14,126 - ui.main_window - DEBUG - Parameter 0 updated to 0
2025-09-26 11:56:14,126 - ui.main_window - DEBUG - Parameter 1 updated to 0
2025-09-26 11:56:14,127 - ui.main_window - DEBUG - Parameter 2 updated to 0
2025-09-26 11:56:14,127 - ui.main_window - DEBUG - Parameter 3 updated to 2
2025-09-26 11:56:14,127 - ui.main_window - DEBUG - Parameter 4 updated to 0
2025-09-26 11:56:14,127 - ui.main_window - DEBUG - Parameter 5 updated to 1
2025-09-26 11:56:14,127 - ui.main_window - DEBUG - Parameter 6 updated to 3
2025-09-26 11:56:14,128 - ui.main_window - DEBUG - Parameter 7 updated to 3
2025-09-26 11:56:14,128 - ui.main_window - DEBUG - Parameter 8 updated to 0
2025-09-26 11:56:14,128 - ui.main_window - DEBUG - Parameter 9 updated to 2
2025-09-26 11:56:14,128 - ui.main_window - DEBUG - Parameter 10 updated to 0
2025-09-26 11:56:14,128 - ui.main_window - DEBUG - Parameter 11 updated to 0
2025-09-26 11:56:14,129 - ui.main_window - DEBUG - Parameter 12 updated to 0
2025-09-26 11:56:14,129 - ui.main_window - DEBUG - Parameter 13 updated to 1
2025-09-26 11:56:14,129 - ui.main_window - DEBUG - Parameter 14 updated to 1
2025-09-26 11:56:14,129 - ui.main_window - DEBUG - Parameter 15 updated to 0
2025-09-26 11:56:14,129 - ui.main_window - DEBUG - Parameter 16 updated to 1
2025-09-26 11:56:14,129 - ui.main_window - DEBUG - Parameter 17 updated to 0
2025-09-26 11:56:14,129 - ui.main_window - DEBUG - Parameter 18 updated to 0
2025-09-26 11:56:14,129 - ui.main_window - DEBUG - Parameter 19 updated to 1
2025-09-26 11:56:14,129 - ui.main_window - DEBUG - Parameter 20 updated to 1
2025-09-26 11:56:14,129 - ui.main_window - DEBUG - Parameter 21 updated to 1
2025-09-26 11:56:14,129 - ui.main_window - DEBUG - Parameter 22 updated to 1
2025-09-26 11:56:14,130 - ui.main_window - DEBUG - Parameter 23 updated to 8192
2025-09-26 11:56:14,130 - ui.main_window - DEBUG - Parameter 24 updated to 1
2025-09-26 11:56:14,130 - ui.main_window - DEBUG - Parameter 25 updated to 0
2025-09-26 11:56:14,130 - ui.main_window - DEBUG - Parameter 26 updated to 1
2025-09-26 11:56:14,130 - ui.main_window - DEBUG - Parameter 27 updated to 0
2025-09-26 11:56:14,130 - ui.main_window - DEBUG - Parameter 28 updated to 1
2025-09-26 11:56:14,130 - ui.main_window - DEBUG - Parameter 29 updated to 0
2025-09-26 11:56:14,130 - ui.main_window - DEBUG - Parameter 30 updated to 0
2025-09-26 11:56:14,130 - ui.main_window - DEBUG - Parameter 31 updated to 0
2025-09-26 11:56:14,130 - ui.main_window - DEBUG - Parameter 32 updated to 1
2025-09-26 11:56:14,131 - ui.main_window - DEBUG - Parameter 33 updated to 1
2025-09-26 11:56:14,131 - ui.main_window - DEBUG - Parameter 34 updated to 1
2025-09-26 11:56:14,131 - ui.main_window - DEBUG - Parameter 35 updated to 12
2025-09-26 11:56:14,131 - ui.main_window - DEBUG - Parameter 36 updated to 12
2025-09-26 11:56:14,131 - ui.main_window - DEBUG - Parameter 37 updated to 2
2025-09-26 11:56:14,131 - ui.main_window - DEBUG - Parameter 38 updated to 2
2025-09-26 11:56:14,132 - ui.main_window - DEBUG - Parameter 39 updated to 1
2025-09-26 11:56:14,132 - ui.main_window - DEBUG - Parameter 40 updated to 0
2025-09-26 11:56:14,132 - ui.main_window - DEBUG - Parameter 41 updated to 0
2025-09-26 11:56:14,132 - ui.main_window - DEBUG - Parameter 42 updated to 0
2025-09-26 11:56:14,132 - ui.main_window - DEBUG - Parameter 43 updated to 7
2025-09-26 11:56:14,132 - ui.main_window - DEBUG - Parameter 44 updated to 7
2025-09-26 11:56:14,132 - ui.main_window - DEBUG - Parameter 45 updated to 7
2025-09-26 11:56:14,132 - ui.main_window - DEBUG - Parameter 46 updated to 0
2025-09-26 11:56:14,132 - ui.main_window - DEBUG - Parameter 47 updated to 0
2025-09-26 11:56:14,132 - ui.main_window - DEBUG - Parameter 48 updated to 0
2025-09-26 11:56:14,132 - ui.main_window - DEBUG - Parameter 49 updated to 0
2025-09-26 11:56:14,132 - ui.main_window - DEBUG - Parameter 50 updated to 0
2025-09-26 11:56:14,132 - ui.main_window - DEBUG - Parameter 51 updated to 0
2025-09-26 11:56:14,133 - ui.main_window - DEBUG - Parameter 52 updated to 1
2025-09-26 11:56:14,133 - ui.main_window - DEBUG - Parameter 53 updated to 0
2025-09-26 11:56:14,133 - ui.main_window - DEBUG - Parameter 54 updated to 0
2025-09-26 11:56:14,133 - ui.main_window - DEBUG - Parameter 55 updated to 0
2025-09-26 11:56:14,133 - ui.main_window - DEBUG - Parameter 56 updated to 0
2025-09-26 11:56:14,133 - ui.main_window - DEBUG - Parameter 57 updated to 1
2025-09-26 11:56:14,133 - ui.main_window - DEBUG - Parameter 58 updated to 0
2025-09-26 11:56:14,133 - ui.main_window - DEBUG - Parameter 59 updated to 0
2025-09-26 11:56:14,133 - ui.main_window - DEBUG - Parameter 60 updated to 0
2025-09-26 11:56:14,134 - ui.main_window - DEBUG - Parameter 61 updated to 0
2025-09-26 11:56:14,134 - ui.main_window - DEBUG - Parameter 62 updated to 0
2025-09-26 11:56:14,134 - ui.main_window - DEBUG - Parameter 63 updated to 0
2025-09-26 11:56:14,134 - ui.main_window - DEBUG - Parameter 64 updated to 0
2025-09-26 11:56:14,134 - ui.main_window - DEBUG - Parameter 65 updated to 0
2025-09-26 11:56:14,135 - ui.main_window - DEBUG - Parameter 66 updated to 1
2025-09-26 11:56:14,135 - ui.main_window - DEBUG - Parameter 67 updated to 2
2025-09-26 11:56:14,135 - ui.main_window - DEBUG - Parameter 68 updated to 0
2025-09-26 11:56:14,135 - ui.main_window - DEBUG - Parameter 69 updated to 0
2025-09-26 11:56:14,135 - ui.main_window - DEBUG - Parameter 70 updated to 0
2025-09-26 11:56:14,135 - ui.main_window - DEBUG - Parameter 71 updated to 0
2025-09-26 11:56:14,135 - ui.main_window - DEBUG - Parameter 72 updated to 1
2025-09-26 11:56:14,135 - ui.main_window - DEBUG - Parameter 73 updated to 0
2025-09-26 11:56:14,136 - ui.main_window - DEBUG - Parameter 74 updated to 0
2025-09-26 12:00:35,767 - midi.connection - DEBUG - Sending query for parameter 0: SysEx: F0 04 17 3E 00 00 00 00 00 00 00 00 00 00 00 00 F7
2025-09-26 12:00:35,802 - midi.sysex - DEBUG - SysEx parse: param_id=0, value=0, is_response=True, unit_id=1
2025-09-26 12:00:35,802 - midi.sysex - DEBUG - Received response: param 0 = 0
2025-09-26 12:00:35,802 - midi.connection - DEBUG - Parameter update: 0 = 0
2025-09-26 12:00:35,802 - midi.connection - DEBUG - Query successful: param 0 = 0
2025-09-26 12:00:36,207 - midi.connection - DEBUG - Sending query for parameter 1: SysEx: F0 04 17 3E 01 00 00 00 00 00 00 00 00 00 00 00 F7
2025-09-26 12:00:36,241 - midi.sysex - DEBUG - SysEx parse: param_id=1, value=0, is_response=True, unit_id=1
2025-09-26 12:00:36,253 - midi.sysex - DEBUG - Received response: param 1 = 0
2025-09-26 12:00:36,264 - midi.connection - DEBUG - Parameter update: 1 = 0
2025-09-26 12:00:36,264 - midi.connection - DEBUG - Query successful: param 1 = 0
2025-09-26 12:00:36,669 - midi.connection - DEBUG - Sending query for parameter 2: SysEx: F0 04 17 3E 02 00 00 00 00 00 00 00 00 00 00 00 F7
2025-09-26 12:00:36,701 - midi.sysex - DEBUG - SysEx parse: param_id=2, value=0, is_response=True, unit_id=1
2025-09-26 12:00:36,701 - midi.sysex - DEBUG - Received response: param 2 = 0
2025-09-26 12:00:36,702 - midi.connection - DEBUG - Parameter update: 2 = 0
2025-09-26 12:00:36,702 - midi.connection - DEBUG - Query successful: param 2 = 0
2025-09-26 12:00:37,104 - midi.connection - DEBUG - Sending query for parameter 3: SysEx: F0 04 17 3E 03 00 00 00 00 00 00 00 00 00 00 00 F7
2025-09-26 12:00:37,140 - midi.sysex - DEBUG - SysEx parse: param_id=3, value=2, is_response=True, unit_id=1
2025-09-26 12:00:37,153 - midi.sysex - DEBUG - Received response: param 3 = 2
2025-09-26 12:00:37,166 - midi.connection - DEBUG - Parameter update: 3 = 2
2025-09-26 12:00:37,172 - midi.connection - DEBUG - Query successful: param 3 = 2
2025-09-26 12:00:37,579 - midi.connection - DEBUG - Sending query for parameter 4: SysEx: F0 04 17 3E 04 00 00 00 00 00 00 00 00 00 00 00 F7
2025-09-26 12:00:37,611 - midi.sysex - DEBUG - SysEx parse: param_id=4, value=0, is_response=True, unit_id=1
2025-09-26 12:00:37,611 - midi.sysex - DEBUG - Received response: param 4 = 0
2025-09-26 12:00:37,611 - midi.connection - DEBUG - Parameter update: 4 = 0
2025-09-26 12:00:37,611 - midi.connection - DEBUG - Query successful: param 4 = 0
2025-09-26 12:00:38,012 - midi.connection - DEBUG - Sending query for parameter 5: SysEx: F0 04 17 3E 05 00 00 00 00 00 00 00 00 00 00 00 F7
2025-09-26 12:00:38,048 - midi.sysex - DEBUG - SysEx parse: param_id=5, value=1, is_response=True, unit_id=1
2025-09-26 12:00:38,055 - midi.sysex - DEBUG - Received response: param 5 = 1
2025-09-26 12:00:38,062 - midi.connection - DEBUG - Parameter update: 5 = 1
2025-09-26 12:00:38,062 - midi.connection - DEBUG - Query successful: param 5 = 1
2025-09-26 12:00:38,477 - midi.connection - DEBUG - Sending query for parameter 6: SysEx: F0 04 17 3E 06 00 00 00 00 00 00 00 00 00 00 00 F7
2025-09-26 12:00:38,510 - midi.sysex - DEBUG - SysEx parse: param_id=6, value=3, is_response=True, unit_id=1
2025-09-26 12:00:38,510 - midi.sysex - DEBUG - Received response: param 6 = 3
2025-09-26 12:00:38,510 - midi.connection - DEBUG - Parameter update: 6 = 3
2025-09-26 12:00:38,510 - midi.connection - DEBUG - Query successful: param 6 = 3
2025-09-26 12:00:38,915 - midi.connection - DEBUG - Sending query for parameter 7: SysEx: F0 04 17 3E 07 00 00 00 00 00 00 00 00 00 00 00 F7
2025-09-26 12:00:38,948 - midi.sysex - DEBUG - SysEx parse: param_id=7, value=3, is_response=True, unit_id=1
2025-09-26 12:00:38,956 - midi.sysex - DEBUG - Received response: param 7 = 3
2025-09-26 12:00:38,962 - midi.connection - DEBUG - Parameter update: 7 = 3
2025-09-26 12:00:38,962 - midi.connection - DEBUG - Query successful: param 7 = 3
2025-09-26 12:00:39,382 - midi.connection - DEBUG - Sending query for parameter 8: SysEx: F0 04 17 3E 08 00 00 00 00 00 00 00 00 00 00 00 F7
2025-09-26 12:00:39,414 - midi.sysex - DEBUG - SysEx parse: param_id=8, value=0, is_response=True, unit_id=1
2025-09-26 12:00:39,414 - midi.sysex - DEBUG - Received response: param 8 = 0
2025-09-26 12:00:39,414 - midi.connection - DEBUG - Parameter update: 8 = 0
2025-09-26 12:00:39,414 - midi.connection - DEBUG - Query successful: param 8 = 0
2025-09-26 12:00:39,819 - midi.connection - DEBUG - Sending query for parameter 9: SysEx: F0 04 17 3E 09 00 00 00 00 00 00 00 00 00 00 00 F7
2025-09-26 12:00:39,855 - midi.sysex - DEBUG - SysEx parse: param_id=9, value=2, is_response=True, unit_id=1
2025-09-26 12:00:39,862 - midi.sysex - DEBUG - Received response: param 9 = 2
2025-09-26 12:00:39,869 - midi.connection - DEBUG - Parameter update: 9 = 2
2025-09-26 12:00:39,877 - midi.connection - DEBUG - Query successful: param 9 = 2
2025-09-26 12:00:40,287 - midi.connection - DEBUG - Sending query for parameter 10: SysEx: F0 04 17 3E 0A 00 00 00 00 00 00 00 00 00 00 00 F7
2025-09-26 12:00:40,318 - midi.sysex - DEBUG - SysEx parse: param_id=10, value=0, is_response=True, unit_id=1
2025-09-26 12:00:40,318 - midi.sysex - DEBUG - Received response: param 10 = 0
2025-09-26 12:00:40,318 - midi.connection - DEBUG - Parameter update: 10 = 0
2025-09-26 12:00:40,318 - midi.connection - DEBUG - Query successful: param 10 = 0
2025-09-26 12:00:40,719 - midi.connection - DEBUG - Sending query for parameter 11: SysEx: F0 04 17 3E 0B 00 00 00 00 00 00 00 00 00 00 00 F7
2025-09-26 12:00:40,755 - midi.sysex - DEBUG - SysEx parse: param_id=11, value=0, is_response=True, unit_id=1
2025-09-26 12:00:40,769 - midi.sysex - DEBUG - Received response: param 11 = 0
2025-09-26 12:00:40,776 - midi.connection - DEBUG - Parameter update: 11 = 0
2025-09-26 12:00:40,783 - midi.connection - DEBUG - Query successful: param 11 = 0
2025-09-26 12:00:41,192 - midi.connection - DEBUG - Sending query for parameter 12: SysEx: F0 04 17 3E 0C 00 00 00 00 00 00 00 00 00 00 00 F7
2025-09-26 12:00:41,223 - midi.sysex - DEBUG - SysEx parse: param_id=12, value=0, is_response=True, unit_id=1
2025-09-26 12:00:41,223 - midi.sysex - DEBUG - Received response: param 12 = 0
2025-09-26 12:00:41,223 - midi.connection - DEBUG - Parameter update: 12 = 0
2025-09-26 12:00:41,223 - midi.connection - DEBUG - Query successful: param 12 = 0
2025-09-26 12:00:41,628 - midi.connection - DEBUG - Sending query for parameter 13: SysEx: F0 04 17 3E 0D 00 00 00 00 00 00 00 00 00 00 00 F7
2025-09-26 12:00:41,663 - midi.sysex - DEBUG - SysEx parse: param_id=13, value=1, is_response=True, unit_id=1
2025-09-26 12:00:41,670 - midi.sysex - DEBUG - Received response: param 13 = 1
2025-09-26 12:00:41,677 - midi.connection - DEBUG - Parameter update: 13 = 1
2025-09-26 12:00:41,677 - midi.connection - DEBUG - Query successful: param 13 = 1
2025-09-26 12:00:42,098 - midi.connection - DEBUG - Sending query for parameter 14: SysEx: F0 04 17 3E 0E 00 00 00 00 00 00 00 00 00 00 00 F7
2025-09-26 12:00:42,131 - midi.sysex - DEBUG - SysEx parse: param_id=14, value=1, is_response=True, unit_id=1
2025-09-26 12:00:42,131 - midi.sysex - DEBUG - Received response: param 14 = 1
2025-09-26 12:00:42,131 - midi.connection - DEBUG - Parameter update: 14 = 1
2025-09-26 12:00:42,132 - midi.connection - DEBUG - Query successful: param 14 = 1
2025-09-26 12:00:42,540 - midi.connection - DEBUG - Sending query for parameter 15: SysEx: F0 04 17 3E 0F 00 00 00 00 00 00 00 00 00 00 00 F7
2025-09-26 12:00:42,597 - midi.sysex - DEBUG - SysEx parse: param_id=15, value=0, is_response=True, unit_id=1
2025-09-26 12:00:42,597 - midi.sysex - DEBUG - Received response: param 15 = 0
2025-09-26 12:00:42,597 - midi.connection - DEBUG - Parameter update: 15 = 0
2025-09-26 12:00:42,597 - midi.connection - DEBUG - Query successful: param 15 = 0
2025-09-26 12:00:43,002 - midi.connection - DEBUG - Sending query for parameter 16: SysEx: F0 04 17 3E 10 00 00 00 00 00 00 00 00 00 00 00 F7
2025-09-26 12:00:43,040 - midi.sysex - DEBUG - SysEx parse: param_id=16, value=1, is_response=True, unit_id=1
2025-09-26 12:00:43,045 - midi.sysex - DEBUG - Received response: param 16 = 1
2025-09-26 12:00:43,052 - midi.connection - DEBUG - Parameter update: 16 = 1
2025-09-26 12:00:43,052 - midi.connection - DEBUG - Query successful: param 16 = 1
2025-09-26 12:00:43,504 - midi.connection - DEBUG - Sending query for parameter 17: SysEx: F0 04 17 3E 11 00 00 00 00 00 00 00 00 00 00 00 F7
2025-09-26 12:00:43,552 - midi.sysex - DEBUG - SysEx parse: param_id=17, value=0, is_response=True, unit_id=1
2025-09-26 12:00:43,559 - midi.sysex - DEBUG - Received response: param 17 = 0
2025-09-26 12:00:43,566 - midi.connection - DEBUG - Parameter update: 17 = 0
2025-09-26 12:00:43,566 - midi.connection - DEBUG - Query successful: param 17 = 0
2025-09-26 12:00:43,989 - midi.connection - DEBUG - Sending query for parameter 18: SysEx: F0 04 17 3E 12 00 00 00 00 00 00 00 00 00 00 00 F7
2025-09-26 12:00:44,038 - midi.sysex - DEBUG - SysEx parse: param_id=18, value=0, is_response=True, unit_id=1
2025-09-26 12:00:44,051 - midi.sysex - DEBUG - Received response: param 18 = 0
2025-09-26 12:00:44,059 - midi.connection - DEBUG - Parameter update: 18 = 0
2025-09-26 12:00:44,059 - midi.connection - DEBUG - Query successful: param 18 = 0
2025-09-26 12:00:44,503 - midi.connection - DEBUG - Sending query for parameter 19: SysEx: F0 04 17 3E 13 00 00 00 00 00 00 00 00 00 00 00 F7
2025-09-26 12:00:44,549 - midi.sysex - DEBUG - SysEx parse: param_id=19, value=1, is_response=True, unit_id=1
2025-09-26 12:00:44,561 - midi.sysex - DEBUG - Received response: param 19 = 1
2025-09-26 12:00:44,574 - midi.connection - DEBUG - Parameter update: 19 = 1
2025-09-26 12:00:44,574 - midi.connection - DEBUG - Query successful: param 19 = 1
2025-09-26 12:00:45,004 - midi.connection - DEBUG - Sending query for parameter 20: SysEx: F0 04 17 3E 14 00 00 00 00 00 00 00 00 00 00 00 F7
2025-09-26 12:00:45,047 - midi.sysex - DEBUG - SysEx parse: param_id=20, value=1, is_response=True, unit_id=1
2025-09-26 12:00:45,061 - midi.sysex - DEBUG - Received response: param 20 = 1
2025-09-26 12:00:45,067 - midi.connection - DEBUG - Parameter update: 20 = 1
2025-09-26 12:00:45,067 - midi.connection - DEBUG - Query successful: param 20 = 1
2025-09-26 12:00:45,489 - midi.connection - DEBUG - Sending query for parameter 21: SysEx: F0 04 17 3E 15 00 00 00 00 00 00 00 00 00 00 00 F7
2025-09-26 12:00:45,546 - midi.sysex - DEBUG - SysEx parse: param_id=21, value=1, is_response=True, unit_id=1
2025-09-26 12:00:45,559 - midi.sysex - DEBUG - Received response: param 21 = 1
2025-09-26 12:00:45,572 - midi.connection - DEBUG - Parameter update: 21 = 1
2025-09-26 12:00:45,572 - midi.connection - DEBUG - Query successful: param 21 = 1
2025-09-26 12:00:46,004 - midi.connection - DEBUG - Sending query for parameter 22: SysEx: F0 04 17 3E 16 00 00 00 00 00 00 00 00 00 00 00 F7
2025-09-26 12:00:46,047 - midi.sysex - DEBUG - SysEx parse: param_id=22, value=1, is_response=True, unit_id=1
2025-09-26 12:00:46,060 - midi.sysex - DEBUG - Received response: param 22 = 1
2025-09-26 12:00:46,067 - midi.connection - DEBUG - Parameter update: 22 = 1
2025-09-26 12:00:46,067 - midi.connection - DEBUG - Query successful: param 22 = 1
2025-09-26 12:00:46,514 - midi.connection - DEBUG - Sending query for parameter 23: SysEx: F0 04 17 3E 17 00 00 00 00 00 00 00 00 00 00 00 F7
2025-09-26 12:00:46,563 - midi.sysex - DEBUG - SysEx parse: param_id=23, value=8192, is_response=True, unit_id=1
2025-09-26 12:00:46,576 - midi.sysex - DEBUG - Received response: param 23 = 8192
2025-09-26 12:00:46,583 - midi.connection - DEBUG - Parameter update: 23 = 8192
2025-09-26 12:00:46,583 - midi.connection - DEBUG - Query successful: param 23 = 8192
2025-09-26 12:00:47,011 - midi.connection - DEBUG - Sending query for parameter 24: SysEx: F0 04 17 3E 18 00 00 00 00 00 00 00 00 00 00 00 F7
2025-09-26 12:00:47,061 - midi.sysex - DEBUG - SysEx parse: param_id=24, value=1, is_response=True, unit_id=1
2025-09-26 12:00:47,075 - midi.sysex - DEBUG - Received response: param 24 = 1
2025-09-26 12:00:47,082 - midi.connection - DEBUG - Parameter update: 24 = 1
2025-09-26 12:00:47,082 - midi.connection - DEBUG - Query successful: param 24 = 1
2025-09-26 12:00:47,517 - midi.connection - DEBUG - Sending query for parameter 25: SysEx: F0 04 17 3E 19 00 00 00 00 00 00 00 00 00 00 00 F7
2025-09-26 12:00:47,562 - midi.sysex - DEBUG - SysEx parse: param_id=25, value=0, is_response=True, unit_id=1
2025-09-26 12:00:47,575 - midi.sysex - DEBUG - Received response: param 25 = 0
2025-09-26 12:00:47,589 - midi.connection - DEBUG - Parameter update: 25 = 0
2025-09-26 12:00:47,589 - midi.connection - DEBUG - Query successful: param 25 = 0
2025-09-26 12:00:48,006 - midi.connection - DEBUG - Sending query for parameter 26: SysEx: F0 04 17 3E 1A 00 00 00 00 00 00 00 00 00 00 00 F7
2025-09-26 12:00:48,063 - midi.sysex - DEBUG - SysEx parse: param_id=26, value=1, is_response=True, unit_id=1
2025-09-26 12:00:48,076 - midi.sysex - DEBUG - Received response: param 26 = 1
2025-09-26 12:00:48,083 - midi.connection - DEBUG - Parameter update: 26 = 1
2025-09-26 12:00:48,089 - midi.connection - DEBUG - Query successful: param 26 = 1
2025-09-26 12:00:48,525 - midi.connection - DEBUG - Sending query for parameter 27: SysEx: F0 04 17 3E 1B 00 00 00 00 00 00 00 00 00 00 00 F7
2025-09-26 12:00:48,612 - midi.sysex - DEBUG - SysEx parse: param_id=27, value=0, is_response=True, unit_id=1
2025-09-26 12:00:48,626 - midi.sysex - DEBUG - Received response: param 27 = 0
2025-09-26 12:00:48,634 - midi.connection - DEBUG - Parameter update: 27 = 0
2025-09-26 12:00:48,634 - midi.connection - DEBUG - Query successful: param 27 = 0
2025-09-26 12:00:49,064 - midi.connection - DEBUG - Sending query for parameter 28: SysEx: F0 04 17 3E 1C 00 00 00 00 00 00 00 00 00 00 00 F7
2025-09-26 12:00:49,126 - midi.sysex - DEBUG - SysEx parse: param_id=28, value=1, is_response=True, unit_id=1
2025-09-26 12:00:49,132 - midi.sysex - DEBUG - Received response: param 28 = 1
2025-09-26 12:00:49,140 - midi.connection - DEBUG - Parameter update: 28 = 1
2025-09-26 12:00:49,140 - midi.connection - DEBUG - Query successful: param 28 = 1
2025-09-26 12:00:49,556 - midi.connection - DEBUG - Sending query for parameter 29: SysEx: F0 04 17 3E 1D 00 00 00 00 00 00 00 00 00 00 00 F7
2025-09-26 12:00:49,609 - midi.sysex - DEBUG - SysEx parse: param_id=29, value=0, is_response=True, unit_id=1
2025-09-26 12:00:49,617 - midi.sysex - DEBUG - Received response: param 29 = 0
2025-09-26 12:00:49,625 - midi.connection - DEBUG - Parameter update: 29 = 0
2025-09-26 12:00:49,625 - midi.connection - DEBUG - Query successful: param 29 = 0
2025-09-26 12:00:50,060 - midi.connection - DEBUG - Sending query for parameter 30: SysEx: F0 04 17 3E 1E 00 00 00 00 00 00 00 00 00 00 00 F7
2025-09-26 12:00:50,130 - midi.sysex - DEBUG - SysEx parse: param_id=30, value=0, is_response=True, unit_id=1
2025-09-26 12:00:50,130 - midi.sysex - DEBUG - Received response: param 30 = 0
2025-09-26 12:00:50,130 - midi.connection - DEBUG - Parameter update: 30 = 0
2025-09-26 12:00:50,130 - midi.connection - DEBUG - Query successful: param 30 = 0
2025-09-26 12:00:50,541 - midi.connection - DEBUG - Sending query for parameter 31: SysEx: F0 04 17 3E 1F 00 00 00 00 00 00 00 00 00 00 00 F7
2025-09-26 12:00:50,598 - midi.sysex - DEBUG - SysEx parse: param_id=31, value=0, is_response=True, unit_id=1
2025-09-26 12:00:50,604 - midi.sysex - DEBUG - Received response: param 31 = 0
2025-09-26 12:00:50,611 - midi.connection - DEBUG - Parameter update: 31 = 0
2025-09-26 12:00:50,611 - midi.connection - DEBUG - Query successful: param 31 = 0
2025-09-26 12:00:51,039 - midi.connection - DEBUG - Sending query for parameter 32: SysEx: F0 04 17 3E 20 00 00 00 00 00 00 00 00 00 00 00 F7
2025-09-26 12:00:51,090 - midi.sysex - DEBUG - SysEx parse: param_id=32, value=1, is_response=True, unit_id=1
2025-09-26 12:00:51,096 - midi.sysex - DEBUG - Received response: param 32 = 1
2025-09-26 12:00:51,103 - midi.connection - DEBUG - Parameter update: 32 = 1
2025-09-26 12:00:51,103 - midi.connection - DEBUG - Query successful: param 32 = 1
2025-09-26 12:00:51,531 - midi.connection - DEBUG - Sending query for parameter 33: SysEx: F0 04 17 3E 21 00 00 00 00 00 00 00 00 00 00 00 F7
2025-09-26 12:00:51,586 - midi.sysex - DEBUG - SysEx parse: param_id=33, value=1, is_response=True, unit_id=1
2025-09-26 12:00:51,600 - midi.sysex - DEBUG - Received response: param 33 = 1
2025-09-26 12:00:51,612 - midi.connection - DEBUG - Parameter update: 33 = 1
2025-09-26 12:00:51,619 - midi.connection - DEBUG - Query successful: param 33 = 1
2025-09-26 12:00:52,054 - midi.connection - DEBUG - Sending query for parameter 34: SysEx: F0 04 17 3E 22 00 00 00 00 00 00 00 00 00 00 00 F7
2025-09-26 12:00:52,103 - midi.sysex - DEBUG - SysEx parse: param_id=34, value=1, is_response=True, unit_id=1
2025-09-26 12:00:52,119 - midi.sysex - DEBUG - Received response: param 34 = 1
2025-09-26 12:00:52,132 - midi.connection - DEBUG - Parameter update: 34 = 1
2025-09-26 12:00:52,139 - midi.connection - DEBUG - Query successful: param 34 = 1
2025-09-26 12:00:52,566 - midi.connection - DEBUG - Sending query for parameter 35: SysEx: F0 04 17 3E 23 00 00 00 00 00 00 00 00 00 00 00 F7
2025-09-26 12:00:52,622 - midi.sysex - DEBUG - SysEx parse: param_id=35, value=12, is_response=True, unit_id=1
2025-09-26 12:00:52,637 - midi.sysex - DEBUG - Received response: param 35 = 12
2025-09-26 12:00:52,640 - midi.connection - DEBUG - Parameter update: 35 = 12
2025-09-26 12:00:52,640 - midi.connection - DEBUG - Query successful: param 35 = 12
2025-09-26 12:00:53,047 - midi.connection - DEBUG - Sending query for parameter 36: SysEx: F0 04 17 3E 24 00 00 00 00 00 00 00 00 00 00 00 F7
2025-09-26 12:00:53,095 - midi.sysex - DEBUG - SysEx parse: param_id=36, value=12, is_response=True, unit_id=1
2025-09-26 12:00:53,100 - midi.sysex - DEBUG - Received response: param 36 = 12
2025-09-26 12:00:53,100 - midi.connection - DEBUG - Parameter update: 36 = 12
2025-09-26 12:00:53,100 - midi.connection - DEBUG - Query successful: param 36 = 12
2025-09-26 12:00:53,511 - midi.connection - DEBUG - Sending query for parameter 37: SysEx: F0 04 17 3E 25 00 00 00 00 00 00 00 00 00 00 00 F7
2025-09-26 12:00:53,568 - midi.sysex - DEBUG - SysEx parse: param_id=37, value=2, is_response=True, unit_id=1
2025-09-26 12:00:53,578 - midi.sysex - DEBUG - Received response: param 37 = 2
2025-09-26 12:00:53,578 - midi.connection - DEBUG - Parameter update: 37 = 2
2025-09-26 12:00:53,578 - midi.connection - DEBUG - Query successful: param 37 = 2
2025-09-26 12:00:53,990 - midi.connection - DEBUG - Sending query for parameter 38: SysEx: F0 04 17 3E 26 00 00 00 00 00 00 00 00 00 00 00 F7
2025-09-26 12:00:54,043 - midi.sysex - DEBUG - SysEx parse: param_id=38, value=2, is_response=True, unit_id=1
2025-09-26 12:00:54,049 - midi.sysex - DEBUG - Received response: param 38 = 2
2025-09-26 12:00:54,056 - midi.connection - DEBUG - Parameter update: 38 = 2
2025-09-26 12:00:54,056 - midi.connection - DEBUG - Query successful: param 38 = 2
2025-09-26 12:00:54,484 - midi.connection - DEBUG - Sending query for parameter 39: SysEx: F0 04 17 3E 27 00 00 00 00 00 00 00 00 00 00 00 F7
2025-09-26 12:00:54,536 - midi.sysex - DEBUG - SysEx parse: param_id=39, value=1, is_response=True, unit_id=1
2025-09-26 12:00:54,548 - midi.sysex - DEBUG - Received response: param 39 = 1
2025-09-26 12:00:54,561 - midi.connection - DEBUG - Parameter update: 39 = 1
2025-09-26 12:00:54,561 - midi.connection - DEBUG - Query successful: param 39 = 1
2025-09-26 12:00:54,982 - midi.connection - DEBUG - Sending query for parameter 40: SysEx: F0 04 17 3E 28 00 00 00 00 00 00 00 00 00 00 00 F7
2025-09-26 12:00:55,045 - midi.sysex - DEBUG - SysEx parse: param_id=40, value=0, is_response=True, unit_id=1
2025-09-26 12:00:55,050 - midi.sysex - DEBUG - Received response: param 40 = 0
2025-09-26 12:00:55,050 - midi.connection - DEBUG - Parameter update: 40 = 0
2025-09-26 12:00:55,050 - midi.connection - DEBUG - Query successful: param 40 = 0
2025-09-26 12:00:55,500 - midi.connection - DEBUG - Sending query for parameter 41: SysEx: F0 04 17 3E 29 00 00 00 00 00 00 00 00 00 00 00 F7
2025-09-26 12:00:55,562 - midi.sysex - DEBUG - SysEx parse: param_id=41, value=0, is_response=True, unit_id=1
2025-09-26 12:00:55,580 - midi.sysex - DEBUG - Received response: param 41 = 0
2025-09-26 12:00:55,592 - midi.connection - DEBUG - Parameter update: 41 = 0
2025-09-26 12:00:55,592 - midi.connection - DEBUG - Query successful: param 41 = 0
2025-09-26 12:00:56,058 - midi.connection - DEBUG - Sending query for parameter 42: SysEx: F0 04 17 3E 2A 00 00 00 00 00 00 00 00 00 00 00 F7
2025-09-26 12:00:56,112 - midi.sysex - DEBUG - SysEx parse: param_id=42, value=0, is_response=True, unit_id=1
2025-09-26 12:00:56,127 - midi.sysex - DEBUG - Received response: param 42 = 0
2025-09-26 12:00:56,136 - midi.connection - DEBUG - Parameter update: 42 = 0
2025-09-26 12:00:56,136 - midi.connection - DEBUG - Query successful: param 42 = 0
2025-09-26 12:00:56,551 - midi.connection - DEBUG - Sending query for parameter 43: SysEx: F0 04 17 3E 2B 00 00 00 00 00 00 00 00 00 00 00 F7
2025-09-26 12:00:56,642 - midi.sysex - DEBUG - SysEx parse: param_id=43, value=7, is_response=True, unit_id=1
2025-09-26 12:00:56,655 - midi.sysex - DEBUG - Received response: param 43 = 7
2025-09-26 12:00:56,662 - midi.connection - DEBUG - Parameter update: 43 = 7
2025-09-26 12:00:56,662 - midi.connection - DEBUG - Query successful: param 43 = 7
2025-09-26 12:00:57,093 - midi.connection - DEBUG - Sending query for parameter 44: SysEx: F0 04 17 3E 2C 00 00 00 00 00 00 00 00 00 00 00 F7
2025-09-26 12:00:57,144 - midi.sysex - DEBUG - SysEx parse: param_id=44, value=7, is_response=True, unit_id=1
2025-09-26 12:00:57,151 - midi.sysex - DEBUG - Received response: param 44 = 7
2025-09-26 12:00:57,157 - midi.connection - DEBUG - Parameter update: 44 = 7
2025-09-26 12:00:57,157 - midi.connection - DEBUG - Query successful: param 44 = 7
2025-09-26 12:00:57,583 - midi.connection - DEBUG - Sending query for parameter 45: SysEx: F0 04 17 3E 2D 00 00 00 00 00 00 00 00 00 00 00 F7
2025-09-26 12:00:57,651 - midi.sysex - DEBUG - SysEx parse: param_id=45, value=7, is_response=True, unit_id=1
2025-09-26 12:00:57,658 - midi.sysex - DEBUG - Received response: param 45 = 7
2025-09-26 12:00:57,666 - midi.connection - DEBUG - Parameter update: 45 = 7
2025-09-26 12:00:57,666 - midi.connection - DEBUG - Query successful: param 45 = 7
2025-09-26 12:00:58,096 - midi.connection - DEBUG - Sending query for parameter 46: SysEx: F0 04 17 3E 2E 00 00 00 00 00 00 00 00 00 00 00 F7
2025-09-26 12:00:58,156 - midi.sysex - DEBUG - SysEx parse: param_id=46, value=0, is_response=True, unit_id=1
2025-09-26 12:00:58,164 - midi.sysex - DEBUG - Received response: param 46 = 0
2025-09-26 12:00:58,171 - midi.connection - DEBUG - Parameter update: 46 = 0
2025-09-26 12:00:58,178 - midi.connection - DEBUG - Query successful: param 46 = 0
2025-09-26 12:00:58,585 - midi.connection - DEBUG - Sending query for parameter 47: SysEx: F0 04 17 3E 2F 00 00 00 00 00 00 00 00 00 00 00 F7
2025-09-26 12:00:58,646 - midi.sysex - DEBUG - SysEx parse: param_id=47, value=0, is_response=True, unit_id=1
2025-09-26 12:00:58,654 - midi.sysex - DEBUG - Received response: param 47 = 0
2025-09-26 12:00:58,662 - midi.connection - DEBUG - Parameter update: 47 = 0
2025-09-26 12:00:58,662 - midi.connection - DEBUG - Query successful: param 47 = 0
2025-09-26 12:00:59,090 - midi.connection - DEBUG - Sending query for parameter 48: SysEx: F0 04 17 3E 30 00 00 00 00 00 00 00 00 00 00 00 F7
2025-09-26 12:00:59,145 - midi.sysex - DEBUG - SysEx parse: param_id=48, value=0, is_response=True, unit_id=1
2025-09-26 12:00:59,153 - midi.sysex - DEBUG - Received response: param 48 = 0
2025-09-26 12:00:59,153 - midi.connection - DEBUG - Parameter update: 48 = 0
2025-09-26 12:00:59,153 - midi.connection - DEBUG - Query successful: param 48 = 0
2025-09-26 12:00:59,583 - midi.connection - DEBUG - Sending query for parameter 49: SysEx: F0 04 17 3E 31 00 00 00 00 00 00 00 00 00 00 00 F7
2025-09-26 12:00:59,625 - midi.sysex - DEBUG - SysEx parse: param_id=49, value=0, is_response=True, unit_id=1
2025-09-26 12:00:59,634 - midi.sysex - DEBUG - Received response: param 49 = 0
2025-09-26 12:00:59,634 - midi.connection - DEBUG - Parameter update: 49 = 0
2025-09-26 12:00:59,634 - midi.connection - DEBUG - Query successful: param 49 = 0
2025-09-26 12:01:00,051 - midi.connection - DEBUG - Sending query for parameter 50: SysEx: F0 04 17 3E 32 00 00 00 00 00 00 00 00 00 00 00 F7
2025-09-26 12:01:00,101 - midi.sysex - DEBUG - SysEx parse: param_id=50, value=0, is_response=True, unit_id=1
2025-09-26 12:01:00,110 - midi.sysex - DEBUG - Received response: param 50 = 0
2025-09-26 12:01:00,113 - midi.connection - DEBUG - Parameter update: 50 = 0
2025-09-26 12:01:00,113 - midi.connection - DEBUG - Query successful: param 50 = 0
2025-09-26 12:01:00,524 - midi.connection - DEBUG - Sending query for parameter 51: SysEx: F0 04 17 3E 33 00 00 00 00 00 00 00 00 00 00 00 F7
2025-09-26 12:01:00,583 - midi.sysex - DEBUG - SysEx parse: param_id=51, value=0, is_response=True, unit_id=1
2025-09-26 12:01:00,584 - midi.sysex - DEBUG - Received response: param 51 = 0
2025-09-26 12:01:00,584 - midi.connection - DEBUG - Parameter update: 51 = 0
2025-09-26 12:01:00,584 - midi.connection - DEBUG - Query successful: param 51 = 0
2025-09-26 12:01:00,989 - midi.connection - DEBUG - Sending query for parameter 52: SysEx: F0 04 17 3E 34 00 00 00 00 00 00 00 00 00 00 00 F7
2025-09-26 12:01:01,039 - midi.sysex - DEBUG - SysEx parse: param_id=52, value=1, is_response=True, unit_id=1
2025-09-26 12:01:01,054 - midi.sysex - DEBUG - Received response: param 52 = 1
2025-09-26 12:01:01,063 - midi.connection - DEBUG - Parameter update: 52 = 1
2025-09-26 12:01:01,063 - midi.connection - DEBUG - Query successful: param 52 = 1
2025-09-26 12:01:01,480 - midi.connection - DEBUG - Sending query for parameter 53: SysEx: F0 04 17 3E 35 00 00 00 00 00 00 00 00 00 00 00 F7
2025-09-26 12:01:01,538 - midi.sysex - DEBUG - SysEx parse: param_id=53, value=0, is_response=True, unit_id=1
2025-09-26 12:01:01,547 - midi.sysex - DEBUG - Received response: param 53 = 0
2025-09-26 12:01:01,556 - midi.connection - DEBUG - Parameter update: 53 = 0
2025-09-26 12:01:01,556 - midi.connection - DEBUG - Query successful: param 53 = 0
2025-09-26 12:01:01,965 - midi.connection - DEBUG - Sending query for parameter 54: SysEx: F0 04 17 3E 36 00 00 00 00 00 00 00 00 00 00 00 F7
2025-09-26 12:01:02,015 - midi.sysex - DEBUG - SysEx parse: param_id=54, value=0, is_response=True, unit_id=1
2025-09-26 12:01:02,023 - midi.sysex - DEBUG - Received response: param 54 = 0
2025-09-26 12:01:02,029 - midi.connection - DEBUG - Parameter update: 54 = 0
2025-09-26 12:01:02,029 - midi.connection - DEBUG - Query successful: param 54 = 0
2025-09-26 12:01:02,452 - midi.connection - DEBUG - Sending query for parameter 55: SysEx: F0 04 17 3E 37 00 00 00 00 00 00 00 00 00 00 00 F7
2025-09-26 12:01:02,507 - midi.sysex - DEBUG - SysEx parse: param_id=55, value=0, is_response=True, unit_id=1
2025-09-26 12:01:02,514 - midi.sysex - DEBUG - Received response: param 55 = 0
2025-09-26 12:01:02,522 - midi.connection - DEBUG - Parameter update: 55 = 0
2025-09-26 12:01:02,522 - midi.connection - DEBUG - Query successful: param 55 = 0
2025-09-26 12:01:02,948 - midi.connection - DEBUG - Sending query for parameter 56: SysEx: F0 04 17 3E 38 00 00 00 00 00 00 00 00 00 00 00 F7
2025-09-26 12:01:02,997 - midi.sysex - DEBUG - SysEx parse: param_id=56, value=0, is_response=True, unit_id=1
2025-09-26 12:01:03,003 - midi.sysex - DEBUG - Received response: param 56 = 0
2025-09-26 12:01:03,010 - midi.connection - DEBUG - Parameter update: 56 = 0
2025-09-26 12:01:03,010 - midi.connection - DEBUG - Query successful: param 56 = 0
2025-09-26 12:01:03,469 - midi.connection - DEBUG - Sending query for parameter 57: SysEx: F0 04 17 3E 39 00 00 00 00 00 00 00 00 00 00 00 F7
2025-09-26 12:01:03,518 - midi.sysex - DEBUG - SysEx parse: param_id=57, value=1, is_response=True, unit_id=1
2025-09-26 12:01:03,526 - midi.sysex - DEBUG - Received response: param 57 = 1
2025-09-26 12:01:03,534 - midi.connection - DEBUG - Parameter update: 57 = 1
2025-09-26 12:01:03,534 - midi.connection - DEBUG - Query successful: param 57 = 1
2025-09-26 12:01:03,971 - midi.connection - DEBUG - Sending query for parameter 58: SysEx: F0 04 17 3E 3A 00 00 00 00 00 00 00 00 00 00 00 F7
2025-09-26 12:01:04,020 - midi.sysex - DEBUG - SysEx parse: param_id=58, value=0, is_response=True, unit_id=1
2025-09-26 12:01:04,026 - midi.sysex - DEBUG - Received response: param 58 = 0
2025-09-26 12:01:04,033 - midi.connection - DEBUG - Parameter update: 58 = 0
2025-09-26 12:01:04,033 - midi.connection - DEBUG - Query successful: param 58 = 0
2025-09-26 12:01:04,480 - midi.connection - DEBUG - Sending query for parameter 59: SysEx: F0 04 17 3E 3B 00 00 00 00 00 00 00 00 00 00 00 F7
2025-09-26 12:01:04,533 - midi.sysex - DEBUG - SysEx parse: param_id=59, value=0, is_response=True, unit_id=1
2025-09-26 12:01:04,540 - midi.sysex - DEBUG - Received response: param 59 = 0
2025-09-26 12:01:04,546 - midi.connection - DEBUG - Parameter update: 59 = 0
2025-09-26 12:01:04,546 - midi.connection - DEBUG - Query successful: param 59 = 0
2025-09-26 12:01:04,973 - midi.connection - DEBUG - Sending query for parameter 60: SysEx: F0 04 17 3E 3C 00 00 00 00 00 00 00 00 00 00 00 F7
2025-09-26 12:01:05,059 - midi.sysex - DEBUG - SysEx parse: param_id=60, value=0, is_response=True, unit_id=1
2025-09-26 12:01:05,068 - midi.sysex - DEBUG - Received response: param 60 = 0
2025-09-26 12:01:05,077 - midi.connection - DEBUG - Parameter update: 60 = 0
2025-09-26 12:01:05,086 - midi.connection - DEBUG - Query successful: param 60 = 0
2025-09-26 12:01:05,502 - midi.connection - DEBUG - Sending query for parameter 61: SysEx: F0 04 17 3E 3D 00 00 00 00 00 00 00 00 00 00 00 F7
2025-09-26 12:01:05,570 - midi.sysex - DEBUG - SysEx parse: param_id=61, value=0, is_response=True, unit_id=1
2025-09-26 12:01:05,577 - midi.sysex - DEBUG - Received response: param 61 = 0
2025-09-26 12:01:05,584 - midi.connection - DEBUG - Parameter update: 61 = 0
2025-09-26 12:01:05,584 - midi.connection - DEBUG - Query successful: param 61 = 0
2025-09-26 12:01:06,012 - midi.connection - DEBUG - Sending query for parameter 62: SysEx: F0 04 17 3E 3E 00 00 00 00 00 00 00 00 00 00 00 F7
2025-09-26 12:01:06,066 - midi.sysex - DEBUG - SysEx parse: param_id=62, value=0, is_response=True, unit_id=1
2025-09-26 12:01:06,078 - midi.sysex - DEBUG - Received response: param 62 = 0
2025-09-26 12:01:06,078 - midi.connection - DEBUG - Parameter update: 62 = 0
2025-09-26 12:01:06,078 - midi.connection - DEBUG - Query successful: param 62 = 0
2025-09-26 12:01:06,499 - midi.connection - DEBUG - Sending query for parameter 63: SysEx: F0 04 17 3E 3F 00 00 00 00 00 00 00 00 00 00 00 F7
2025-09-26 12:01:06,561 - midi.sysex - DEBUG - SysEx parse: param_id=63, value=0, is_response=True, unit_id=1
2025-09-26 12:01:06,576 - midi.sysex - DEBUG - Received response: param 63 = 0
2025-09-26 12:01:06,583 - midi.connection - DEBUG - Parameter update: 63 = 0
2025-09-26 12:01:06,583 - midi.connection - DEBUG - Query successful: param 63 = 0
2025-09-26 12:01:07,009 - midi.connection - DEBUG - Sending query for parameter 64: SysEx: F0 04 17 3E 40 00 00 00 00 00 00 00 00 00 00 00 F7
2025-09-26 12:01:07,100 - midi.sysex - DEBUG - SysEx parse: param_id=64, value=0, is_response=True, unit_id=1
2025-09-26 12:01:07,115 - midi.sysex - DEBUG - Received response: param 64 = 0
2025-09-26 12:01:07,123 - midi.connection - DEBUG - Parameter update: 64 = 0
2025-09-26 12:01:07,123 - midi.connection - DEBUG - Query successful: param 64 = 0
2025-09-26 12:01:07,537 - midi.connection - DEBUG - Sending query for parameter 65: SysEx: F0 04 17 3E 41 00 00 00 00 00 00 00 00 00 00 00 F7
2025-09-26 12:01:07,644 - midi.sysex - DEBUG - SysEx parse: param_id=65, value=0, is_response=True, unit_id=1
2025-09-26 12:01:07,658 - midi.sysex - DEBUG - Received response: param 65 = 0
2025-09-26 12:01:07,665 - midi.connection - DEBUG - Parameter update: 65 = 0
2025-09-26 12:01:07,665 - midi.connection - DEBUG - Query successful: param 65 = 0
2025-09-26 12:01:08,096 - midi.connection - DEBUG - Sending query for parameter 66: SysEx: F0 04 17 3E 42 00 00 00 00 00 00 00 00 00 00 00 F7
2025-09-26 12:01:08,182 - midi.sysex - DEBUG - SysEx parse: param_id=66, value=1, is_response=True, unit_id=1
2025-09-26 12:01:08,182 - midi.sysex - DEBUG - Received response: param 66 = 1
2025-09-26 12:01:08,182 - midi.connection - DEBUG - Parameter update: 66 = 1
2025-09-26 12:01:08,182 - midi.connection - DEBUG - Query successful: param 66 = 1
2025-09-26 12:01:08,586 - midi.connection - DEBUG - Sending query for parameter 67: SysEx: F0 04 17 3E 43 00 00 00 00 00 00 00 00 00 00 00 F7
2025-09-26 12:01:08,634 - midi.sysex - DEBUG - SysEx parse: param_id=67, value=2, is_response=True, unit_id=1
2025-09-26 12:01:08,648 - midi.sysex - DEBUG - Received response: param 67 = 2
2025-09-26 12:01:08,654 - midi.connection - DEBUG - Parameter update: 67 = 2
2025-09-26 12:01:08,654 - midi.connection - DEBUG - Query successful: param 67 = 2
2025-09-26 12:01:09,084 - midi.connection - DEBUG - Sending query for parameter 68: SysEx: F0 04 17 3E 44 00 00 00 00 00 00 00 00 00 00 00 F7
2025-09-26 12:01:09,140 - midi.sysex - DEBUG - SysEx parse: param_id=68, value=0, is_response=True, unit_id=1
2025-09-26 12:01:09,147 - midi.sysex - DEBUG - Received response: param 68 = 0
2025-09-26 12:01:09,154 - midi.connection - DEBUG - Parameter update: 68 = 0
2025-09-26 12:01:09,154 - midi.connection - DEBUG - Query successful: param 68 = 0
2025-09-26 12:01:09,585 - midi.connection - DEBUG - Sending query for parameter 69: SysEx: F0 04 17 3E 45 00 00 00 00 00 00 00 00 00 00 00 F7
2025-09-26 12:01:09,630 - midi.sysex - DEBUG - SysEx parse: param_id=69, value=0, is_response=True, unit_id=1
2025-09-26 12:01:09,637 - midi.sysex - DEBUG - Received response: param 69 = 0
2025-09-26 12:01:09,644 - midi.connection - DEBUG - Parameter update: 69 = 0
2025-09-26 12:01:09,644 - midi.connection - DEBUG - Query successful: param 69 = 0
2025-09-26 12:01:10,066 - midi.connection - DEBUG - Sending query for parameter 70: SysEx: F0 04 17 3E 46 00 00 00 00 00 00 00 00 00 00 00 F7
2025-09-26 12:01:10,170 - midi.sysex - DEBUG - SysEx parse: param_id=70, value=0, is_response=True, unit_id=1
2025-09-26 12:01:10,179 - midi.sysex - DEBUG - Received response: param 70 = 0
2025-09-26 12:01:10,188 - midi.connection - DEBUG - Parameter update: 70 = 0
2025-09-26 12:01:10,188 - midi.connection - DEBUG - Query successful: param 70 = 0
2025-09-26 12:01:10,609 - midi.connection - DEBUG - Sending query for parameter 71: SysEx: F0 04 17 3E 47 00 00 00 00 00 00 00 00 00 00 00 F7
2025-09-26 12:01:10,665 - midi.sysex - DEBUG - SysEx parse: param_id=71, value=0, is_response=True, unit_id=1
2025-09-26 12:01:10,673 - midi.sysex - DEBUG - Received response: param 71 = 0
2025-09-26 12:01:10,682 - midi.connection - DEBUG - Parameter update: 71 = 0
2025-09-26 12:01:10,682 - midi.connection - DEBUG - Query successful: param 71 = 0
2025-09-26 12:01:11,127 - midi.connection - DEBUG - Sending query for parameter 72: SysEx: F0 04 17 3E 48 00 00 00 00 00 00 00 00 00 00 00 F7
2025-09-26 12:01:11,173 - midi.sysex - DEBUG - SysEx parse: param_id=72, value=1, is_response=True, unit_id=1
2025-09-26 12:01:11,173 - midi.sysex - DEBUG - Received response: param 72 = 1
2025-09-26 12:01:11,173 - midi.connection - DEBUG - Parameter update: 72 = 1
2025-09-26 12:01:11,173 - midi.connection - DEBUG - Query successful: param 72 = 1
2025-09-26 12:01:11,578 - midi.connection - DEBUG - Sending query for parameter 73: SysEx: F0 04 17 3E 49 00 00 00 00 00 00 00 00 00 00 00 F7
2025-09-26 12:01:11,623 - midi.sysex - DEBUG - SysEx parse: param_id=73, value=0, is_response=True, unit_id=1
2025-09-26 12:01:11,623 - midi.sysex - DEBUG - Received response: param 73 = 0
2025-09-26 12:01:11,623 - midi.connection - DEBUG - Parameter update: 73 = 0
2025-09-26 12:01:11,623 - midi.connection - DEBUG - Query successful: param 73 = 0
2025-09-26 12:01:12,032 - midi.connection - DEBUG - Sending query for parameter 74: SysEx: F0 04 17 3E 4A 00 00 00 00 00 00 00 00 00 00 00 F7
2025-09-26 12:01:12,069 - midi.sysex - DEBUG - SysEx parse: param_id=74, value=0, is_response=True, unit_id=1
2025-09-26 12:01:12,076 - midi.sysex - DEBUG - Received response: param 74 = 0
2025-09-26 12:01:12,082 - midi.connection - DEBUG - Parameter update: 74 = 0
2025-09-26 12:01:12,082 - midi.connection - DEBUG - Query successful: param 74 = 0
2025-09-26 12:01:12,513 - midi.connection - DEBUG - Sending query for parameter 75: SysEx: F0 04 17 3E 4B 00 00 00 00 00 00 00 00 00 00 00 F7
2025-09-26 12:01:15,534 - midi.connection - WARNING - Timeout querying parameter 75
2025-09-26 12:01:15,549 - midi.connection - WARNING - Query attempt 1 failed for parameter 75
2025-09-26 12:01:15,962 - midi.connection - DEBUG - Sending query for parameter 75: SysEx: F0 04 17 3E 4B 00 00 00 00 00 00 00 00 00 00 00 F7
2025-09-26 12:01:19,003 - midi.connection - WARNING - Timeout querying parameter 75
2025-09-26 12:01:19,017 - midi.connection - WARNING - Query attempt 2 failed for parameter 75
2025-09-26 12:01:19,450 - midi.connection - DEBUG - Sending query for parameter 75: SysEx: F0 04 17 3E 4B 00 00 00 00 00 00 00 00 00 00 00 F7
2025-09-26 12:01:22,463 - midi.connection - WARNING - Timeout querying parameter 75
2025-09-26 12:01:22,519 - midi.connection - WARNING - Query attempt 3 failed for parameter 75
2025-09-26 12:01:22,535 - midi.connection - ERROR - Failed to query parameter 75 after 3 attempts
2025-09-26 12:01:22,572 - ui.main_window - DEBUG - Parameter 0 updated to 0
2025-09-26 12:01:22,572 - ui.main_window - DEBUG - Parameter 1 updated to 0
2025-09-26 12:01:22,573 - ui.main_window - DEBUG - Parameter 2 updated to 0
2025-09-26 12:01:22,573 - ui.main_window - DEBUG - Parameter 3 updated to 2
2025-09-26 12:01:22,573 - ui.main_window - DEBUG - Parameter 4 updated to 0
2025-09-26 12:01:22,574 - ui.main_window - DEBUG - Parameter 5 updated to 1
2025-09-26 12:01:22,574 - ui.main_window - DEBUG - Parameter 6 updated to 3
2025-09-26 12:01:22,574 - ui.main_window - DEBUG - Parameter 7 updated to 3
2025-09-26 12:01:22,574 - ui.main_window - DEBUG - Parameter 8 updated to 0
2025-09-26 12:01:22,574 - ui.main_window - DEBUG - Parameter 9 updated to 2
2025-09-26 12:01:22,575 - ui.main_window - DEBUG - Parameter 10 updated to 0
2025-09-26 12:01:22,575 - ui.main_window - DEBUG - Parameter 11 updated to 0
2025-09-26 12:01:22,575 - ui.main_window - DEBUG - Parameter 12 updated to 0
2025-09-26 12:01:22,575 - ui.main_window - DEBUG - Parameter 13 updated to 1
2025-09-26 12:01:22,575 - ui.main_window - DEBUG - Parameter 14 updated to 1
2025-09-26 12:01:22,575 - ui.main_window - DEBUG - Parameter 15 updated to 0
2025-09-26 12:01:22,575 - ui.main_window - DEBUG - Parameter 16 updated to 1
2025-09-26 12:01:22,575 - ui.main_window - DEBUG - Parameter 17 updated to 0
2025-09-26 12:01:22,575 - ui.main_window - DEBUG - Parameter 18 updated to 0
2025-09-26 12:01:22,575 - ui.main_window - DEBUG - Parameter 19 updated to 1
2025-09-26 12:01:22,576 - ui.main_window - DEBUG - Parameter 20 updated to 1
2025-09-26 12:01:22,576 - ui.main_window - DEBUG - Parameter 21 updated to 1
2025-09-26 12:01:22,576 - ui.main_window - DEBUG - Parameter 22 updated to 1
2025-09-26 12:01:22,576 - ui.main_window - DEBUG - Parameter 23 updated to 8192
2025-09-26 12:01:22,576 - ui.main_window - DEBUG - Parameter 24 updated to 1
2025-09-26 12:01:22,576 - ui.main_window - DEBUG - Parameter 25 updated to 0
2025-09-26 12:01:22,576 - ui.main_window - DEBUG - Parameter 26 updated to 1
2025-09-26 12:01:22,576 - ui.main_window - DEBUG - Parameter 27 updated to 0
2025-09-26 12:01:22,576 - ui.main_window - DEBUG - Parameter 28 updated to 1
2025-09-26 12:01:22,577 - ui.main_window - DEBUG - Parameter 29 updated to 0
2025-09-26 12:01:22,577 - ui.main_window - DEBUG - Parameter 30 updated to 0
2025-09-26 12:01:22,577 - ui.main_window - DEBUG - Parameter 31 updated to 0
2025-09-26 12:01:22,577 - ui.main_window - DEBUG - Parameter 32 updated to 1
2025-09-26 12:01:22,577 - ui.main_window - DEBUG - Parameter 33 updated to 1
2025-09-26 12:01:22,577 - ui.main_window - DEBUG - Parameter 34 updated to 1
2025-09-26 12:01:22,577 - ui.main_window - DEBUG - Parameter 35 updated to 12
2025-09-26 12:01:22,577 - ui.main_window - DEBUG - Parameter 36 updated to 12
2025-09-26 12:01:22,578 - ui.main_window - DEBUG - Parameter 37 updated to 2
2025-09-26 12:01:22,578 - ui.main_window - DEBUG - Parameter 38 updated to 2
2025-09-26 12:01:22,578 - ui.main_window - DEBUG - Parameter 39 updated to 1
2025-09-26 12:01:22,578 - ui.main_window - DEBUG - Parameter 40 updated to 0
2025-09-26 12:01:22,578 - ui.main_window - DEBUG - Parameter 41 updated to 0
2025-09-26 12:01:22,578 - ui.main_window - DEBUG - Parameter 42 updated to 0
2025-09-26 12:01:22,578 - ui.main_window - DEBUG - Parameter 43 updated to 7
2025-09-26 12:01:22,578 - ui.main_window - DEBUG - Parameter 44 updated to 7
2025-09-26 12:01:22,578 - ui.main_window - DEBUG - Parameter 45 updated to 7
2025-09-26 12:01:22,578 - ui.main_window - DEBUG - Parameter 46 updated to 0
2025-09-26 12:01:22,578 - ui.main_window - DEBUG - Parameter 47 updated to 0
2025-09-26 12:01:22,578 - ui.main_window - DEBUG - Parameter 48 updated to 0
2025-09-26 12:01:22,578 - ui.main_window - DEBUG - Parameter 49 updated to 0
2025-09-26 12:01:22,578 - ui.main_window - DEBUG - Parameter 50 updated to 0
2025-09-26 12:01:22,578 - ui.main_window - DEBUG - Parameter 51 updated to 0
2025-09-26 12:01:22,579 - ui.main_window - DEBUG - Parameter 52 updated to 1
2025-09-26 12:01:22,579 - ui.main_window - DEBUG - Parameter 53 updated to 0
2025-09-26 12:01:22,579 - ui.main_window - DEBUG - Parameter 54 updated to 0
2025-09-26 12:01:22,579 - ui.main_window - DEBUG - Parameter 55 updated to 0
2025-09-26 12:01:22,579 - ui.main_window - DEBUG - Parameter 56 updated to 0
2025-09-26 12:01:22,579 - ui.main_window - DEBUG - Parameter 57 updated to 1
2025-09-26 12:01:22,579 - ui.main_window - DEBUG - Parameter 58 updated to 0
2025-09-26 12:01:22,579 - ui.main_window - DEBUG - Parameter 59 updated to 0
2025-09-26 12:01:22,579 - ui.main_window - DEBUG - Parameter 60 updated to 0
2025-09-26 12:01:22,580 - ui.main_window - DEBUG - Parameter 61 updated to 0
2025-09-26 12:01:22,580 - ui.main_window - DEBUG - Parameter 62 updated to 0
2025-09-26 12:01:22,580 - ui.main_window - DEBUG - Parameter 63 updated to 0
2025-09-26 12:01:22,580 - ui.main_window - DEBUG - Parameter 64 updated to 0
2025-09-26 12:01:22,580 - ui.main_window - DEBUG - Parameter 65 updated to 0
2025-09-26 12:01:22,580 - ui.main_window - DEBUG - Parameter 66 updated to 1
2025-09-26 12:01:22,581 - ui.main_window - DEBUG - Parameter 67 updated to 2
2025-09-26 12:01:22,581 - ui.main_window - DEBUG - Parameter 68 updated to 0
2025-09-26 12:01:22,581 - ui.main_window - DEBUG - Parameter 69 updated to 0
2025-09-26 12:01:22,581 - ui.main_window - DEBUG - Parameter 70 updated to 0
2025-09-26 12:01:22,581 - ui.main_window - DEBUG - Parameter 71 updated to 0
2025-09-26 12:01:22,581 - ui.main_window - DEBUG - Parameter 72 updated to 1
2025-09-26 12:01:22,581 - ui.main_window - DEBUG - Parameter 73 updated to 0
2025-09-26 12:01:22,581 - ui.main_window - DEBUG - Parameter 74 updated to 0
2025-09-26 12:07:11,038 - midi.connection - DEBUG - MIDI listen thread stopped
2025-09-26 12:07:11,039 - midi.connection - INFO - Disconnected from MIDI ports
2025-09-26 12:07:44,108 - __main__ - INFO - Starting Matriarch Controller...
2025-09-26 12:07:44,250 - __main__ - INFO - MIDI system OK: 23 inputs, 23 outputs
2025-09-26 12:07:44,565 - __main__ - INFO - Main window created and shown
2025-09-26 12:08:12,199 - midi.connection - DEBUG - MIDI listen thread started
2025-09-26 12:08:12,199 - midi.connection - INFO - Connected to MIDI ports: mioXL MATRIARCH -> mioXL MATRIARCH
2025-09-26 12:08:12,205 - midi.connection - DEBUG - Sending query for parameter 0: SysEx: F0 04 17 3E 00 00 00 00 00 00 00 00 00 00 00 00 F7
2025-09-26 12:08:12,239 - midi.sysex - DEBUG - SysEx parse: param_id=0, value=0, is_response=True, unit_id=1
2025-09-26 12:08:12,239 - midi.sysex - DEBUG - Received response: param 0 = 0
2025-09-26 12:08:12,239 - midi.connection - DEBUG - Parameter update: 0 = 0
2025-09-26 12:08:12,240 - midi.connection - DEBUG - Query successful: param 0 = 0
2025-09-26 12:08:12,642 - midi.connection - DEBUG - Sending query for parameter 1: SysEx: F0 04 17 3E 01 00 00 00 00 00 00 00 00 00 00 00 F7
2025-09-26 12:08:12,675 - midi.sysex - DEBUG - SysEx parse: param_id=1, value=0, is_response=True, unit_id=1
2025-09-26 12:08:12,675 - midi.sysex - DEBUG - Received response: param 1 = 0
2025-09-26 12:08:12,675 - midi.connection - DEBUG - Parameter update: 1 = 0
2025-09-26 12:08:12,675 - midi.connection - DEBUG - Query successful: param 1 = 0
2025-09-26 12:08:13,079 - midi.connection - DEBUG - Sending query for parameter 2: SysEx: F0 04 17 3E 02 00 00 00 00 00 00 00 00 00 00 00 F7
2025-09-26 12:08:13,111 - midi.sysex - DEBUG - SysEx parse: param_id=2, value=0, is_response=True, unit_id=1
2025-09-26 12:08:13,111 - midi.sysex - DEBUG - Received response: param 2 = 0
2025-09-26 12:08:13,111 - midi.connection - DEBUG - Parameter update: 2 = 0
2025-09-26 12:08:13,111 - midi.connection - DEBUG - Query successful: param 2 = 0
2025-09-26 12:08:13,513 - midi.connection - DEBUG - Sending query for parameter 3: SysEx: F0 04 17 3E 03 00 00 00 00 00 00 00 00 00 00 00 F7
2025-09-26 12:08:13,545 - midi.sysex - DEBUG - SysEx parse: param_id=3, value=2, is_response=True, unit_id=1
2025-09-26 12:08:13,545 - midi.sysex - DEBUG - Received response: param 3 = 2
2025-09-26 12:08:13,545 - midi.connection - DEBUG - Parameter update: 3 = 2
2025-09-26 12:08:13,545 - midi.connection - DEBUG - Query successful: param 3 = 2
2025-09-26 12:08:13,950 - midi.connection - DEBUG - Sending query for parameter 4: SysEx: F0 04 17 3E 04 00 00 00 00 00 00 00 00 00 00 00 F7
2025-09-26 12:08:13,985 - midi.sysex - DEBUG - SysEx parse: param_id=4, value=0, is_response=True, unit_id=1
2025-09-26 12:08:13,986 - midi.sysex - DEBUG - Received response: param 4 = 0
2025-09-26 12:08:13,986 - midi.connection - DEBUG - Parameter update: 4 = 0
2025-09-26 12:08:13,986 - midi.connection - DEBUG - Query successful: param 4 = 0
2025-09-26 12:08:14,391 - midi.connection - DEBUG - Sending query for parameter 5: SysEx: F0 04 17 3E 05 00 00 00 00 00 00 00 00 00 00 00 F7
2025-09-26 12:08:14,423 - midi.sysex - DEBUG - SysEx parse: param_id=5, value=1, is_response=True, unit_id=1
2025-09-26 12:08:14,423 - midi.sysex - DEBUG - Received response: param 5 = 1
2025-09-26 12:08:14,423 - midi.connection - DEBUG - Parameter update: 5 = 1
2025-09-26 12:08:14,424 - midi.connection - DEBUG - Query successful: param 5 = 1
2025-09-26 12:08:14,829 - midi.connection - DEBUG - Sending query for parameter 6: SysEx: F0 04 17 3E 06 00 00 00 00 00 00 00 00 00 00 00 F7
2025-09-26 12:08:14,863 - midi.sysex - DEBUG - SysEx parse: param_id=6, value=3, is_response=True, unit_id=1
2025-09-26 12:08:14,863 - midi.sysex - DEBUG - Received response: param 6 = 3
2025-09-26 12:08:14,863 - midi.connection - DEBUG - Parameter update: 6 = 3
2025-09-26 12:08:14,863 - midi.connection - DEBUG - Query successful: param 6 = 3
2025-09-26 12:08:15,268 - midi.connection - DEBUG - Sending query for parameter 7: SysEx: F0 04 17 3E 07 00 00 00 00 00 00 00 00 00 00 00 F7
2025-09-26 12:08:15,300 - midi.sysex - DEBUG - SysEx parse: param_id=7, value=3, is_response=True, unit_id=1
2025-09-26 12:08:15,300 - midi.sysex - DEBUG - Received response: param 7 = 3
2025-09-26 12:08:15,300 - midi.connection - DEBUG - Parameter update: 7 = 3
2025-09-26 12:08:15,300 - midi.connection - DEBUG - Query successful: param 7 = 3
2025-09-26 12:08:15,705 - midi.connection - DEBUG - Sending query for parameter 8: SysEx: F0 04 17 3E 08 00 00 00 00 00 00 00 00 00 00 00 F7
2025-09-26 12:08:15,738 - midi.sysex - DEBUG - SysEx parse: param_id=8, value=0, is_response=True, unit_id=1
2025-09-26 12:08:15,745 - midi.sysex - DEBUG - Received response: param 8 = 0
2025-09-26 12:08:15,745 - midi.connection - DEBUG - Parameter update: 8 = 0
2025-09-26 12:08:15,745 - midi.connection - DEBUG - Query successful: param 8 = 0
2025-09-26 12:08:16,148 - midi.connection - DEBUG - Sending query for parameter 9: SysEx: F0 04 17 3E 09 00 00 00 00 00 00 00 00 00 00 00 F7
2025-09-26 12:08:16,179 - midi.sysex - DEBUG - SysEx parse: param_id=9, value=2, is_response=True, unit_id=1
2025-09-26 12:08:16,179 - midi.sysex - DEBUG - Received response: param 9 = 2
2025-09-26 12:08:16,179 - midi.connection - DEBUG - Parameter update: 9 = 2
2025-09-26 12:08:16,179 - midi.connection - DEBUG - Query successful: param 9 = 2
2025-09-26 12:08:16,584 - midi.connection - DEBUG - Sending query for parameter 10: SysEx: F0 04 17 3E 0A 00 00 00 00 00 00 00 00 00 00 00 F7
2025-09-26 12:08:16,624 - midi.sysex - DEBUG - SysEx parse: param_id=10, value=0, is_response=True, unit_id=1
2025-09-26 12:08:16,624 - midi.sysex - DEBUG - Received response: param 10 = 0
2025-09-26 12:08:16,624 - midi.connection - DEBUG - Parameter update: 10 = 0
2025-09-26 12:08:16,624 - midi.connection - DEBUG - Query successful: param 10 = 0
2025-09-26 12:08:17,029 - midi.connection - DEBUG - Sending query for parameter 11: SysEx: F0 04 17 3E 0B 00 00 00 00 00 00 00 00 00 00 00 F7
2025-09-26 12:08:17,061 - midi.sysex - DEBUG - SysEx parse: param_id=11, value=0, is_response=True, unit_id=1
2025-09-26 12:08:17,061 - midi.sysex - DEBUG - Received response: param 11 = 0
2025-09-26 12:08:17,061 - midi.connection - DEBUG - Parameter update: 11 = 0
2025-09-26 12:08:17,061 - midi.connection - DEBUG - Query successful: param 11 = 0
2025-09-26 12:08:17,466 - midi.connection - DEBUG - Sending query for parameter 12: SysEx: F0 04 17 3E 0C 00 00 00 00 00 00 00 00 00 00 00 F7
2025-09-26 12:08:17,497 - midi.sysex - DEBUG - SysEx parse: param_id=12, value=0, is_response=True, unit_id=1
2025-09-26 12:08:17,497 - midi.sysex - DEBUG - Received response: param 12 = 0
2025-09-26 12:08:17,497 - midi.connection - DEBUG - Parameter update: 12 = 0
2025-09-26 12:08:17,497 - midi.connection - DEBUG - Query successful: param 12 = 0
2025-09-26 12:08:17,901 - midi.connection - DEBUG - Sending query for parameter 13: SysEx: F0 04 17 3E 0D 00 00 00 00 00 00 00 00 00 00 00 F7
2025-09-26 12:08:17,937 - midi.sysex - DEBUG - SysEx parse: param_id=13, value=1, is_response=True, unit_id=1
2025-09-26 12:08:17,948 - midi.sysex - DEBUG - Received response: param 13 = 1
2025-09-26 12:08:17,948 - midi.connection - DEBUG - Parameter update: 13 = 1
2025-09-26 12:08:17,948 - midi.connection - DEBUG - Query successful: param 13 = 1
2025-09-26 12:08:18,351 - midi.connection - DEBUG - Sending query for parameter 14: SysEx: F0 04 17 3E 0E 00 00 00 00 00 00 00 00 00 00 00 F7
2025-09-26 12:08:18,385 - midi.sysex - DEBUG - SysEx parse: param_id=14, value=1, is_response=True, unit_id=1
2025-09-26 12:08:18,385 - midi.sysex - DEBUG - Received response: param 14 = 1
2025-09-26 12:08:18,385 - midi.connection - DEBUG - Parameter update: 14 = 1
2025-09-26 12:08:18,385 - midi.connection - DEBUG - Query successful: param 14 = 1
2025-09-26 12:08:18,786 - midi.connection - DEBUG - Sending query for parameter 15: SysEx: F0 04 17 3E 0F 00 00 00 00 00 00 00 00 00 00 00 F7
2025-09-26 12:08:18,818 - midi.sysex - DEBUG - SysEx parse: param_id=15, value=0, is_response=True, unit_id=1
2025-09-26 12:08:18,819 - midi.sysex - DEBUG - Received response: param 15 = 0
2025-09-26 12:08:18,819 - midi.connection - DEBUG - Parameter update: 15 = 0
2025-09-26 12:08:18,819 - midi.connection - DEBUG - Query successful: param 15 = 0
2025-09-26 12:08:19,223 - midi.connection - DEBUG - Sending query for parameter 16: SysEx: F0 04 17 3E 10 00 00 00 00 00 00 00 00 00 00 00 F7
2025-09-26 12:08:19,260 - midi.sysex - DEBUG - SysEx parse: param_id=16, value=1, is_response=True, unit_id=1
2025-09-26 12:08:19,260 - midi.sysex - DEBUG - Received response: param 16 = 1
2025-09-26 12:08:19,260 - midi.connection - DEBUG - Parameter update: 16 = 1
2025-09-26 12:08:19,260 - midi.connection - DEBUG - Query successful: param 16 = 1
2025-09-26 12:08:19,665 - midi.connection - DEBUG - Sending query for parameter 17: SysEx: F0 04 17 3E 11 00 00 00 00 00 00 00 00 00 00 00 F7
2025-09-26 12:08:19,698 - midi.sysex - DEBUG - SysEx parse: param_id=17, value=0, is_response=True, unit_id=1
2025-09-26 12:08:19,698 - midi.sysex - DEBUG - Received response: param 17 = 0
2025-09-26 12:08:19,698 - midi.connection - DEBUG - Parameter update: 17 = 0
2025-09-26 12:08:19,698 - midi.connection - DEBUG - Query successful: param 17 = 0
2025-09-26 12:08:20,099 - midi.connection - DEBUG - Sending query for parameter 18: SysEx: F0 04 17 3E 12 00 00 00 00 00 00 00 00 00 00 00 F7
2025-09-26 12:08:20,129 - midi.sysex - DEBUG - SysEx parse: param_id=18, value=0, is_response=True, unit_id=1
2025-09-26 12:08:20,129 - midi.sysex - DEBUG - Received response: param 18 = 0
2025-09-26 12:08:20,129 - midi.connection - DEBUG - Parameter update: 18 = 0
2025-09-26 12:08:20,129 - midi.connection - DEBUG - Query successful: param 18 = 0
2025-09-26 12:08:20,530 - midi.connection - DEBUG - Sending query for parameter 19: SysEx: F0 04 17 3E 13 00 00 00 00 00 00 00 00 00 00 00 F7
2025-09-26 12:08:20,561 - midi.sysex - DEBUG - SysEx parse: param_id=19, value=1, is_response=True, unit_id=1
2025-09-26 12:08:20,561 - midi.sysex - DEBUG - Received response: param 19 = 1
2025-09-26 12:08:20,561 - midi.connection - DEBUG - Parameter update: 19 = 1
2025-09-26 12:08:20,561 - midi.connection - DEBUG - Query successful: param 19 = 1
2025-09-26 12:08:20,966 - midi.connection - DEBUG - Sending query for parameter 20: SysEx: F0 04 17 3E 14 00 00 00 00 00 00 00 00 00 00 00 F7
2025-09-26 12:08:20,999 - midi.sysex - DEBUG - SysEx parse: param_id=20, value=1, is_response=True, unit_id=1
2025-09-26 12:08:20,999 - midi.sysex - DEBUG - Received response: param 20 = 1
2025-09-26 12:08:20,999 - midi.connection - DEBUG - Parameter update: 20 = 1
2025-09-26 12:08:21,000 - midi.connection - DEBUG - Query successful: param 20 = 1
2025-09-26 12:08:21,405 - midi.connection - DEBUG - Sending query for parameter 21: SysEx: F0 04 17 3E 15 00 00 00 00 00 00 00 00 00 00 00 F7
2025-09-26 12:08:21,450 - midi.sysex - DEBUG - SysEx parse: param_id=21, value=1, is_response=True, unit_id=1
2025-09-26 12:08:21,453 - midi.sysex - DEBUG - Received response: param 21 = 1
2025-09-26 12:08:21,453 - midi.connection - DEBUG - Parameter update: 21 = 1
2025-09-26 12:08:21,453 - midi.connection - DEBUG - Query successful: param 21 = 1
2025-09-26 12:08:21,859 - midi.connection - DEBUG - Sending query for parameter 22: SysEx: F0 04 17 3E 16 00 00 00 00 00 00 00 00 00 00 00 F7
2025-09-26 12:08:21,891 - midi.sysex - DEBUG - SysEx parse: param_id=22, value=1, is_response=True, unit_id=1
2025-09-26 12:08:21,891 - midi.sysex - DEBUG - Received response: param 22 = 1
2025-09-26 12:08:21,891 - midi.connection - DEBUG - Parameter update: 22 = 1
2025-09-26 12:08:21,891 - midi.connection - DEBUG - Query successful: param 22 = 1
2025-09-26 12:08:22,296 - midi.connection - DEBUG - Sending query for parameter 23: SysEx: F0 04 17 3E 17 00 00 00 00 00 00 00 00 00 00 00 F7
2025-09-26 12:08:22,327 - midi.sysex - DEBUG - SysEx parse: param_id=23, value=8192, is_response=True, unit_id=1
2025-09-26 12:08:22,327 - midi.sysex - DEBUG - Received response: param 23 = 8192
2025-09-26 12:08:22,327 - midi.connection - DEBUG - Parameter update: 23 = 8192
2025-09-26 12:08:22,327 - midi.connection - DEBUG - Query successful: param 23 = 8192
2025-09-26 12:08:22,728 - midi.connection - DEBUG - Sending query for parameter 24: SysEx: F0 04 17 3E 18 00 00 00 00 00 00 00 00 00 00 00 F7
2025-09-26 12:08:22,762 - midi.sysex - DEBUG - SysEx parse: param_id=24, value=1, is_response=True, unit_id=1
2025-09-26 12:08:22,762 - midi.sysex - DEBUG - Received response: param 24 = 1
2025-09-26 12:08:22,762 - midi.connection - DEBUG - Parameter update: 24 = 1
2025-09-26 12:08:22,762 - midi.connection - DEBUG - Query successful: param 24 = 1
2025-09-26 12:08:23,164 - midi.connection - DEBUG - Sending query for parameter 25: SysEx: F0 04 17 3E 19 00 00 00 00 00 00 00 00 00 00 00 F7
2025-09-26 12:08:23,194 - midi.sysex - DEBUG - SysEx parse: param_id=25, value=0, is_response=True, unit_id=1
2025-09-26 12:08:23,194 - midi.sysex - DEBUG - Received response: param 25 = 0
2025-09-26 12:08:23,194 - midi.connection - DEBUG - Parameter update: 25 = 0
2025-09-26 12:08:23,194 - midi.connection - DEBUG - Query successful: param 25 = 0
2025-09-26 12:08:23,599 - midi.connection - DEBUG - Sending query for parameter 26: SysEx: F0 04 17 3E 1A 00 00 00 00 00 00 00 00 00 00 00 F7
2025-09-26 12:08:23,649 - midi.sysex - DEBUG - SysEx parse: param_id=26, value=1, is_response=True, unit_id=1
2025-09-26 12:08:23,656 - midi.sysex - DEBUG - Received response: param 26 = 1
2025-09-26 12:08:23,663 - midi.connection - DEBUG - Parameter update: 26 = 1
2025-09-26 12:08:23,663 - midi.connection - DEBUG - Query successful: param 26 = 1
2025-09-26 12:08:24,071 - midi.connection - DEBUG - Sending query for parameter 27: SysEx: F0 04 17 3E 1B 00 00 00 00 00 00 00 00 00 00 00 F7
2025-09-26 12:08:24,100 - midi.sysex - DEBUG - SysEx parse: param_id=27, value=0, is_response=True, unit_id=1
2025-09-26 12:08:24,100 - midi.sysex - DEBUG - Received response: param 27 = 0
2025-09-26 12:08:24,100 - midi.connection - DEBUG - Parameter update: 27 = 0
2025-09-26 12:08:24,100 - midi.connection - DEBUG - Query successful: param 27 = 0
2025-09-26 12:08:24,505 - midi.connection - DEBUG - Sending query for parameter 28: SysEx: F0 04 17 3E 1C 00 00 00 00 00 00 00 00 00 00 00 F7
2025-09-26 12:08:24,552 - midi.sysex - DEBUG - SysEx parse: param_id=28, value=1, is_response=True, unit_id=1
2025-09-26 12:08:24,559 - midi.sysex - DEBUG - Received response: param 28 = 1
2025-09-26 12:08:24,566 - midi.connection - DEBUG - Parameter update: 28 = 1
2025-09-26 12:08:24,566 - midi.connection - DEBUG - Query successful: param 28 = 1
2025-09-26 12:08:24,975 - midi.connection - DEBUG - Sending query for parameter 29: SysEx: F0 04 17 3E 1D 00 00 00 00 00 00 00 00 00 00 00 F7
2025-09-26 12:08:25,010 - midi.sysex - DEBUG - SysEx parse: param_id=29, value=0, is_response=True, unit_id=1
2025-09-26 12:08:25,010 - midi.sysex - DEBUG - Received response: param 29 = 0
2025-09-26 12:08:25,010 - midi.connection - DEBUG - Parameter update: 29 = 0
2025-09-26 12:08:25,010 - midi.connection - DEBUG - Query successful: param 29 = 0
2025-09-26 12:08:25,415 - midi.connection - DEBUG - Sending query for parameter 30: SysEx: F0 04 17 3E 1E 00 00 00 00 00 00 00 00 00 00 00 F7
2025-09-26 12:08:25,451 - midi.sysex - DEBUG - SysEx parse: param_id=30, value=0, is_response=True, unit_id=1
2025-09-26 12:08:25,457 - midi.sysex - DEBUG - Received response: param 30 = 0
2025-09-26 12:08:25,464 - midi.connection - DEBUG - Parameter update: 30 = 0
2025-09-26 12:08:25,471 - midi.connection - DEBUG - Query successful: param 30 = 0
2025-09-26 12:08:25,880 - midi.connection - DEBUG - Sending query for parameter 31: SysEx: F0 04 17 3E 1F 00 00 00 00 00 00 00 00 00 00 00 F7
2025-09-26 12:08:25,913 - midi.sysex - DEBUG - SysEx parse: param_id=31, value=0, is_response=True, unit_id=1
2025-09-26 12:08:25,913 - midi.sysex - DEBUG - Received response: param 31 = 0
2025-09-26 12:08:25,913 - midi.connection - DEBUG - Parameter update: 31 = 0
2025-09-26 12:08:25,913 - midi.connection - DEBUG - Query successful: param 31 = 0
2025-09-26 12:08:26,314 - midi.connection - DEBUG - Sending query for parameter 32: SysEx: F0 04 17 3E 20 00 00 00 00 00 00 00 00 00 00 00 F7
2025-09-26 12:08:26,352 - midi.sysex - DEBUG - SysEx parse: param_id=32, value=1, is_response=True, unit_id=1
2025-09-26 12:08:26,359 - midi.sysex - DEBUG - Received response: param 32 = 1
2025-09-26 12:08:26,366 - midi.connection - DEBUG - Parameter update: 32 = 1
2025-09-26 12:08:26,366 - midi.connection - DEBUG - Query successful: param 32 = 1
2025-09-26 12:08:26,780 - midi.connection - DEBUG - Sending query for parameter 33: SysEx: F0 04 17 3E 21 00 00 00 00 00 00 00 00 00 00 00 F7
2025-09-26 12:08:26,813 - midi.sysex - DEBUG - SysEx parse: param_id=33, value=1, is_response=True, unit_id=1
2025-09-26 12:08:26,813 - midi.sysex - DEBUG - Received response: param 33 = 1
2025-09-26 12:08:26,813 - midi.connection - DEBUG - Parameter update: 33 = 1
2025-09-26 12:08:26,813 - midi.connection - DEBUG - Query successful: param 33 = 1
2025-09-26 12:08:27,218 - midi.connection - DEBUG - Sending query for parameter 34: SysEx: F0 04 17 3E 22 00 00 00 00 00 00 00 00 00 00 00 F7
2025-09-26 12:08:27,267 - midi.sysex - DEBUG - SysEx parse: param_id=34, value=1, is_response=True, unit_id=1
2025-09-26 12:08:27,280 - midi.sysex - DEBUG - Received response: param 34 = 1
2025-09-26 12:08:27,286 - midi.connection - DEBUG - Parameter update: 34 = 1
2025-09-26 12:08:27,286 - midi.connection - DEBUG - Query successful: param 34 = 1
2025-09-26 12:08:27,691 - midi.connection - DEBUG - Sending query for parameter 35: SysEx: F0 04 17 3E 23 00 00 00 00 00 00 00 00 00 00 00 F7
2025-09-26 12:08:27,723 - midi.sysex - DEBUG - SysEx parse: param_id=35, value=12, is_response=True, unit_id=1
2025-09-26 12:08:27,723 - midi.sysex - DEBUG - Received response: param 35 = 12
2025-09-26 12:08:27,723 - midi.connection - DEBUG - Parameter update: 35 = 12
2025-09-26 12:08:27,723 - midi.connection - DEBUG - Query successful: param 35 = 12
2025-09-26 12:08:28,128 - midi.connection - DEBUG - Sending query for parameter 36: SysEx: F0 04 17 3E 24 00 00 00 00 00 00 00 00 00 00 00 F7
2025-09-26 12:08:28,175 - midi.sysex - DEBUG - SysEx parse: param_id=36, value=12, is_response=True, unit_id=1
2025-09-26 12:08:28,182 - midi.sysex - DEBUG - Received response: param 36 = 12
2025-09-26 12:08:28,190 - midi.connection - DEBUG - Parameter update: 36 = 12
2025-09-26 12:08:28,190 - midi.connection - DEBUG - Query successful: param 36 = 12
2025-09-26 12:08:28,600 - midi.connection - DEBUG - Sending query for parameter 37: SysEx: F0 04 17 3E 25 00 00 00 00 00 00 00 00 00 00 00 F7
2025-09-26 12:08:28,636 - midi.sysex - DEBUG - SysEx parse: param_id=37, value=2, is_response=True, unit_id=1
2025-09-26 12:08:28,649 - midi.sysex - DEBUG - Received response: param 37 = 2
2025-09-26 12:08:28,663 - midi.connection - DEBUG - Parameter update: 37 = 2
2025-09-26 12:08:28,663 - midi.connection - DEBUG - Query successful: param 37 = 2
2025-09-26 12:08:29,097 - midi.connection - DEBUG - Sending query for parameter 38: SysEx: F0 04 17 3E 26 00 00 00 00 00 00 00 00 00 00 00 F7
2025-09-26 12:08:29,137 - midi.sysex - DEBUG - SysEx parse: param_id=38, value=2, is_response=True, unit_id=1
2025-09-26 12:08:29,142 - midi.sysex - DEBUG - Received response: param 38 = 2
2025-09-26 12:08:29,147 - midi.connection - DEBUG - Parameter update: 38 = 2
2025-09-26 12:08:29,147 - midi.connection - DEBUG - Query successful: param 38 = 2
2025-09-26 12:08:29,576 - midi.connection - DEBUG - Sending query for parameter 39: SysEx: F0 04 17 3E 27 00 00 00 00 00 00 00 00 00 00 00 F7
2025-09-26 12:08:29,626 - midi.sysex - DEBUG - SysEx parse: param_id=39, value=1, is_response=True, unit_id=1
2025-09-26 12:08:29,626 - midi.sysex - DEBUG - Received response: param 39 = 1
2025-09-26 12:08:29,626 - midi.connection - DEBUG - Parameter update: 39 = 1
2025-09-26 12:08:29,626 - midi.connection - DEBUG - Query successful: param 39 = 1
2025-09-26 12:08:30,036 - midi.connection - DEBUG - Sending query for parameter 40: SysEx: F0 04 17 3E 28 00 00 00 00 00 00 00 00 00 00 00 F7
2025-09-26 12:08:30,100 - midi.sysex - DEBUG - SysEx parse: param_id=40, value=0, is_response=True, unit_id=1
2025-09-26 12:08:30,100 - midi.sysex - DEBUG - Received response: param 40 = 0
2025-09-26 12:08:30,100 - midi.connection - DEBUG - Parameter update: 40 = 0
2025-09-26 12:08:30,100 - midi.connection - DEBUG - Query successful: param 40 = 0
2025-09-26 12:08:30,504 - midi.connection - DEBUG - Sending query for parameter 41: SysEx: F0 04 17 3E 29 00 00 00 00 00 00 00 00 00 00 00 F7
2025-09-26 12:08:30,551 - midi.sysex - DEBUG - SysEx parse: param_id=41, value=0, is_response=True, unit_id=1
2025-09-26 12:08:30,558 - midi.sysex - DEBUG - Received response: param 41 = 0
2025-09-26 12:08:30,564 - midi.connection - DEBUG - Parameter update: 41 = 0
2025-09-26 12:08:30,564 - midi.connection - DEBUG - Query successful: param 41 = 0
2025-09-26 12:08:31,000 - midi.connection - DEBUG - Sending query for parameter 42: SysEx: F0 04 17 3E 2A 00 00 00 00 00 00 00 00 00 00 00 F7
2025-09-26 12:08:31,037 - midi.sysex - DEBUG - SysEx parse: param_id=42, value=0, is_response=True, unit_id=1
2025-09-26 12:08:31,044 - midi.sysex - DEBUG - Received response: param 42 = 0
2025-09-26 12:08:31,051 - midi.connection - DEBUG - Parameter update: 42 = 0
2025-09-26 12:08:31,051 - midi.connection - DEBUG - Query successful: param 42 = 0
2025-09-26 12:08:31,490 - midi.connection - DEBUG - Sending query for parameter 43: SysEx: F0 04 17 3E 2B 00 00 00 00 00 00 00 00 00 00 00 F7
2025-09-26 12:08:31,544 - midi.sysex - DEBUG - SysEx parse: param_id=43, value=7, is_response=True, unit_id=1
2025-09-26 12:08:31,556 - midi.sysex - DEBUG - Received response: param 43 = 7
2025-09-26 12:08:31,563 - midi.connection - DEBUG - Parameter update: 43 = 7
2025-09-26 12:08:31,563 - midi.connection - DEBUG - Query successful: param 43 = 7
2025-09-26 12:08:31,985 - midi.connection - DEBUG - Sending query for parameter 44: SysEx: F0 04 17 3E 2C 00 00 00 00 00 00 00 00 00 00 00 F7
2025-09-26 12:08:32,036 - midi.sysex - DEBUG - SysEx parse: param_id=44, value=7, is_response=True, unit_id=1
2025-09-26 12:08:32,043 - midi.sysex - DEBUG - Received response: param 44 = 7
2025-09-26 12:08:32,050 - midi.connection - DEBUG - Parameter update: 44 = 7
2025-09-26 12:08:32,057 - midi.connection - DEBUG - Query successful: param 44 = 7
2025-09-26 12:08:32,484 - midi.connection - DEBUG - Sending query for parameter 45: SysEx: F0 04 17 3E 2D 00 00 00 00 00 00 00 00 00 00 00 F7
2025-09-26 12:08:32,527 - midi.sysex - DEBUG - SysEx parse: param_id=45, value=7, is_response=True, unit_id=1
2025-09-26 12:08:32,527 - midi.sysex - DEBUG - Received response: param 45 = 7
2025-09-26 12:08:32,527 - midi.connection - DEBUG - Parameter update: 45 = 7
2025-09-26 12:08:32,527 - midi.connection - DEBUG - Query successful: param 45 = 7
2025-09-26 12:08:32,978 - midi.connection - DEBUG - Sending query for parameter 46: SysEx: F0 04 17 3E 2E 00 00 00 00 00 00 00 00 00 00 00 F7
2025-09-26 12:08:33,054 - midi.sysex - DEBUG - SysEx parse: param_id=46, value=0, is_response=True, unit_id=1
2025-09-26 12:08:33,068 - midi.sysex - DEBUG - Received response: param 46 = 0
2025-09-26 12:08:33,074 - midi.connection - DEBUG - Parameter update: 46 = 0
2025-09-26 12:08:33,074 - midi.connection - DEBUG - Query successful: param 46 = 0
2025-09-26 12:08:33,514 - midi.connection - DEBUG - Sending query for parameter 47: SysEx: F0 04 17 3E 2F 00 00 00 00 00 00 00 00 00 00 00 F7
2025-09-26 12:08:33,564 - midi.sysex - DEBUG - SysEx parse: param_id=47, value=0, is_response=True, unit_id=1
2025-09-26 12:08:33,577 - midi.sysex - DEBUG - Received response: param 47 = 0
2025-09-26 12:08:33,583 - midi.connection - DEBUG - Parameter update: 47 = 0
2025-09-26 12:08:33,583 - midi.connection - DEBUG - Query successful: param 47 = 0
2025-09-26 12:08:34,010 - midi.connection - DEBUG - Sending query for parameter 48: SysEx: F0 04 17 3E 30 00 00 00 00 00 00 00 00 00 00 00 F7
2025-09-26 12:08:34,078 - midi.sysex - DEBUG - SysEx parse: param_id=48, value=0, is_response=True, unit_id=1
2025-09-26 12:08:34,092 - midi.sysex - DEBUG - Received response: param 48 = 0
2025-09-26 12:08:34,106 - midi.connection - DEBUG - Parameter update: 48 = 0
2025-09-26 12:08:34,106 - midi.connection - DEBUG - Query successful: param 48 = 0
2025-09-26 12:08:34,552 - midi.connection - DEBUG - Sending query for parameter 49: SysEx: F0 04 17 3E 31 00 00 00 00 00 00 00 00 00 00 00 F7
2025-09-26 12:08:34,608 - midi.sysex - DEBUG - SysEx parse: param_id=49, value=0, is_response=True, unit_id=1
2025-09-26 12:08:34,622 - midi.sysex - DEBUG - Received response: param 49 = 0
2025-09-26 12:08:34,624 - midi.connection - DEBUG - Parameter update: 49 = 0
2025-09-26 12:08:34,624 - midi.connection - DEBUG - Query successful: param 49 = 0
2025-09-26 12:08:35,039 - midi.connection - DEBUG - Sending query for parameter 50: SysEx: F0 04 17 3E 32 00 00 00 00 00 00 00 00 00 00 00 F7
2025-09-26 12:08:35,084 - midi.sysex - DEBUG - SysEx parse: param_id=50, value=0, is_response=True, unit_id=1
2025-09-26 12:08:35,091 - midi.sysex - DEBUG - Received response: param 50 = 0
2025-09-26 12:08:35,099 - midi.connection - DEBUG - Parameter update: 50 = 0
2025-09-26 12:08:35,099 - midi.connection - DEBUG - Query successful: param 50 = 0
2025-09-26 12:08:35,514 - midi.connection - DEBUG - Sending query for parameter 51: SysEx: F0 04 17 3E 33 00 00 00 00 00 00 00 00 00 00 00 F7
2025-09-26 12:08:35,556 - midi.sysex - DEBUG - SysEx parse: param_id=51, value=0, is_response=True, unit_id=1
2025-09-26 12:08:35,569 - midi.sysex - DEBUG - Received response: param 51 = 0
2025-09-26 12:08:35,576 - midi.connection - DEBUG - Parameter update: 51 = 0
2025-09-26 12:08:35,576 - midi.connection - DEBUG - Query successful: param 51 = 0
2025-09-26 12:08:36,002 - midi.connection - DEBUG - Sending query for parameter 52: SysEx: F0 04 17 3E 34 00 00 00 00 00 00 00 00 00 00 00 F7
2025-09-26 12:08:36,056 - midi.sysex - DEBUG - SysEx parse: param_id=52, value=1, is_response=True, unit_id=1
2025-09-26 12:08:36,063 - midi.sysex - DEBUG - Received response: param 52 = 1
2025-09-26 12:08:36,070 - midi.connection - DEBUG - Parameter update: 52 = 1
2025-09-26 12:08:36,070 - midi.connection - DEBUG - Query successful: param 52 = 1
2025-09-26 12:08:36,498 - midi.connection - DEBUG - Sending query for parameter 53: SysEx: F0 04 17 3E 35 00 00 00 00 00 00 00 00 00 00 00 F7
2025-09-26 12:08:36,534 - midi.sysex - DEBUG - SysEx parse: param_id=53, value=0, is_response=True, unit_id=1
2025-09-26 12:08:36,548 - midi.sysex - DEBUG - Received response: param 53 = 0
2025-09-26 12:08:36,555 - midi.connection - DEBUG - Parameter update: 53 = 0
2025-09-26 12:08:36,555 - midi.connection - DEBUG - Query successful: param 53 = 0
2025-09-26 12:08:36,988 - midi.connection - DEBUG - Sending query for parameter 54: SysEx: F0 04 17 3E 36 00 00 00 00 00 00 00 00 00 00 00 F7
2025-09-26 12:08:37,048 - midi.sysex - DEBUG - SysEx parse: param_id=54, value=0, is_response=True, unit_id=1
2025-09-26 12:08:37,054 - midi.sysex - DEBUG - Received response: param 54 = 0
2025-09-26 12:08:37,062 - midi.connection - DEBUG - Parameter update: 54 = 0
2025-09-26 12:08:37,062 - midi.connection - DEBUG - Query successful: param 54 = 0
2025-09-26 12:08:37,495 - midi.connection - DEBUG - Sending query for parameter 55: SysEx: F0 04 17 3E 37 00 00 00 00 00 00 00 00 00 00 00 F7
2025-09-26 12:08:37,547 - midi.sysex - DEBUG - SysEx parse: param_id=55, value=0, is_response=True, unit_id=1
2025-09-26 12:08:37,560 - midi.sysex - DEBUG - Received response: param 55 = 0
2025-09-26 12:08:37,560 - midi.connection - DEBUG - Parameter update: 55 = 0
2025-09-26 12:08:37,560 - midi.connection - DEBUG - Query successful: param 55 = 0
2025-09-26 12:08:37,966 - midi.connection - DEBUG - Sending query for parameter 56: SysEx: F0 04 17 3E 38 00 00 00 00 00 00 00 00 00 00 00 F7
2025-09-26 12:08:38,013 - midi.sysex - DEBUG - SysEx parse: param_id=56, value=0, is_response=True, unit_id=1
2025-09-26 12:08:38,021 - midi.sysex - DEBUG - Received response: param 56 = 0
2025-09-26 12:08:38,034 - midi.connection - DEBUG - Parameter update: 56 = 0
2025-09-26 12:08:38,042 - midi.connection - DEBUG - Query successful: param 56 = 0
2025-09-26 12:08:38,475 - midi.connection - DEBUG - Sending query for parameter 57: SysEx: F0 04 17 3E 39 00 00 00 00 00 00 00 00 00 00 00 F7
2025-09-26 12:08:38,529 - midi.sysex - DEBUG - SysEx parse: param_id=57, value=1, is_response=True, unit_id=1
2025-09-26 12:08:38,536 - midi.sysex - DEBUG - Received response: param 57 = 1
2025-09-26 12:08:38,544 - midi.connection - DEBUG - Parameter update: 57 = 1
2025-09-26 12:08:38,544 - midi.connection - DEBUG - Query successful: param 57 = 1
2025-09-26 12:08:38,962 - midi.connection - DEBUG - Sending query for parameter 58: SysEx: F0 04 17 3E 3A 00 00 00 00 00 00 00 00 00 00 00 F7
2025-09-26 12:08:39,033 - midi.sysex - DEBUG - SysEx parse: param_id=58, value=0, is_response=True, unit_id=1
2025-09-26 12:08:39,039 - midi.sysex - DEBUG - Received response: param 58 = 0
2025-09-26 12:08:39,046 - midi.connection - DEBUG - Parameter update: 58 = 0
2025-09-26 12:08:39,046 - midi.connection - DEBUG - Query successful: param 58 = 0
2025-09-26 12:08:39,481 - midi.connection - DEBUG - Sending query for parameter 59: SysEx: F0 04 17 3E 3B 00 00 00 00 00 00 00 00 00 00 00 F7
2025-09-26 12:08:39,536 - midi.sysex - DEBUG - SysEx parse: param_id=59, value=0, is_response=True, unit_id=1
2025-09-26 12:08:39,550 - midi.sysex - DEBUG - Received response: param 59 = 0
2025-09-26 12:08:39,558 - midi.connection - DEBUG - Parameter update: 59 = 0
2025-09-26 12:08:39,558 - midi.connection - DEBUG - Query successful: param 59 = 0
2025-09-26 12:08:40,011 - midi.connection - DEBUG - Sending query for parameter 60: SysEx: F0 04 17 3E 3C 00 00 00 00 00 00 00 00 00 00 00 F7
2025-09-26 12:08:40,071 - midi.sysex - DEBUG - SysEx parse: param_id=60, value=0, is_response=True, unit_id=1
2025-09-26 12:08:40,086 - midi.sysex - DEBUG - Received response: param 60 = 0
2025-09-26 12:08:40,089 - midi.connection - DEBUG - Parameter update: 60 = 0
2025-09-26 12:08:40,089 - midi.connection - DEBUG - Query successful: param 60 = 0
2025-09-26 12:08:40,496 - midi.connection - DEBUG - Sending query for parameter 61: SysEx: F0 04 17 3E 3D 00 00 00 00 00 00 00 00 00 00 00 F7
2025-09-26 12:08:40,554 - midi.sysex - DEBUG - SysEx parse: param_id=61, value=0, is_response=True, unit_id=1
2025-09-26 12:08:40,570 - midi.sysex - DEBUG - Received response: param 61 = 0
2025-09-26 12:08:40,577 - midi.connection - DEBUG - Parameter update: 61 = 0
2025-09-26 12:08:40,577 - midi.connection - DEBUG - Query successful: param 61 = 0
2025-09-26 12:08:40,981 - midi.connection - DEBUG - Sending query for parameter 62: SysEx: F0 04 17 3E 3E 00 00 00 00 00 00 00 00 00 00 00 F7
2025-09-26 12:08:41,046 - midi.sysex - DEBUG - SysEx parse: param_id=62, value=0, is_response=True, unit_id=1
2025-09-26 12:08:41,054 - midi.sysex - DEBUG - Received response: param 62 = 0
2025-09-26 12:08:41,061 - midi.connection - DEBUG - Parameter update: 62 = 0
2025-09-26 12:08:41,061 - midi.connection - DEBUG - Query successful: param 62 = 0
2025-09-26 12:08:41,475 - midi.connection - DEBUG - Sending query for parameter 63: SysEx: F0 04 17 3E 3F 00 00 00 00 00 00 00 00 00 00 00 F7
2025-09-26 12:08:41,550 - midi.sysex - DEBUG - SysEx parse: param_id=63, value=0, is_response=True, unit_id=1
2025-09-26 12:08:41,557 - midi.sysex - DEBUG - Received response: param 63 = 0
2025-09-26 12:08:41,564 - midi.connection - DEBUG - Parameter update: 63 = 0
2025-09-26 12:08:41,564 - midi.connection - DEBUG - Query successful: param 63 = 0
2025-09-26 12:08:42,019 - midi.connection - DEBUG - Sending query for parameter 64: SysEx: F0 04 17 3E 40 00 00 00 00 00 00 00 00 00 00 00 F7
2025-09-26 12:08:42,089 - midi.sysex - DEBUG - SysEx parse: param_id=64, value=0, is_response=True, unit_id=1
2025-09-26 12:08:42,096 - midi.sysex - DEBUG - Received response: param 64 = 0
2025-09-26 12:08:42,104 - midi.connection - DEBUG - Parameter update: 64 = 0
2025-09-26 12:08:42,104 - midi.connection - DEBUG - Query successful: param 64 = 0
2025-09-26 12:08:42,533 - midi.connection - DEBUG - Sending query for parameter 65: SysEx: F0 04 17 3E 41 00 00 00 00 00 00 00 00 00 00 00 F7
2025-09-26 12:08:42,593 - midi.sysex - DEBUG - SysEx parse: param_id=65, value=0, is_response=True, unit_id=1
2025-09-26 12:08:42,600 - midi.sysex - DEBUG - Received response: param 65 = 0
2025-09-26 12:08:42,606 - midi.connection - DEBUG - Parameter update: 65 = 0
2025-09-26 12:08:42,606 - midi.connection - DEBUG - Query successful: param 65 = 0
2025-09-26 12:08:43,050 - midi.connection - DEBUG - Sending query for parameter 66: SysEx: F0 04 17 3E 42 00 00 00 00 00 00 00 00 00 00 00 F7
2025-09-26 12:08:43,121 - midi.sysex - DEBUG - SysEx parse: param_id=66, value=1, is_response=True, unit_id=1
2025-09-26 12:08:43,134 - midi.sysex - DEBUG - Received response: param 66 = 1
2025-09-26 12:08:43,140 - midi.connection - DEBUG - Parameter update: 66 = 1
2025-09-26 12:08:43,140 - midi.connection - DEBUG - Query successful: param 66 = 1
2025-09-26 12:08:43,569 - midi.connection - DEBUG - Sending query for parameter 67: SysEx: F0 04 17 3E 43 00 00 00 00 00 00 00 00 00 00 00 F7
2025-09-26 12:08:43,623 - midi.sysex - DEBUG - SysEx parse: param_id=67, value=2, is_response=True, unit_id=1
2025-09-26 12:08:43,631 - midi.sysex - DEBUG - Received response: param 67 = 2
2025-09-26 12:08:43,647 - midi.connection - DEBUG - Parameter update: 67 = 2
2025-09-26 12:08:43,647 - midi.connection - DEBUG - Query successful: param 67 = 2
2025-09-26 12:08:44,058 - midi.connection - DEBUG - Sending query for parameter 68: SysEx: F0 04 17 3E 44 00 00 00 00 00 00 00 00 00 00 00 F7
2025-09-26 12:08:44,095 - midi.sysex - DEBUG - SysEx parse: param_id=68, value=0, is_response=True, unit_id=1
2025-09-26 12:08:44,102 - midi.sysex - DEBUG - Received response: param 68 = 0
2025-09-26 12:08:44,109 - midi.connection - DEBUG - Parameter update: 68 = 0
2025-09-26 12:08:44,109 - midi.connection - DEBUG - Query successful: param 68 = 0
2025-09-26 12:08:44,538 - midi.connection - DEBUG - Sending query for parameter 69: SysEx: F0 04 17 3E 45 00 00 00 00 00 00 00 00 00 00 00 F7
2025-09-26 12:08:44,577 - midi.sysex - DEBUG - SysEx parse: param_id=69, value=0, is_response=True, unit_id=1
2025-09-26 12:08:44,584 - midi.sysex - DEBUG - Received response: param 69 = 0
2025-09-26 12:08:44,591 - midi.connection - DEBUG - Parameter update: 69 = 0
2025-09-26 12:08:44,591 - midi.connection - DEBUG - Query successful: param 69 = 0
2025-09-26 12:08:45,030 - midi.connection - DEBUG - Sending query for parameter 70: SysEx: F0 04 17 3E 46 00 00 00 00 00 00 00 00 00 00 00 F7
2025-09-26 12:08:45,071 - midi.sysex - DEBUG - SysEx parse: param_id=70, value=0, is_response=True, unit_id=1
2025-09-26 12:08:45,079 - midi.sysex - DEBUG - Received response: param 70 = 0
2025-09-26 12:08:45,087 - midi.connection - DEBUG - Parameter update: 70 = 0
2025-09-26 12:08:45,087 - midi.connection - DEBUG - Query successful: param 70 = 0
2025-09-26 12:08:45,520 - midi.connection - DEBUG - Sending query for parameter 71: SysEx: F0 04 17 3E 47 00 00 00 00 00 00 00 00 00 00 00 F7
2025-09-26 12:08:45,577 - midi.sysex - DEBUG - SysEx parse: param_id=71, value=0, is_response=True, unit_id=1
2025-09-26 12:08:45,583 - midi.sysex - DEBUG - Received response: param 71 = 0
2025-09-26 12:08:45,589 - midi.connection - DEBUG - Parameter update: 71 = 0
2025-09-26 12:08:45,589 - midi.connection - DEBUG - Query successful: param 71 = 0
2025-09-26 12:08:46,011 - midi.connection - DEBUG - Sending query for parameter 72: SysEx: F0 04 17 3E 48 00 00 00 00 00 00 00 00 00 00 00 F7
2025-09-26 12:08:46,095 - midi.sysex - DEBUG - SysEx parse: param_id=72, value=1, is_response=True, unit_id=1
2025-09-26 12:08:46,110 - midi.sysex - DEBUG - Received response: param 72 = 1
2025-09-26 12:08:46,116 - midi.connection - DEBUG - Parameter update: 72 = 1
2025-09-26 12:08:46,116 - midi.connection - DEBUG - Query successful: param 72 = 1
2025-09-26 12:08:46,539 - midi.connection - DEBUG - Sending query for parameter 73: SysEx: F0 04 17 3E 49 00 00 00 00 00 00 00 00 00 00 00 F7
2025-09-26 12:08:46,603 - midi.sysex - DEBUG - SysEx parse: param_id=73, value=0, is_response=True, unit_id=1
2025-09-26 12:08:46,619 - midi.sysex - DEBUG - Received response: param 73 = 0
2025-09-26 12:08:46,627 - midi.connection - DEBUG - Parameter update: 73 = 0
2025-09-26 12:08:46,627 - midi.connection - DEBUG - Query successful: param 73 = 0
2025-09-26 12:08:47,049 - midi.connection - DEBUG - Sending query for parameter 74: SysEx: F0 04 17 3E 4A 00 00 00 00 00 00 00 00 00 00 00 F7
2025-09-26 12:08:47,105 - midi.sysex - DEBUG - SysEx parse: param_id=74, value=0, is_response=True, unit_id=1
2025-09-26 12:08:47,113 - midi.sysex - DEBUG - Received response: param 74 = 0
2025-09-26 12:08:47,122 - midi.connection - DEBUG - Parameter update: 74 = 0
2025-09-26 12:08:47,122 - midi.connection - DEBUG - Query successful: param 74 = 0
2025-09-26 12:08:47,556 - midi.connection - DEBUG - Sending query for parameter 75: SysEx: F0 04 17 3E 4B 00 00 00 00 00 00 00 00 00 00 00 F7
2025-09-26 12:08:50,581 - midi.connection - WARNING - Timeout querying parameter 75
2025-09-26 12:08:50,605 - midi.connection - WARNING - Query attempt 1 failed for parameter 75
2025-09-26 12:08:51,021 - midi.connection - DEBUG - Sending query for parameter 75: SysEx: F0 04 17 3E 4B 00 00 00 00 00 00 00 00 00 00 00 F7
2025-09-26 12:08:54,044 - midi.connection - WARNING - Timeout querying parameter 75
2025-09-26 12:08:54,059 - midi.connection - WARNING - Query attempt 2 failed for parameter 75
2025-09-26 12:08:54,474 - midi.connection - DEBUG - Sending query for parameter 75: SysEx: F0 04 17 3E 4B 00 00 00 00 00 00 00 00 00 00 00 F7
2025-09-26 12:08:57,494 - midi.connection - WARNING - Timeout querying parameter 75
2025-09-26 12:08:57,509 - midi.connection - WARNING - Query attempt 3 failed for parameter 75
2025-09-26 12:08:57,509 - midi.connection - ERROR - Failed to query parameter 75 after 3 attempts
2025-09-26 12:08:57,517 - ui.main_window - DEBUG - Parameter 0 updated to 0
2025-09-26 12:08:57,517 - ui.main_window - DEBUG - Parameter 1 updated to 0
2025-09-26 12:08:57,518 - ui.main_window - DEBUG - Parameter 2 updated to 0
2025-09-26 12:08:57,518 - ui.main_window - DEBUG - Parameter 3 updated to 2
2025-09-26 12:08:57,518 - ui.main_window - DEBUG - Parameter 4 updated to 0
2025-09-26 12:08:57,518 - ui.main_window - DEBUG - Parameter 5 updated to 1
2025-09-26 12:08:57,518 - ui.main_window - DEBUG - Parameter 6 updated to 3
2025-09-26 12:08:57,518 - ui.main_window - DEBUG - Parameter 7 updated to 3
2025-09-26 12:08:57,518 - ui.main_window - DEBUG - Parameter 8 updated to 0
2025-09-26 12:08:57,519 - ui.main_window - DEBUG - Parameter 9 updated to 2
2025-09-26 12:08:57,519 - ui.main_window - DEBUG - Parameter 10 updated to 0
2025-09-26 12:08:57,519 - ui.main_window - DEBUG - Parameter 11 updated to 0
2025-09-26 12:08:57,519 - ui.main_window - DEBUG - Parameter 12 updated to 0
2025-09-26 12:08:57,519 - ui.main_window - DEBUG - Parameter 13 updated to 1
2025-09-26 12:08:57,519 - ui.main_window - DEBUG - Parameter 14 updated to 1
2025-09-26 12:08:57,519 - ui.main_window - DEBUG - Parameter 15 updated to 0
2025-09-26 12:08:57,519 - ui.main_window - DEBUG - Parameter 16 updated to 1
2025-09-26 12:08:57,519 - ui.main_window - DEBUG - Parameter 17 updated to 0
2025-09-26 12:08:57,519 - ui.main_window - DEBUG - Parameter 18 updated to 0
2025-09-26 12:08:57,519 - ui.main_window - DEBUG - Parameter 19 updated to 1
2025-09-26 12:08:57,520 - ui.main_window - DEBUG - Parameter 20 updated to 1
2025-09-26 12:08:57,520 - ui.main_window - DEBUG - Parameter 21 updated to 1
2025-09-26 12:08:57,520 - ui.main_window - DEBUG - Parameter 22 updated to 1
2025-09-26 12:08:57,520 - ui.main_window - DEBUG - Parameter 23 updated to 8192
2025-09-26 12:08:57,520 - ui.main_window - DEBUG - Parameter 24 updated to 1
2025-09-26 12:08:57,520 - ui.main_window - DEBUG - Parameter 25 updated to 0
2025-09-26 12:08:57,520 - ui.main_window - DEBUG - Parameter 26 updated to 1
2025-09-26 12:08:57,520 - ui.main_window - DEBUG - Parameter 27 updated to 0
2025-09-26 12:08:57,520 - ui.main_window - DEBUG - Parameter 28 updated to 1
2025-09-26 12:08:57,520 - ui.main_window - DEBUG - Parameter 29 updated to 0
2025-09-26 12:08:57,521 - ui.main_window - DEBUG - Parameter 30 updated to 0
2025-09-26 12:08:57,521 - ui.main_window - DEBUG - Parameter 31 updated to 0
2025-09-26 12:08:57,521 - ui.main_window - DEBUG - Parameter 32 updated to 1
2025-09-26 12:08:57,521 - ui.main_window - DEBUG - Parameter 33 updated to 1
2025-09-26 12:08:57,521 - ui.main_window - DEBUG - Parameter 34 updated to 1
2025-09-26 12:08:57,521 - ui.main_window - DEBUG - Parameter 35 updated to 12
2025-09-26 12:08:57,521 - ui.main_window - DEBUG - Parameter 36 updated to 12
2025-09-26 12:08:57,521 - ui.main_window - DEBUG - Parameter 37 updated to 2
2025-09-26 12:08:57,521 - ui.main_window - DEBUG - Parameter 38 updated to 2
2025-09-26 12:08:57,522 - ui.main_window - DEBUG - Parameter 39 updated to 1
2025-09-26 12:08:57,522 - ui.main_window - DEBUG - Parameter 40 updated to 0
2025-09-26 12:08:57,522 - ui.main_window - DEBUG - Parameter 41 updated to 0
2025-09-26 12:08:57,522 - ui.main_window - DEBUG - Parameter 42 updated to 0
2025-09-26 12:08:57,522 - ui.main_window - DEBUG - Parameter 43 updated to 7
2025-09-26 12:08:57,522 - ui.main_window - DEBUG - Parameter 44 updated to 7
2025-09-26 12:08:57,522 - ui.main_window - DEBUG - Parameter 45 updated to 7
2025-09-26 12:08:57,522 - ui.main_window - DEBUG - Parameter 46 updated to 0
2025-09-26 12:08:57,522 - ui.main_window - DEBUG - Parameter 47 updated to 0
2025-09-26 12:08:57,522 - ui.main_window - DEBUG - Parameter 48 updated to 0
2025-09-26 12:08:57,522 - ui.main_window - DEBUG - Parameter 49 updated to 0
2025-09-26 12:08:57,522 - ui.main_window - DEBUG - Parameter 50 updated to 0
2025-09-26 12:08:57,522 - ui.main_window - DEBUG - Parameter 51 updated to 0
2025-09-26 12:08:57,523 - ui.main_window - DEBUG - Parameter 52 updated to 1
2025-09-26 12:08:57,523 - ui.main_window - DEBUG - Parameter 53 updated to 0
2025-09-26 12:08:57,523 - ui.main_window - DEBUG - Parameter 54 updated to 0
2025-09-26 12:08:57,523 - ui.main_window - DEBUG - Parameter 55 updated to 0
2025-09-26 12:08:57,523 - ui.main_window - DEBUG - Parameter 56 updated to 0
2025-09-26 12:08:57,523 - ui.main_window - DEBUG - Parameter 57 updated to 1
2025-09-26 12:08:57,523 - ui.main_window - DEBUG - Parameter 58 updated to 0
2025-09-26 12:08:57,523 - ui.main_window - DEBUG - Parameter 59 updated to 0
2025-09-26 12:08:57,523 - ui.main_window - DEBUG - Parameter 60 updated to 0
2025-09-26 12:08:57,524 - ui.main_window - DEBUG - Parameter 61 updated to 0
2025-09-26 12:08:57,524 - ui.main_window - DEBUG - Parameter 62 updated to 0
2025-09-26 12:08:57,524 - ui.main_window - DEBUG - Parameter 63 updated to 0
2025-09-26 12:08:57,524 - ui.main_window - DEBUG - Parameter 64 updated to 0
2025-09-26 12:08:57,524 - ui.main_window - DEBUG - Parameter 65 updated to 0
2025-09-26 12:08:57,524 - ui.main_window - DEBUG - Parameter 66 updated to 1
2025-09-26 12:08:57,525 - ui.main_window - DEBUG - Parameter 67 updated to 2
2025-09-26 12:08:57,525 - ui.main_window - DEBUG - Parameter 68 updated to 0
2025-09-26 12:08:57,525 - ui.main_window - DEBUG - Parameter 69 updated to 0
2025-09-26 12:08:57,525 - ui.main_window - DEBUG - Parameter 70 updated to 0
2025-09-26 12:08:57,525 - ui.main_window - DEBUG - Parameter 71 updated to 0
2025-09-26 12:08:57,525 - ui.main_window - DEBUG - Parameter 72 updated to 1
2025-09-26 12:08:57,525 - ui.main_window - DEBUG - Parameter 73 updated to 0
2025-09-26 12:08:57,525 - ui.main_window - DEBUG - Parameter 74 updated to 0
2025-09-26 12:09:11,239 - midi.connection - DEBUG - Sending query for parameter 75: SysEx: F0 04 17 3E 4B 00 00 00 00 00 00 00 00 00 00 00 F7
2025-09-26 12:09:14,247 - midi.connection - WARNING - Timeout querying parameter 75
2025-09-26 12:09:14,264 - midi.connection - WARNING - Query attempt 1 failed for parameter 75
2025-09-26 12:09:14,281 - midi.connection - DEBUG - Sending query for parameter 75: SysEx: F0 04 17 3E 4B 00 00 00 00 00 00 00 00 00 00 00 F7
2025-09-26 12:09:17,302 - midi.connection - WARNING - Timeout querying parameter 75
2025-09-26 12:09:17,316 - midi.connection - WARNING - Query attempt 2 failed for parameter 75
2025-09-26 12:09:17,333 - midi.connection - DEBUG - Sending query for parameter 75: SysEx: F0 04 17 3E 4B 00 00 00 00 00 00 00 00 00 00 00 F7
2025-09-26 12:09:20,344 - midi.connection - WARNING - Timeout querying parameter 75
2025-09-26 12:09:20,360 - midi.connection - WARNING - Query attempt 3 failed for parameter 75
2025-09-26 12:09:20,377 - midi.connection - ERROR - Failed to query parameter 75 after 3 attempts
2025-09-26 12:15:54,131 - ui.main_window - DEBUG - Sent parameter 37 = 4
2025-09-26 12:15:54,139 - ui.main_window - DEBUG - Sent parameter 37 = 9
2025-09-26 12:15:54,430 - ui.main_window - DEBUG - Sent parameter 37 = 11
2025-09-26 12:15:55,256 - ui.main_window - DEBUG - Sent parameter 37 = 12
2025-09-26 12:16:00,533 - ui.main_window - DEBUG - Sent parameter 37 = 9
2025-09-26 12:16:00,821 - ui.main_window - DEBUG - Sent parameter 37 = 6
2025-09-26 12:16:01,108 - ui.main_window - DEBUG - Sent parameter 37 = 4
2025-09-26 12:16:01,400 - ui.main_window - DEBUG - Sent parameter 37 = 3
2025-09-26 12:16:02,585 - ui.main_window - DEBUG - Sent parameter 37 = 2
2025-09-26 12:27:07,145 - midi.connection - DEBUG - MIDI listen thread stopped
2025-09-26 12:27:07,147 - midi.connection - INFO - Disconnected from MIDI ports
2025-09-26 12:29:22,270 - __main__ - INFO - Starting Matriarch Controller...
2025-09-26 12:29:22,432 - __main__ - INFO - MIDI system OK: 23 inputs, 23 outputs
2025-09-26 12:29:22,617 - __main__ - ERROR - Unexpected error in main application
Traceback (most recent call last):
  File "/Users/mini4/matriarch_controller/main.py", line 123, in main
    from ui.main_window import MatriarchMainWindow
  File "/Users/mini4/matriarch_controller/ui/__init__.py", line 7, in <module>
    from .main_window import MatriarchMainWindow
  File "/Users/mini4/matriarch_controller/ui/main_window.py", line 22, in <module>
    from ui.parameter_widgets import ParameterWidget, ParameterWidgetFactory
  File "/Users/mini4/matriarch_controller/ui/parameter_widgets.py", line 456, in <module>
    class ParameterGroupWidget(QWidget):
    ...<126 lines>...
        """)
  File "/Users/mini4/matriarch_controller/ui/parameter_widgets.py", line 494, in ParameterGroupWidget
    widget.setStyleSheet("""
    ^^^^^^
NameError: name 'widget' is not defined. Did you mean: 'QWidget'?
2025-09-26 12:32:24,762 - __main__ - INFO - Starting Matriarch Controller...
2025-09-26 12:32:24,906 - __main__ - INFO - MIDI system OK: 23 inputs, 23 outputs
2025-09-26 12:32:25,005 - __main__ - ERROR - Import error: No module named 'ui.parameter_definitions'
2025-09-26 12:39:33,446 - __main__ - INFO - Starting Matriarch Controller...
2025-09-26 12:39:33,619 - __main__ - INFO - MIDI system OK: 23 inputs, 23 outputs
2025-09-26 12:39:33,760 - __main__ - ERROR - Import error: No module named 'ui.parameter_definitions'
2025-09-26 14:36:21,627 - __main__ - INFO - Starting Matriarch Controller...
2025-09-26 14:36:22,033 - __main__ - INFO - MIDI system OK: 23 inputs, 23 outputs
2025-09-26 14:36:25,288 - __main__ - INFO - Main window created and shown
2025-09-26 14:36:54,051 - midi.connection - DEBUG - MIDI listen thread started
2025-09-26 14:36:54,051 - midi.connection - INFO - Connected to MIDI ports: mioXL MATRIARCH -> mioXL MATRIARCH
2025-09-26 14:36:54,057 - midi.connection - DEBUG - Sending query for parameter 0: SysEx: F0 04 17 3E 00 00 00 00 00 00 00 00 00 00 00 00 F7
2025-09-26 14:36:54,098 - midi.sysex - DEBUG - SysEx parse: param_id=0, value=0, is_response=True, unit_id=1
2025-09-26 14:36:54,098 - midi.sysex - DEBUG - Received response: param 0 = 0
2025-09-26 14:36:54,099 - midi.connection - DEBUG - Parameter update: 0 = 0
2025-09-26 14:36:54,099 - midi.connection - DEBUG - Query successful: param 0 = 0
2025-09-26 14:36:54,502 - midi.connection - DEBUG - Sending query for parameter 1: SysEx: F0 04 17 3E 01 00 00 00 00 00 00 00 00 00 00 00 F7
2025-09-26 14:36:54,535 - midi.sysex - DEBUG - SysEx parse: param_id=1, value=0, is_response=True, unit_id=1
2025-09-26 14:36:54,536 - midi.sysex - DEBUG - Received response: param 1 = 0
2025-09-26 14:36:54,536 - midi.connection - DEBUG - Parameter update: 1 = 0
2025-09-26 14:36:54,536 - midi.connection - DEBUG - Query successful: param 1 = 0
2025-09-26 14:36:54,942 - midi.connection - DEBUG - Sending query for parameter 2: SysEx: F0 04 17 3E 02 00 00 00 00 00 00 00 00 00 00 00 F7
2025-09-26 14:36:54,974 - midi.sysex - DEBUG - SysEx parse: param_id=2, value=0, is_response=True, unit_id=1
2025-09-26 14:36:54,974 - midi.sysex - DEBUG - Received response: param 2 = 0
2025-09-26 14:36:54,974 - midi.connection - DEBUG - Parameter update: 2 = 0
2025-09-26 14:36:54,974 - midi.connection - DEBUG - Query successful: param 2 = 0
2025-09-26 14:36:55,379 - midi.connection - DEBUG - Sending query for parameter 3: SysEx: F0 04 17 3E 03 00 00 00 00 00 00 00 00 00 00 00 F7
2025-09-26 14:36:55,412 - midi.sysex - DEBUG - SysEx parse: param_id=3, value=2, is_response=True, unit_id=1
2025-09-26 14:36:55,412 - midi.sysex - DEBUG - Received response: param 3 = 2
2025-09-26 14:36:55,413 - midi.connection - DEBUG - Parameter update: 3 = 2
2025-09-26 14:36:55,413 - midi.connection - DEBUG - Query successful: param 3 = 2
2025-09-26 14:36:55,817 - midi.connection - DEBUG - Sending query for parameter 4: SysEx: F0 04 17 3E 04 00 00 00 00 00 00 00 00 00 00 00 F7
2025-09-26 14:36:55,853 - midi.sysex - DEBUG - SysEx parse: param_id=4, value=0, is_response=True, unit_id=1
2025-09-26 14:36:55,853 - midi.sysex - DEBUG - Received response: param 4 = 0
2025-09-26 14:36:55,853 - midi.connection - DEBUG - Parameter update: 4 = 0
2025-09-26 14:36:55,853 - midi.connection - DEBUG - Query successful: param 4 = 0
2025-09-26 14:36:56,259 - midi.connection - DEBUG - Sending query for parameter 5: SysEx: F0 04 17 3E 05 00 00 00 00 00 00 00 00 00 00 00 F7
2025-09-26 14:36:56,293 - midi.sysex - DEBUG - SysEx parse: param_id=5, value=1, is_response=True, unit_id=1
2025-09-26 14:36:56,293 - midi.sysex - DEBUG - Received response: param 5 = 1
2025-09-26 14:36:56,293 - midi.connection - DEBUG - Parameter update: 5 = 1
2025-09-26 14:36:56,293 - midi.connection - DEBUG - Query successful: param 5 = 1
2025-09-26 14:36:56,697 - midi.connection - DEBUG - Sending query for parameter 6: SysEx: F0 04 17 3E 06 00 00 00 00 00 00 00 00 00 00 00 F7
2025-09-26 14:36:56,727 - midi.sysex - DEBUG - SysEx parse: param_id=6, value=3, is_response=True, unit_id=1
2025-09-26 14:36:56,727 - midi.sysex - DEBUG - Received response: param 6 = 3
2025-09-26 14:36:56,727 - midi.connection - DEBUG - Parameter update: 6 = 3
2025-09-26 14:36:56,727 - midi.connection - DEBUG - Query successful: param 6 = 3
2025-09-26 14:36:57,132 - midi.connection - DEBUG - Sending query for parameter 7: SysEx: F0 04 17 3E 07 00 00 00 00 00 00 00 00 00 00 00 F7
2025-09-26 14:36:57,168 - midi.sysex - DEBUG - SysEx parse: param_id=7, value=3, is_response=True, unit_id=1
2025-09-26 14:36:57,168 - midi.sysex - DEBUG - Received response: param 7 = 3
2025-09-26 14:36:57,168 - midi.connection - DEBUG - Parameter update: 7 = 3
2025-09-26 14:36:57,168 - midi.connection - DEBUG - Query successful: param 7 = 3
2025-09-26 14:36:57,576 - midi.connection - DEBUG - Sending query for parameter 8: SysEx: F0 04 17 3E 08 00 00 00 00 00 00 00 00 00 00 00 F7
2025-09-26 14:36:57,607 - midi.sysex - DEBUG - SysEx parse: param_id=8, value=0, is_response=True, unit_id=1
2025-09-26 14:36:57,608 - midi.sysex - DEBUG - Received response: param 8 = 0
2025-09-26 14:36:57,608 - midi.connection - DEBUG - Parameter update: 8 = 0
2025-09-26 14:36:57,608 - midi.connection - DEBUG - Query successful: param 8 = 0
2025-09-26 14:36:58,009 - midi.connection - DEBUG - Sending query for parameter 9: SysEx: F0 04 17 3E 09 00 00 00 00 00 00 00 00 00 00 00 F7
2025-09-26 14:36:58,042 - midi.sysex - DEBUG - SysEx parse: param_id=9, value=2, is_response=True, unit_id=1
2025-09-26 14:36:58,043 - midi.sysex - DEBUG - Received response: param 9 = 2
2025-09-26 14:36:58,043 - midi.connection - DEBUG - Parameter update: 9 = 2
2025-09-26 14:36:58,043 - midi.connection - DEBUG - Query successful: param 9 = 2
2025-09-26 14:36:58,448 - midi.connection - DEBUG - Sending query for parameter 10: SysEx: F0 04 17 3E 0A 00 00 00 00 00 00 00 00 00 00 00 F7
2025-09-26 14:36:58,479 - midi.sysex - DEBUG - SysEx parse: param_id=10, value=0, is_response=True, unit_id=1
2025-09-26 14:36:58,480 - midi.sysex - DEBUG - Received response: param 10 = 0
2025-09-26 14:36:58,480 - midi.connection - DEBUG - Parameter update: 10 = 0
2025-09-26 14:36:58,480 - midi.connection - DEBUG - Query successful: param 10 = 0
2025-09-26 14:36:58,885 - midi.connection - DEBUG - Sending query for parameter 11: SysEx: F0 04 17 3E 0B 00 00 00 00 00 00 00 00 00 00 00 F7
2025-09-26 14:36:58,920 - midi.sysex - DEBUG - SysEx parse: param_id=11, value=0, is_response=True, unit_id=1
2025-09-26 14:36:58,920 - midi.sysex - DEBUG - Received response: param 11 = 0
2025-09-26 14:36:58,921 - midi.connection - DEBUG - Parameter update: 11 = 0
2025-09-26 14:36:58,921 - midi.connection - DEBUG - Query successful: param 11 = 0
2025-09-26 14:36:59,326 - midi.connection - DEBUG - Sending query for parameter 12: SysEx: F0 04 17 3E 0C 00 00 00 00 00 00 00 00 00 00 00 F7
2025-09-26 14:36:59,359 - midi.sysex - DEBUG - SysEx parse: param_id=12, value=0, is_response=True, unit_id=1
2025-09-26 14:36:59,359 - midi.sysex - DEBUG - Received response: param 12 = 0
2025-09-26 14:36:59,359 - midi.connection - DEBUG - Parameter update: 12 = 0
2025-09-26 14:36:59,359 - midi.connection - DEBUG - Query successful: param 12 = 0
2025-09-26 14:36:59,764 - midi.connection - DEBUG - Sending query for parameter 13: SysEx: F0 04 17 3E 0D 00 00 00 00 00 00 00 00 00 00 00 F7
2025-09-26 14:36:59,800 - midi.sysex - DEBUG - SysEx parse: param_id=13, value=1, is_response=True, unit_id=1
2025-09-26 14:36:59,800 - midi.sysex - DEBUG - Received response: param 13 = 1
2025-09-26 14:36:59,801 - midi.connection - DEBUG - Parameter update: 13 = 1
2025-09-26 14:36:59,801 - midi.connection - DEBUG - Query successful: param 13 = 1
2025-09-26 14:37:00,205 - midi.connection - DEBUG - Sending query for parameter 14: SysEx: F0 04 17 3E 0E 00 00 00 00 00 00 00 00 00 00 00 F7
2025-09-26 14:37:00,240 - midi.sysex - DEBUG - SysEx parse: param_id=14, value=1, is_response=True, unit_id=1
2025-09-26 14:37:00,240 - midi.sysex - DEBUG - Received response: param 14 = 1
2025-09-26 14:37:00,241 - midi.connection - DEBUG - Parameter update: 14 = 1
2025-09-26 14:37:00,241 - midi.connection - DEBUG - Query successful: param 14 = 1
2025-09-26 14:37:00,646 - midi.connection - DEBUG - Sending query for parameter 15: SysEx: F0 04 17 3E 0F 00 00 00 00 00 00 00 00 00 00 00 F7
2025-09-26 14:37:00,680 - midi.sysex - DEBUG - SysEx parse: param_id=15, value=0, is_response=True, unit_id=1
2025-09-26 14:37:00,680 - midi.sysex - DEBUG - Received response: param 15 = 0
2025-09-26 14:37:00,681 - midi.connection - DEBUG - Parameter update: 15 = 0
2025-09-26 14:37:00,681 - midi.connection - DEBUG - Query successful: param 15 = 0
2025-09-26 14:37:01,086 - midi.connection - DEBUG - Sending query for parameter 16: SysEx: F0 04 17 3E 10 00 00 00 00 00 00 00 00 00 00 00 F7
2025-09-26 14:37:01,121 - midi.sysex - DEBUG - SysEx parse: param_id=16, value=1, is_response=True, unit_id=1
2025-09-26 14:37:01,121 - midi.sysex - DEBUG - Received response: param 16 = 1
2025-09-26 14:37:01,121 - midi.connection - DEBUG - Parameter update: 16 = 1
2025-09-26 14:37:01,121 - midi.connection - DEBUG - Query successful: param 16 = 1
2025-09-26 14:37:01,526 - midi.connection - DEBUG - Sending query for parameter 17: SysEx: F0 04 17 3E 11 00 00 00 00 00 00 00 00 00 00 00 F7
2025-09-26 14:37:01,563 - midi.sysex - DEBUG - SysEx parse: param_id=17, value=0, is_response=True, unit_id=1
2025-09-26 14:37:01,563 - midi.sysex - DEBUG - Received response: param 17 = 0
2025-09-26 14:37:01,563 - midi.connection - DEBUG - Parameter update: 17 = 0
2025-09-26 14:37:01,564 - midi.connection - DEBUG - Query successful: param 17 = 0
2025-09-26 14:37:01,970 - midi.connection - DEBUG - Sending query for parameter 18: SysEx: F0 04 17 3E 12 00 00 00 00 00 00 00 00 00 00 00 F7
2025-09-26 14:37:02,001 - midi.sysex - DEBUG - SysEx parse: param_id=18, value=0, is_response=True, unit_id=1
2025-09-26 14:37:02,001 - midi.sysex - DEBUG - Received response: param 18 = 0
2025-09-26 14:37:02,002 - midi.connection - DEBUG - Parameter update: 18 = 0
2025-09-26 14:37:02,002 - midi.connection - DEBUG - Query successful: param 18 = 0
2025-09-26 14:37:02,407 - midi.connection - DEBUG - Sending query for parameter 19: SysEx: F0 04 17 3E 13 00 00 00 00 00 00 00 00 00 00 00 F7
2025-09-26 14:37:02,442 - midi.sysex - DEBUG - SysEx parse: param_id=19, value=1, is_response=True, unit_id=1
2025-09-26 14:37:02,443 - midi.sysex - DEBUG - Received response: param 19 = 1
2025-09-26 14:37:02,443 - midi.connection - DEBUG - Parameter update: 19 = 1
2025-09-26 14:37:02,443 - midi.connection - DEBUG - Query successful: param 19 = 1
2025-09-26 14:37:02,844 - midi.connection - DEBUG - Sending query for parameter 20: SysEx: F0 04 17 3E 14 00 00 00 00 00 00 00 00 00 00 00 F7
2025-09-26 14:37:02,877 - midi.sysex - DEBUG - SysEx parse: param_id=20, value=1, is_response=True, unit_id=1
2025-09-26 14:37:02,877 - midi.sysex - DEBUG - Received response: param 20 = 1
2025-09-26 14:37:02,877 - midi.connection - DEBUG - Parameter update: 20 = 1
2025-09-26 14:37:02,877 - midi.connection - DEBUG - Query successful: param 20 = 1
2025-09-26 14:37:03,282 - midi.connection - DEBUG - Sending query for parameter 21: SysEx: F0 04 17 3E 15 00 00 00 00 00 00 00 00 00 00 00 F7
2025-09-26 14:37:03,317 - midi.sysex - DEBUG - SysEx parse: param_id=21, value=1, is_response=True, unit_id=1
2025-09-26 14:37:03,318 - midi.sysex - DEBUG - Received response: param 21 = 1
2025-09-26 14:37:03,318 - midi.connection - DEBUG - Parameter update: 21 = 1
2025-09-26 14:37:03,318 - midi.connection - DEBUG - Query successful: param 21 = 1
2025-09-26 14:37:03,719 - midi.connection - DEBUG - Sending query for parameter 22: SysEx: F0 04 17 3E 16 00 00 00 00 00 00 00 00 00 00 00 F7
2025-09-26 14:37:03,754 - midi.sysex - DEBUG - SysEx parse: param_id=22, value=1, is_response=True, unit_id=1
2025-09-26 14:37:03,754 - midi.sysex - DEBUG - Received response: param 22 = 1
2025-09-26 14:37:03,754 - midi.connection - DEBUG - Parameter update: 22 = 1
2025-09-26 14:37:03,754 - midi.connection - DEBUG - Query successful: param 22 = 1
2025-09-26 14:37:04,156 - midi.connection - DEBUG - Sending query for parameter 23: SysEx: F0 04 17 3E 17 00 00 00 00 00 00 00 00 00 00 00 F7
2025-09-26 14:37:04,185 - midi.sysex - DEBUG - SysEx parse: param_id=23, value=8192, is_response=True, unit_id=1
2025-09-26 14:37:04,186 - midi.sysex - DEBUG - Received response: param 23 = 8192
2025-09-26 14:37:04,186 - midi.connection - DEBUG - Parameter update: 23 = 8192
2025-09-26 14:37:04,186 - midi.connection - DEBUG - Query successful: param 23 = 8192
2025-09-26 14:37:04,591 - midi.connection - DEBUG - Sending query for parameter 24: SysEx: F0 04 17 3E 18 00 00 00 00 00 00 00 00 00 00 00 F7
2025-09-26 14:37:04,626 - midi.sysex - DEBUG - SysEx parse: param_id=24, value=1, is_response=True, unit_id=1
2025-09-26 14:37:04,627 - midi.sysex - DEBUG - Received response: param 24 = 1
2025-09-26 14:37:04,627 - midi.connection - DEBUG - Parameter update: 24 = 1
2025-09-26 14:37:04,627 - midi.connection - DEBUG - Query successful: param 24 = 1
2025-09-26 14:37:05,032 - midi.connection - DEBUG - Sending query for parameter 25: SysEx: F0 04 17 3E 19 00 00 00 00 00 00 00 00 00 00 00 F7
2025-09-26 14:37:05,068 - midi.sysex - DEBUG - SysEx parse: param_id=25, value=0, is_response=True, unit_id=1
2025-09-26 14:37:05,068 - midi.sysex - DEBUG - Received response: param 25 = 0
2025-09-26 14:37:05,069 - midi.connection - DEBUG - Parameter update: 25 = 0
2025-09-26 14:37:05,069 - midi.connection - DEBUG - Query successful: param 25 = 0
2025-09-26 14:37:05,474 - midi.connection - DEBUG - Sending query for parameter 26: SysEx: F0 04 17 3E 1A 00 00 00 00 00 00 00 00 00 00 00 F7
2025-09-26 14:37:05,509 - midi.sysex - DEBUG - SysEx parse: param_id=26, value=1, is_response=True, unit_id=1
2025-09-26 14:37:05,509 - midi.sysex - DEBUG - Received response: param 26 = 1
2025-09-26 14:37:05,510 - midi.connection - DEBUG - Parameter update: 26 = 1
2025-09-26 14:37:05,510 - midi.connection - DEBUG - Query successful: param 26 = 1
2025-09-26 14:37:05,915 - midi.connection - DEBUG - Sending query for parameter 27: SysEx: F0 04 17 3E 1B 00 00 00 00 00 00 00 00 00 00 00 F7
2025-09-26 14:37:05,950 - midi.sysex - DEBUG - SysEx parse: param_id=27, value=0, is_response=True, unit_id=1
2025-09-26 14:37:05,950 - midi.sysex - DEBUG - Received response: param 27 = 0
2025-09-26 14:37:05,950 - midi.connection - DEBUG - Parameter update: 27 = 0
2025-09-26 14:37:05,951 - midi.connection - DEBUG - Query successful: param 27 = 0
2025-09-26 14:37:06,357 - midi.connection - DEBUG - Sending query for parameter 28: SysEx: F0 04 17 3E 1C 00 00 00 00 00 00 00 00 00 00 00 F7
2025-09-26 14:37:06,390 - midi.sysex - DEBUG - SysEx parse: param_id=28, value=1, is_response=True, unit_id=1
2025-09-26 14:37:06,390 - midi.sysex - DEBUG - Received response: param 28 = 1
2025-09-26 14:37:06,390 - midi.connection - DEBUG - Parameter update: 28 = 1
2025-09-26 14:37:06,391 - midi.connection - DEBUG - Query successful: param 28 = 1
2025-09-26 14:37:06,796 - midi.connection - DEBUG - Sending query for parameter 29: SysEx: F0 04 17 3E 1D 00 00 00 00 00 00 00 00 00 00 00 F7
2025-09-26 14:37:06,829 - midi.sysex - DEBUG - SysEx parse: param_id=29, value=0, is_response=True, unit_id=1
2025-09-26 14:37:06,829 - midi.sysex - DEBUG - Received response: param 29 = 0
2025-09-26 14:37:06,829 - midi.connection - DEBUG - Parameter update: 29 = 0
2025-09-26 14:37:06,830 - midi.connection - DEBUG - Query successful: param 29 = 0
2025-09-26 14:37:07,235 - midi.connection - DEBUG - Sending query for parameter 30: SysEx: F0 04 17 3E 1E 00 00 00 00 00 00 00 00 00 00 00 F7
2025-09-26 14:37:07,269 - midi.sysex - DEBUG - SysEx parse: param_id=30, value=0, is_response=True, unit_id=1
2025-09-26 14:37:07,269 - midi.sysex - DEBUG - Received response: param 30 = 0
2025-09-26 14:37:07,269 - midi.connection - DEBUG - Parameter update: 30 = 0
2025-09-26 14:37:07,270 - midi.connection - DEBUG - Query successful: param 30 = 0
2025-09-26 14:37:07,674 - midi.connection - DEBUG - Sending query for parameter 31: SysEx: F0 04 17 3E 1F 00 00 00 00 00 00 00 00 00 00 00 F7
2025-09-26 14:37:07,706 - midi.sysex - DEBUG - SysEx parse: param_id=31, value=0, is_response=True, unit_id=1
2025-09-26 14:37:07,707 - midi.sysex - DEBUG - Received response: param 31 = 0
2025-09-26 14:37:07,707 - midi.connection - DEBUG - Parameter update: 31 = 0
2025-09-26 14:37:07,707 - midi.connection - DEBUG - Query successful: param 31 = 0
2025-09-26 14:37:08,112 - midi.connection - DEBUG - Sending query for parameter 32: SysEx: F0 04 17 3E 20 00 00 00 00 00 00 00 00 00 00 00 F7
2025-09-26 14:37:08,148 - midi.sysex - DEBUG - SysEx parse: param_id=32, value=1, is_response=True, unit_id=1
2025-09-26 14:37:08,148 - midi.sysex - DEBUG - Received response: param 32 = 1
2025-09-26 14:37:08,148 - midi.connection - DEBUG - Parameter update: 32 = 1
2025-09-26 14:37:08,149 - midi.connection - DEBUG - Query successful: param 32 = 1
2025-09-26 14:37:08,554 - midi.connection - DEBUG - Sending query for parameter 33: SysEx: F0 04 17 3E 21 00 00 00 00 00 00 00 00 00 00 00 F7
2025-09-26 14:37:08,591 - midi.sysex - DEBUG - SysEx parse: param_id=33, value=1, is_response=True, unit_id=1
2025-09-26 14:37:08,591 - midi.sysex - DEBUG - Received response: param 33 = 1
2025-09-26 14:37:08,591 - midi.connection - DEBUG - Parameter update: 33 = 1
2025-09-26 14:37:08,591 - midi.connection - DEBUG - Query successful: param 33 = 1
2025-09-26 14:37:08,996 - midi.connection - DEBUG - Sending query for parameter 34: SysEx: F0 04 17 3E 22 00 00 00 00 00 00 00 00 00 00 00 F7
2025-09-26 14:37:09,032 - midi.sysex - DEBUG - SysEx parse: param_id=34, value=1, is_response=True, unit_id=1
2025-09-26 14:37:09,033 - midi.sysex - DEBUG - Received response: param 34 = 1
2025-09-26 14:37:09,033 - midi.connection - DEBUG - Parameter update: 34 = 1
2025-09-26 14:37:09,033 - midi.connection - DEBUG - Query successful: param 34 = 1
2025-09-26 14:37:09,438 - midi.connection - DEBUG - Sending query for parameter 35: SysEx: F0 04 17 3E 23 00 00 00 00 00 00 00 00 00 00 00 F7
2025-09-26 14:37:09,471 - midi.sysex - DEBUG - SysEx parse: param_id=35, value=12, is_response=True, unit_id=1
2025-09-26 14:37:09,471 - midi.sysex - DEBUG - Received response: param 35 = 12
2025-09-26 14:37:09,471 - midi.connection - DEBUG - Parameter update: 35 = 12
2025-09-26 14:37:09,471 - midi.connection - DEBUG - Query successful: param 35 = 12
2025-09-26 14:37:09,876 - midi.connection - DEBUG - Sending query for parameter 36: SysEx: F0 04 17 3E 24 00 00 00 00 00 00 00 00 00 00 00 F7
2025-09-26 14:37:09,909 - midi.sysex - DEBUG - SysEx parse: param_id=36, value=12, is_response=True, unit_id=1
2025-09-26 14:37:09,909 - midi.sysex - DEBUG - Received response: param 36 = 12
2025-09-26 14:37:09,909 - midi.connection - DEBUG - Parameter update: 36 = 12
2025-09-26 14:37:09,909 - midi.connection - DEBUG - Query successful: param 36 = 12
2025-09-26 14:37:10,314 - midi.connection - DEBUG - Sending query for parameter 37: SysEx: F0 04 17 3E 25 00 00 00 00 00 00 00 00 00 00 00 F7
2025-09-26 14:37:10,350 - midi.sysex - DEBUG - SysEx parse: param_id=37, value=2, is_response=True, unit_id=1
2025-09-26 14:37:10,350 - midi.sysex - DEBUG - Received response: param 37 = 2
2025-09-26 14:37:10,350 - midi.connection - DEBUG - Parameter update: 37 = 2
2025-09-26 14:37:10,350 - midi.connection - DEBUG - Query successful: param 37 = 2
2025-09-26 14:37:10,756 - midi.connection - DEBUG - Sending query for parameter 38: SysEx: F0 04 17 3E 26 00 00 00 00 00 00 00 00 00 00 00 F7
2025-09-26 14:37:10,787 - midi.sysex - DEBUG - SysEx parse: param_id=38, value=2, is_response=True, unit_id=1
2025-09-26 14:37:10,787 - midi.sysex - DEBUG - Received response: param 38 = 2
2025-09-26 14:37:10,787 - midi.connection - DEBUG - Parameter update: 38 = 2
2025-09-26 14:37:10,788 - midi.connection - DEBUG - Query successful: param 38 = 2
2025-09-26 14:37:11,193 - midi.connection - DEBUG - Sending query for parameter 39: SysEx: F0 04 17 3E 27 00 00 00 00 00 00 00 00 00 00 00 F7
2025-09-26 14:37:11,223 - midi.sysex - DEBUG - SysEx parse: param_id=39, value=1, is_response=True, unit_id=1
2025-09-26 14:37:11,223 - midi.sysex - DEBUG - Received response: param 39 = 1
2025-09-26 14:37:11,223 - midi.connection - DEBUG - Parameter update: 39 = 1
2025-09-26 14:37:11,223 - midi.connection - DEBUG - Query successful: param 39 = 1
2025-09-26 14:37:11,630 - midi.connection - DEBUG - Sending query for parameter 40: SysEx: F0 04 17 3E 28 00 00 00 00 00 00 00 00 00 00 00 F7
2025-09-26 14:37:11,666 - midi.sysex - DEBUG - SysEx parse: param_id=40, value=0, is_response=True, unit_id=1
2025-09-26 14:37:11,666 - midi.sysex - DEBUG - Received response: param 40 = 0
2025-09-26 14:37:11,666 - midi.connection - DEBUG - Parameter update: 40 = 0
2025-09-26 14:37:11,666 - midi.connection - DEBUG - Query successful: param 40 = 0
2025-09-26 14:37:12,074 - midi.connection - DEBUG - Sending query for parameter 41: SysEx: F0 04 17 3E 29 00 00 00 00 00 00 00 00 00 00 00 F7
2025-09-26 14:37:12,105 - midi.sysex - DEBUG - SysEx parse: param_id=41, value=0, is_response=True, unit_id=1
2025-09-26 14:37:12,105 - midi.sysex - DEBUG - Received response: param 41 = 0
2025-09-26 14:37:12,105 - midi.connection - DEBUG - Parameter update: 41 = 0
2025-09-26 14:37:12,105 - midi.connection - DEBUG - Query successful: param 41 = 0
2025-09-26 14:37:12,511 - midi.connection - DEBUG - Sending query for parameter 42: SysEx: F0 04 17 3E 2A 00 00 00 00 00 00 00 00 00 00 00 F7
2025-09-26 14:37:12,544 - midi.sysex - DEBUG - SysEx parse: param_id=42, value=0, is_response=True, unit_id=1
2025-09-26 14:37:12,544 - midi.sysex - DEBUG - Received response: param 42 = 0
2025-09-26 14:37:12,544 - midi.connection - DEBUG - Parameter update: 42 = 0
2025-09-26 14:37:12,544 - midi.connection - DEBUG - Query successful: param 42 = 0
2025-09-26 14:37:12,949 - midi.connection - DEBUG - Sending query for parameter 43: SysEx: F0 04 17 3E 2B 00 00 00 00 00 00 00 00 00 00 00 F7
2025-09-26 14:37:12,988 - midi.sysex - DEBUG - SysEx parse: param_id=43, value=7, is_response=True, unit_id=1
2025-09-26 14:37:12,988 - midi.sysex - DEBUG - Received response: param 43 = 7
2025-09-26 14:37:12,988 - midi.connection - DEBUG - Parameter update: 43 = 7
2025-09-26 14:37:12,988 - midi.connection - DEBUG - Query successful: param 43 = 7
2025-09-26 14:37:13,393 - midi.connection - DEBUG - Sending query for parameter 44: SysEx: F0 04 17 3E 2C 00 00 00 00 00 00 00 00 00 00 00 F7
2025-09-26 14:37:13,427 - midi.sysex - DEBUG - SysEx parse: param_id=44, value=7, is_response=True, unit_id=1
2025-09-26 14:37:13,427 - midi.sysex - DEBUG - Received response: param 44 = 7
2025-09-26 14:37:13,428 - midi.connection - DEBUG - Parameter update: 44 = 7
2025-09-26 14:37:13,428 - midi.connection - DEBUG - Query successful: param 44 = 7
2025-09-26 14:37:13,832 - midi.connection - DEBUG - Sending query for parameter 45: SysEx: F0 04 17 3E 2D 00 00 00 00 00 00 00 00 00 00 00 F7
2025-09-26 14:37:13,863 - midi.sysex - DEBUG - SysEx parse: param_id=45, value=7, is_response=True, unit_id=1
2025-09-26 14:37:13,864 - midi.sysex - DEBUG - Received response: param 45 = 7
2025-09-26 14:37:13,864 - midi.connection - DEBUG - Parameter update: 45 = 7
2025-09-26 14:37:13,864 - midi.connection - DEBUG - Query successful: param 45 = 7
2025-09-26 14:37:14,269 - midi.connection - DEBUG - Sending query for parameter 46: SysEx: F0 04 17 3E 2E 00 00 00 00 00 00 00 00 00 00 00 F7
2025-09-26 14:37:14,305 - midi.sysex - DEBUG - SysEx parse: param_id=46, value=0, is_response=True, unit_id=1
2025-09-26 14:37:14,305 - midi.sysex - DEBUG - Received response: param 46 = 0
2025-09-26 14:37:14,305 - midi.connection - DEBUG - Parameter update: 46 = 0
2025-09-26 14:37:14,305 - midi.connection - DEBUG - Query successful: param 46 = 0
2025-09-26 14:37:14,709 - midi.connection - DEBUG - Sending query for parameter 47: SysEx: F0 04 17 3E 2F 00 00 00 00 00 00 00 00 00 00 00 F7
2025-09-26 14:37:14,742 - midi.sysex - DEBUG - SysEx parse: param_id=47, value=0, is_response=True, unit_id=1
2025-09-26 14:37:14,743 - midi.sysex - DEBUG - Received response: param 47 = 0
2025-09-26 14:37:14,743 - midi.connection - DEBUG - Parameter update: 47 = 0
2025-09-26 14:37:14,743 - midi.connection - DEBUG - Query successful: param 47 = 0
2025-09-26 14:37:15,148 - midi.connection - DEBUG - Sending query for parameter 48: SysEx: F0 04 17 3E 30 00 00 00 00 00 00 00 00 00 00 00 F7
2025-09-26 14:37:15,180 - midi.sysex - DEBUG - SysEx parse: param_id=48, value=0, is_response=True, unit_id=1
2025-09-26 14:37:15,180 - midi.sysex - DEBUG - Received response: param 48 = 0
2025-09-26 14:37:15,180 - midi.connection - DEBUG - Parameter update: 48 = 0
2025-09-26 14:37:15,181 - midi.connection - DEBUG - Query successful: param 48 = 0
2025-09-26 14:37:15,584 - midi.connection - DEBUG - Sending query for parameter 49: SysEx: F0 04 17 3E 31 00 00 00 00 00 00 00 00 00 00 00 F7
2025-09-26 14:37:15,616 - midi.sysex - DEBUG - SysEx parse: param_id=49, value=0, is_response=True, unit_id=1
2025-09-26 14:37:15,616 - midi.sysex - DEBUG - Received response: param 49 = 0
2025-09-26 14:37:15,616 - midi.connection - DEBUG - Parameter update: 49 = 0
2025-09-26 14:37:15,617 - midi.connection - DEBUG - Query successful: param 49 = 0
2025-09-26 14:37:16,022 - midi.connection - DEBUG - Sending query for parameter 50: SysEx: F0 04 17 3E 32 00 00 00 00 00 00 00 00 00 00 00 F7
2025-09-26 14:37:16,056 - midi.sysex - DEBUG - SysEx parse: param_id=50, value=0, is_response=True, unit_id=1
2025-09-26 14:37:16,056 - midi.sysex - DEBUG - Received response: param 50 = 0
2025-09-26 14:37:16,056 - midi.connection - DEBUG - Parameter update: 50 = 0
2025-09-26 14:37:16,056 - midi.connection - DEBUG - Query successful: param 50 = 0
2025-09-26 14:37:16,461 - midi.connection - DEBUG - Sending query for parameter 51: SysEx: F0 04 17 3E 33 00 00 00 00 00 00 00 00 00 00 00 F7
2025-09-26 14:37:16,493 - midi.sysex - DEBUG - SysEx parse: param_id=51, value=0, is_response=True, unit_id=1
2025-09-26 14:37:16,493 - midi.sysex - DEBUG - Received response: param 51 = 0
2025-09-26 14:37:16,493 - midi.connection - DEBUG - Parameter update: 51 = 0
2025-09-26 14:37:16,494 - midi.connection - DEBUG - Query successful: param 51 = 0
2025-09-26 14:37:16,898 - midi.connection - DEBUG - Sending query for parameter 52: SysEx: F0 04 17 3E 34 00 00 00 00 00 00 00 00 00 00 00 F7
2025-09-26 14:37:16,930 - midi.sysex - DEBUG - SysEx parse: param_id=52, value=1, is_response=True, unit_id=1
2025-09-26 14:37:16,930 - midi.sysex - DEBUG - Received response: param 52 = 1
2025-09-26 14:37:16,930 - midi.connection - DEBUG - Parameter update: 52 = 1
2025-09-26 14:37:16,930 - midi.connection - DEBUG - Query successful: param 52 = 1
2025-09-26 14:37:17,333 - midi.connection - DEBUG - Sending query for parameter 53: SysEx: F0 04 17 3E 35 00 00 00 00 00 00 00 00 00 00 00 F7
2025-09-26 14:37:17,369 - midi.sysex - DEBUG - SysEx parse: param_id=53, value=0, is_response=True, unit_id=1
2025-09-26 14:37:17,369 - midi.sysex - DEBUG - Received response: param 53 = 0
2025-09-26 14:37:17,370 - midi.connection - DEBUG - Parameter update: 53 = 0
2025-09-26 14:37:17,370 - midi.connection - DEBUG - Query successful: param 53 = 0
2025-09-26 14:37:17,775 - midi.connection - DEBUG - Sending query for parameter 54: SysEx: F0 04 17 3E 36 00 00 00 00 00 00 00 00 00 00 00 F7
2025-09-26 14:37:17,812 - midi.sysex - DEBUG - SysEx parse: param_id=54, value=0, is_response=True, unit_id=1
2025-09-26 14:37:17,812 - midi.sysex - DEBUG - Received response: param 54 = 0
2025-09-26 14:37:17,812 - midi.connection - DEBUG - Parameter update: 54 = 0
2025-09-26 14:37:17,812 - midi.connection - DEBUG - Query successful: param 54 = 0
2025-09-26 14:37:18,214 - midi.connection - DEBUG - Sending query for parameter 55: SysEx: F0 04 17 3E 37 00 00 00 00 00 00 00 00 00 00 00 F7
2025-09-26 14:37:18,246 - midi.sysex - DEBUG - SysEx parse: param_id=55, value=0, is_response=True, unit_id=1
2025-09-26 14:37:18,246 - midi.sysex - DEBUG - Received response: param 55 = 0
2025-09-26 14:37:18,246 - midi.connection - DEBUG - Parameter update: 55 = 0
2025-09-26 14:37:18,246 - midi.connection - DEBUG - Query successful: param 55 = 0
2025-09-26 14:37:18,653 - midi.connection - DEBUG - Sending query for parameter 56: SysEx: F0 04 17 3E 38 00 00 00 00 00 00 00 00 00 00 00 F7
2025-09-26 14:37:18,684 - midi.sysex - DEBUG - SysEx parse: param_id=56, value=0, is_response=True, unit_id=1
2025-09-26 14:37:18,684 - midi.sysex - DEBUG - Received response: param 56 = 0
2025-09-26 14:37:18,685 - midi.connection - DEBUG - Parameter update: 56 = 0
2025-09-26 14:37:18,685 - midi.connection - DEBUG - Query successful: param 56 = 0
2025-09-26 14:37:19,090 - midi.connection - DEBUG - Sending query for parameter 57: SysEx: F0 04 17 3E 39 00 00 00 00 00 00 00 00 00 00 00 F7
2025-09-26 14:37:19,123 - midi.sysex - DEBUG - SysEx parse: param_id=57, value=1, is_response=True, unit_id=1
2025-09-26 14:37:19,123 - midi.sysex - DEBUG - Received response: param 57 = 1
2025-09-26 14:37:19,123 - midi.connection - DEBUG - Parameter update: 57 = 1
2025-09-26 14:37:19,123 - midi.connection - DEBUG - Query successful: param 57 = 1
2025-09-26 14:37:19,529 - midi.connection - DEBUG - Sending query for parameter 58: SysEx: F0 04 17 3E 3A 00 00 00 00 00 00 00 00 00 00 00 F7
2025-09-26 14:37:19,560 - midi.sysex - DEBUG - SysEx parse: param_id=58, value=0, is_response=True, unit_id=1
2025-09-26 14:37:19,561 - midi.sysex - DEBUG - Received response: param 58 = 0
2025-09-26 14:37:19,561 - midi.connection - DEBUG - Parameter update: 58 = 0
2025-09-26 14:37:19,561 - midi.connection - DEBUG - Query successful: param 58 = 0
2025-09-26 14:37:19,967 - midi.connection - DEBUG - Sending query for parameter 59: SysEx: F0 04 17 3E 3B 00 00 00 00 00 00 00 00 00 00 00 F7
2025-09-26 14:37:19,997 - midi.sysex - DEBUG - SysEx parse: param_id=59, value=0, is_response=True, unit_id=1
2025-09-26 14:37:19,997 - midi.sysex - DEBUG - Received response: param 59 = 0
2025-09-26 14:37:19,997 - midi.connection - DEBUG - Parameter update: 59 = 0
2025-09-26 14:37:19,997 - midi.connection - DEBUG - Query successful: param 59 = 0
2025-09-26 14:37:20,402 - midi.connection - DEBUG - Sending query for parameter 60: SysEx: F0 04 17 3E 3C 00 00 00 00 00 00 00 00 00 00 00 F7
2025-09-26 14:37:20,440 - midi.sysex - DEBUG - SysEx parse: param_id=60, value=0, is_response=True, unit_id=1
2025-09-26 14:37:20,441 - midi.sysex - DEBUG - Received response: param 60 = 0
2025-09-26 14:37:20,441 - midi.connection - DEBUG - Parameter update: 60 = 0
2025-09-26 14:37:20,441 - midi.connection - DEBUG - Query successful: param 60 = 0
2025-09-26 14:37:20,846 - midi.connection - DEBUG - Sending query for parameter 61: SysEx: F0 04 17 3E 3D 00 00 00 00 00 00 00 00 00 00 00 F7
2025-09-26 14:37:20,879 - midi.sysex - DEBUG - SysEx parse: param_id=61, value=0, is_response=True, unit_id=1
2025-09-26 14:37:20,880 - midi.sysex - DEBUG - Received response: param 61 = 0
2025-09-26 14:37:20,880 - midi.connection - DEBUG - Parameter update: 61 = 0
2025-09-26 14:37:20,880 - midi.connection - DEBUG - Query successful: param 61 = 0
2025-09-26 14:37:21,289 - midi.connection - DEBUG - Sending query for parameter 62: SysEx: F0 04 17 3E 3E 00 00 00 00 00 00 00 00 00 00 00 F7
2025-09-26 14:37:21,322 - midi.sysex - DEBUG - SysEx parse: param_id=62, value=0, is_response=True, unit_id=1
2025-09-26 14:37:21,322 - midi.sysex - DEBUG - Received response: param 62 = 0
2025-09-26 14:37:21,322 - midi.connection - DEBUG - Parameter update: 62 = 0
2025-09-26 14:37:21,322 - midi.connection - DEBUG - Query successful: param 62 = 0
2025-09-26 14:37:21,732 - midi.connection - DEBUG - Sending query for parameter 63: SysEx: F0 04 17 3E 3F 00 00 00 00 00 00 00 00 00 00 00 F7
2025-09-26 14:37:21,770 - midi.sysex - DEBUG - SysEx parse: param_id=63, value=0, is_response=True, unit_id=1
2025-09-26 14:37:21,770 - midi.sysex - DEBUG - Received response: param 63 = 0
2025-09-26 14:37:21,770 - midi.connection - DEBUG - Parameter update: 63 = 0
2025-09-26 14:37:21,770 - midi.connection - DEBUG - Query successful: param 63 = 0
2025-09-26 14:37:22,174 - midi.connection - DEBUG - Sending query for parameter 64: SysEx: F0 04 17 3E 40 00 00 00 00 00 00 00 00 00 00 00 F7
2025-09-26 14:37:22,209 - midi.sysex - DEBUG - SysEx parse: param_id=64, value=0, is_response=True, unit_id=1
2025-09-26 14:37:22,209 - midi.sysex - DEBUG - Received response: param 64 = 0
2025-09-26 14:37:22,209 - midi.connection - DEBUG - Parameter update: 64 = 0
2025-09-26 14:37:22,209 - midi.connection - DEBUG - Query successful: param 64 = 0
2025-09-26 14:37:22,614 - midi.connection - DEBUG - Sending query for parameter 65: SysEx: F0 04 17 3E 41 00 00 00 00 00 00 00 00 00 00 00 F7
2025-09-26 14:37:22,647 - midi.sysex - DEBUG - SysEx parse: param_id=65, value=0, is_response=True, unit_id=1
2025-09-26 14:37:22,648 - midi.sysex - DEBUG - Received response: param 65 = 0
2025-09-26 14:37:22,648 - midi.connection - DEBUG - Parameter update: 65 = 0
2025-09-26 14:37:22,648 - midi.connection - DEBUG - Query successful: param 65 = 0
2025-09-26 14:37:23,052 - midi.connection - DEBUG - Sending query for parameter 66: SysEx: F0 04 17 3E 42 00 00 00 00 00 00 00 00 00 00 00 F7
2025-09-26 14:37:23,089 - midi.sysex - DEBUG - SysEx parse: param_id=66, value=1, is_response=True, unit_id=1
2025-09-26 14:37:23,089 - midi.sysex - DEBUG - Received response: param 66 = 1
2025-09-26 14:37:23,089 - midi.connection - DEBUG - Parameter update: 66 = 1
2025-09-26 14:37:23,089 - midi.connection - DEBUG - Query successful: param 66 = 1
2025-09-26 14:37:23,495 - midi.connection - DEBUG - Sending query for parameter 67: SysEx: F0 04 17 3E 43 00 00 00 00 00 00 00 00 00 00 00 F7
2025-09-26 14:37:23,528 - midi.sysex - DEBUG - SysEx parse: param_id=67, value=2, is_response=True, unit_id=1
2025-09-26 14:37:23,528 - midi.sysex - DEBUG - Received response: param 67 = 2
2025-09-26 14:37:23,529 - midi.connection - DEBUG - Parameter update: 67 = 2
2025-09-26 14:37:23,529 - midi.connection - DEBUG - Query successful: param 67 = 2
2025-09-26 14:37:23,934 - midi.connection - DEBUG - Sending query for parameter 68: SysEx: F0 04 17 3E 44 00 00 00 00 00 00 00 00 00 00 00 F7
2025-09-26 14:37:23,965 - midi.sysex - DEBUG - SysEx parse: param_id=68, value=0, is_response=True, unit_id=1
2025-09-26 14:37:23,965 - midi.sysex - DEBUG - Received response: param 68 = 0
2025-09-26 14:37:23,966 - midi.connection - DEBUG - Parameter update: 68 = 0
2025-09-26 14:37:23,966 - midi.connection - DEBUG - Query successful: param 68 = 0
2025-09-26 14:37:24,370 - midi.connection - DEBUG - Sending query for parameter 69: SysEx: F0 04 17 3E 45 00 00 00 00 00 00 00 00 00 00 00 F7
2025-09-26 14:37:24,402 - midi.sysex - DEBUG - SysEx parse: param_id=69, value=0, is_response=True, unit_id=1
2025-09-26 14:37:24,402 - midi.sysex - DEBUG - Received response: param 69 = 0
2025-09-26 14:37:24,403 - midi.connection - DEBUG - Parameter update: 69 = 0
2025-09-26 14:37:24,403 - midi.connection - DEBUG - Query successful: param 69 = 0
2025-09-26 14:37:24,808 - midi.connection - DEBUG - Sending query for parameter 70: SysEx: F0 04 17 3E 46 00 00 00 00 00 00 00 00 00 00 00 F7
2025-09-26 14:37:24,843 - midi.sysex - DEBUG - SysEx parse: param_id=70, value=0, is_response=True, unit_id=1
2025-09-26 14:37:24,843 - midi.sysex - DEBUG - Received response: param 70 = 0
2025-09-26 14:37:24,843 - midi.connection - DEBUG - Parameter update: 70 = 0
2025-09-26 14:37:24,843 - midi.connection - DEBUG - Query successful: param 70 = 0
2025-09-26 14:37:25,249 - midi.connection - DEBUG - Sending query for parameter 71: SysEx: F0 04 17 3E 47 00 00 00 00 00 00 00 00 00 00 00 F7
2025-09-26 14:37:25,279 - midi.sysex - DEBUG - SysEx parse: param_id=71, value=0, is_response=True, unit_id=1
2025-09-26 14:37:25,279 - midi.sysex - DEBUG - Received response: param 71 = 0
2025-09-26 14:37:25,279 - midi.connection - DEBUG - Parameter update: 71 = 0
2025-09-26 14:37:25,279 - midi.connection - DEBUG - Query successful: param 71 = 0
2025-09-26 14:37:25,684 - midi.connection - DEBUG - Sending query for parameter 72: SysEx: F0 04 17 3E 48 00 00 00 00 00 00 00 00 00 00 00 F7
2025-09-26 14:37:25,716 - midi.sysex - DEBUG - SysEx parse: param_id=72, value=1, is_response=True, unit_id=1
2025-09-26 14:37:25,717 - midi.sysex - DEBUG - Received response: param 72 = 1
2025-09-26 14:37:25,717 - midi.connection - DEBUG - Parameter update: 72 = 1
2025-09-26 14:37:25,717 - midi.connection - DEBUG - Query successful: param 72 = 1
2025-09-26 14:37:26,122 - midi.connection - DEBUG - Sending query for parameter 73: SysEx: F0 04 17 3E 49 00 00 00 00 00 00 00 00 00 00 00 F7
2025-09-26 14:37:26,156 - midi.sysex - DEBUG - SysEx parse: param_id=73, value=0, is_response=True, unit_id=1
2025-09-26 14:37:26,156 - midi.sysex - DEBUG - Received response: param 73 = 0
2025-09-26 14:37:26,156 - midi.connection - DEBUG - Parameter update: 73 = 0
2025-09-26 14:37:26,156 - midi.connection - DEBUG - Query successful: param 73 = 0
2025-09-26 14:37:26,557 - midi.connection - DEBUG - Sending query for parameter 74: SysEx: F0 04 17 3E 4A 00 00 00 00 00 00 00 00 00 00 00 F7
2025-09-26 14:37:26,590 - midi.sysex - DEBUG - SysEx parse: param_id=74, value=0, is_response=True, unit_id=1
2025-09-26 14:37:26,590 - midi.sysex - DEBUG - Received response: param 74 = 0
2025-09-26 14:37:26,591 - midi.connection - DEBUG - Parameter update: 74 = 0
2025-09-26 14:37:26,591 - midi.connection - DEBUG - Query successful: param 74 = 0
2025-09-26 14:37:26,995 - midi.connection - DEBUG - Sending query for parameter 75: SysEx: F0 04 17 3E 4B 00 00 00 00 00 00 00 00 00 00 00 F7
2025-09-26 14:37:29,996 - midi.connection - WARNING - Timeout querying parameter 75
2025-09-26 14:37:29,996 - midi.connection - WARNING - Query attempt 1 failed for parameter 75
2025-09-26 14:37:30,401 - midi.connection - DEBUG - Sending query for parameter 75: SysEx: F0 04 17 3E 4B 00 00 00 00 00 00 00 00 00 00 00 F7
2025-09-26 14:37:33,406 - midi.connection - WARNING - Timeout querying parameter 75
2025-09-26 14:37:33,407 - midi.connection - WARNING - Query attempt 2 failed for parameter 75
2025-09-26 14:37:33,812 - midi.connection - DEBUG - Sending query for parameter 75: SysEx: F0 04 17 3E 4B 00 00 00 00 00 00 00 00 00 00 00 F7
2025-09-26 14:37:36,816 - midi.connection - WARNING - Timeout querying parameter 75
2025-09-26 14:37:36,817 - midi.connection - WARNING - Query attempt 3 failed for parameter 75
2025-09-26 14:37:36,817 - midi.connection - ERROR - Failed to query parameter 75 after 3 attempts
2025-09-26 14:37:36,821 - ui.main_window - DEBUG - Parameter 0 updated to 0
2025-09-26 14:37:36,822 - ui.main_window - DEBUG - Parameter 1 updated to 0
2025-09-26 14:37:36,823 - ui.main_window - DEBUG - Parameter 2 updated to 0
2025-09-26 14:37:36,823 - ui.main_window - DEBUG - Parameter 3 updated to 2
2025-09-26 14:37:36,824 - ui.main_window - DEBUG - Parameter 4 updated to 0
2025-09-26 14:37:36,824 - ui.main_window - DEBUG - Parameter 5 updated to 1
2025-09-26 14:37:36,825 - ui.main_window - DEBUG - Parameter 6 updated to 3
2025-09-26 14:37:36,825 - ui.main_window - DEBUG - Parameter 7 updated to 3
2025-09-26 14:37:36,826 - ui.main_window - DEBUG - Parameter 8 updated to 0
2025-09-26 14:37:36,827 - ui.main_window - DEBUG - Parameter 9 updated to 2
2025-09-26 14:37:36,827 - ui.main_window - DEBUG - Parameter 10 updated to 0
2025-09-26 14:37:36,828 - ui.main_window - DEBUG - Parameter 11 updated to 0
2025-09-26 14:37:36,828 - ui.main_window - DEBUG - Parameter 12 updated to 0
2025-09-26 14:37:36,828 - ui.main_window - DEBUG - Parameter 13 updated to 1
2025-09-26 14:37:36,828 - ui.main_window - DEBUG - Parameter 14 updated to 1
2025-09-26 14:37:36,828 - ui.main_window - DEBUG - Parameter 15 updated to 0
2025-09-26 14:37:36,829 - ui.main_window - DEBUG - Parameter 16 updated to 1
2025-09-26 14:37:36,829 - ui.main_window - DEBUG - Parameter 17 updated to 0
2025-09-26 14:37:36,829 - ui.main_window - DEBUG - Parameter 18 updated to 0
2025-09-26 14:37:36,829 - ui.main_window - DEBUG - Parameter 19 updated to 1
2025-09-26 14:37:36,830 - ui.main_window - DEBUG - Parameter 20 updated to 1
2025-09-26 14:37:36,830 - ui.main_window - DEBUG - Parameter 21 updated to 1
2025-09-26 14:37:36,830 - ui.main_window - DEBUG - Parameter 22 updated to 1
2025-09-26 14:37:36,830 - ui.main_window - DEBUG - Parameter 23 updated to 8192
2025-09-26 14:37:36,831 - ui.main_window - DEBUG - Parameter 24 updated to 1
2025-09-26 14:37:36,831 - ui.main_window - DEBUG - Parameter 25 updated to 0
2025-09-26 14:37:36,831 - ui.main_window - DEBUG - Parameter 26 updated to 1
2025-09-26 14:37:36,832 - ui.main_window - DEBUG - Parameter 27 updated to 0
2025-09-26 14:37:36,832 - ui.main_window - DEBUG - Parameter 28 updated to 1
2025-09-26 14:37:36,833 - ui.main_window - DEBUG - Parameter 29 updated to 0
2025-09-26 14:37:36,833 - ui.main_window - DEBUG - Parameter 30 updated to 0
2025-09-26 14:37:36,833 - ui.main_window - DEBUG - Parameter 31 updated to 0
2025-09-26 14:37:36,833 - ui.main_window - DEBUG - Parameter 32 updated to 1
2025-09-26 14:37:36,833 - ui.main_window - DEBUG - Parameter 33 updated to 1
2025-09-26 14:37:36,834 - ui.main_window - DEBUG - Parameter 34 updated to 1
2025-09-26 14:37:36,834 - ui.main_window - DEBUG - Parameter 35 updated to 12
2025-09-26 14:37:36,835 - ui.main_window - DEBUG - Parameter 36 updated to 12
2025-09-26 14:37:36,835 - ui.main_window - DEBUG - Parameter 37 updated to 2
2025-09-26 14:37:36,835 - ui.main_window - DEBUG - Parameter 38 updated to 2
2025-09-26 14:37:36,835 - ui.main_window - DEBUG - Parameter 39 updated to 1
2025-09-26 14:37:36,835 - ui.main_window - DEBUG - Parameter 40 updated to 0
2025-09-26 14:37:36,836 - ui.main_window - DEBUG - Parameter 41 updated to 0
2025-09-26 14:37:36,836 - ui.main_window - DEBUG - Parameter 42 updated to 0
2025-09-26 14:37:36,836 - ui.main_window - DEBUG - Parameter 43 updated to 7
2025-09-26 14:37:36,836 - ui.main_window - DEBUG - Parameter 44 updated to 7
2025-09-26 14:37:36,836 - ui.main_window - DEBUG - Parameter 45 updated to 7
2025-09-26 14:37:36,837 - ui.main_window - DEBUG - Parameter 46 updated to 0
2025-09-26 14:37:36,837 - ui.main_window - DEBUG - Parameter 47 updated to 0
2025-09-26 14:37:36,837 - ui.main_window - DEBUG - Parameter 48 updated to 0
2025-09-26 14:37:36,837 - ui.main_window - DEBUG - Parameter 49 updated to 0
2025-09-26 14:37:36,837 - ui.main_window - DEBUG - Parameter 50 updated to 0
2025-09-26 14:37:36,837 - ui.main_window - DEBUG - Parameter 51 updated to 0
2025-09-26 14:37:36,838 - ui.main_window - DEBUG - Parameter 52 updated to 1
2025-09-26 14:37:36,838 - ui.main_window - DEBUG - Parameter 53 updated to 0
2025-09-26 14:37:36,838 - ui.main_window - DEBUG - Parameter 54 updated to 0
2025-09-26 14:37:36,838 - ui.main_window - DEBUG - Parameter 55 updated to 0
2025-09-26 14:37:36,838 - ui.main_window - DEBUG - Parameter 56 updated to 0
2025-09-26 14:37:36,838 - ui.main_window - DEBUG - Parameter 57 updated to 1
2025-09-26 14:37:36,839 - ui.main_window - DEBUG - Parameter 58 updated to 0
2025-09-26 14:37:36,839 - ui.main_window - DEBUG - Parameter 59 updated to 0
2025-09-26 14:37:36,839 - ui.main_window - DEBUG - Parameter 60 updated to 0
2025-09-26 14:37:36,840 - ui.main_window - DEBUG - Parameter 61 updated to 0
2025-09-26 14:37:36,840 - ui.main_window - DEBUG - Parameter 62 updated to 0
2025-09-26 14:37:36,840 - ui.main_window - DEBUG - Parameter 63 updated to 0
2025-09-26 14:37:36,840 - ui.main_window - DEBUG - Parameter 64 updated to 0
2025-09-26 14:37:36,840 - ui.main_window - DEBUG - Parameter 65 updated to 0
2025-09-26 14:37:36,841 - ui.main_window - DEBUG - Parameter 66 updated to 1
2025-09-26 14:37:36,841 - ui.main_window - DEBUG - Parameter 67 updated to 2
2025-09-26 14:37:36,841 - ui.main_window - DEBUG - Parameter 68 updated to 0
2025-09-26 14:37:36,842 - ui.main_window - DEBUG - Parameter 69 updated to 0
2025-09-26 14:37:36,842 - ui.main_window - DEBUG - Parameter 70 updated to 0
2025-09-26 14:37:36,842 - ui.main_window - DEBUG - Parameter 71 updated to 0
2025-09-26 14:37:36,843 - ui.main_window - DEBUG - Parameter 72 updated to 1
2025-09-26 14:37:36,843 - ui.main_window - DEBUG - Parameter 73 updated to 0
2025-09-26 14:37:36,843 - ui.main_window - DEBUG - Parameter 74 updated to 0
2025-09-26 14:48:48,243 - midi.connection - DEBUG - MIDI listen thread stopped
2025-09-26 14:48:48,247 - midi.connection - INFO - Disconnected from MIDI ports
2025-09-26 14:48:54,628 - __main__ - INFO - Starting Matriarch Controller...
2025-09-26 14:48:54,767 - __main__ - INFO - MIDI system OK: 23 inputs, 23 outputs
2025-09-26 14:48:55,016 - __main__ - INFO - Main window created and shown
2025-09-26 15:23:26,589 - __main__ - INFO - Starting Matriarch Controller...
2025-09-26 15:23:26,729 - __main__ - INFO - MIDI system OK: 23 inputs, 23 outputs
2025-09-26 15:23:26,945 - __main__ - INFO - Main window created and shown
2025-09-26 16:05:10,371 - __main__ - INFO - Starting Matriarch Controller...
2025-09-26 16:05:10,540 - __main__ - INFO - MIDI system OK: 23 inputs, 23 outputs
2025-09-26 16:05:10,711 - __main__ - ERROR - Unexpected error in main application
Traceback (most recent call last):
  File "/Users/mini4/matriarch_controller/main.py", line 123, in main
    from ui.main_window import MatriarchMainWindow
  File "/Users/mini4/matriarch_controller/ui/__init__.py", line 7, in <module>
    from .main_window import MatriarchMainWindow
  File "/Users/mini4/matriarch_controller/ui/main_window.py", line 18, in <module>
    from data.parameter_definitions import (
    ...<2 lines>...
    )
  File "/Users/mini4/matriarch_controller/data/__init__.py", line 7, in <module>
    from .parameter_definitions import (
    ...<7 lines>...
    )
  File "/Users/mini4/matriarch_controller/data/parameter_definitions.py", line 409
    }
    ^
SyntaxError: unmatched '}'
2025-09-26 16:06:43,382 - __main__ - INFO - Starting Matriarch Controller...
2025-09-26 16:06:43,525 - __main__ - INFO - MIDI system OK: 23 inputs, 23 outputs
2025-09-26 16:06:43,760 - ui.main_window - DEBUG - Auto-reconnect disabled
2025-09-26 16:06:43,765 - __main__ - INFO - Main window created and shown
2025-09-26 16:08:15,779 - midi.connection - DEBUG - MIDI listen thread started
2025-09-26 16:08:15,780 - midi.connection - INFO - Connected to MIDI ports: mioXL MATRIARCH -> mioXL MATRIARCH
2025-09-26 16:08:15,786 - midi.connection - DEBUG - Sending query for parameter 0: SysEx: F0 04 17 3E 00 00 00 00 00 00 00 00 00 00 00 00 F7
2025-09-26 16:08:15,830 - midi.sysex - DEBUG - SysEx parse: param_id=0, value=0, is_response=True, unit_id=1
2025-09-26 16:08:15,830 - midi.sysex - DEBUG - Received response: param 0 = 0
2025-09-26 16:08:15,830 - midi.connection - DEBUG - Parameter update: 0 = 0
2025-09-26 16:08:15,830 - midi.connection - DEBUG - Query successful: param 0 = 0
2025-09-26 16:08:16,236 - midi.connection - DEBUG - Sending query for parameter 1: SysEx: F0 04 17 3E 01 00 00 00 00 00 00 00 00 00 00 00 F7
2025-09-26 16:08:16,268 - midi.sysex - DEBUG - SysEx parse: param_id=1, value=0, is_response=True, unit_id=1
2025-09-26 16:08:16,268 - midi.sysex - DEBUG - Received response: param 1 = 0
2025-09-26 16:08:16,269 - midi.connection - DEBUG - Parameter update: 1 = 0
2025-09-26 16:08:16,269 - midi.connection - DEBUG - Query successful: param 1 = 0
2025-09-26 16:08:16,674 - midi.connection - DEBUG - Sending query for parameter 2: SysEx: F0 04 17 3E 02 00 00 00 00 00 00 00 00 00 00 00 F7
2025-09-26 16:08:16,706 - midi.sysex - DEBUG - SysEx parse: param_id=2, value=0, is_response=True, unit_id=1
2025-09-26 16:08:16,707 - midi.sysex - DEBUG - Received response: param 2 = 0
2025-09-26 16:08:16,707 - midi.connection - DEBUG - Parameter update: 2 = 0
2025-09-26 16:08:16,707 - midi.connection - DEBUG - Query successful: param 2 = 0
2025-09-26 16:08:17,112 - midi.connection - DEBUG - Sending query for parameter 3: SysEx: F0 04 17 3E 03 00 00 00 00 00 00 00 00 00 00 00 F7
2025-09-26 16:08:17,149 - midi.sysex - DEBUG - SysEx parse: param_id=3, value=2, is_response=True, unit_id=1
2025-09-26 16:08:17,149 - midi.sysex - DEBUG - Received response: param 3 = 2
2025-09-26 16:08:17,149 - midi.connection - DEBUG - Parameter update: 3 = 2
2025-09-26 16:08:17,149 - midi.connection - DEBUG - Query successful: param 3 = 2
2025-09-26 16:08:17,551 - midi.connection - DEBUG - Sending query for parameter 4: SysEx: F0 04 17 3E 04 00 00 00 00 00 00 00 00 00 00 00 F7
2025-09-26 16:08:17,586 - midi.sysex - DEBUG - SysEx parse: param_id=4, value=0, is_response=True, unit_id=1
2025-09-26 16:08:17,586 - midi.sysex - DEBUG - Received response: param 4 = 0
2025-09-26 16:08:17,587 - midi.connection - DEBUG - Parameter update: 4 = 0
2025-09-26 16:08:17,587 - midi.connection - DEBUG - Query successful: param 4 = 0
2025-09-26 16:08:17,992 - midi.connection - DEBUG - Sending query for parameter 5: SysEx: F0 04 17 3E 05 00 00 00 00 00 00 00 00 00 00 00 F7
2025-09-26 16:08:18,025 - midi.sysex - DEBUG - SysEx parse: param_id=5, value=1, is_response=True, unit_id=1
2025-09-26 16:08:18,025 - midi.sysex - DEBUG - Received response: param 5 = 1
2025-09-26 16:08:18,025 - midi.connection - DEBUG - Parameter update: 5 = 1
2025-09-26 16:08:18,026 - midi.connection - DEBUG - Query successful: param 5 = 1
2025-09-26 16:08:18,429 - midi.connection - DEBUG - Sending query for parameter 6: SysEx: F0 04 17 3E 06 00 00 00 00 00 00 00 00 00 00 00 F7
2025-09-26 16:08:18,462 - midi.sysex - DEBUG - SysEx parse: param_id=6, value=3, is_response=True, unit_id=1
2025-09-26 16:08:18,463 - midi.sysex - DEBUG - Received response: param 6 = 3
2025-09-26 16:08:18,463 - midi.connection - DEBUG - Parameter update: 6 = 3
2025-09-26 16:08:18,463 - midi.connection - DEBUG - Query successful: param 6 = 3
2025-09-26 16:08:18,870 - midi.connection - DEBUG - Sending query for parameter 7: SysEx: F0 04 17 3E 07 00 00 00 00 00 00 00 00 00 00 00 F7
2025-09-26 16:08:18,908 - midi.sysex - DEBUG - SysEx parse: param_id=7, value=3, is_response=True, unit_id=1
2025-09-26 16:08:18,909 - midi.sysex - DEBUG - Received response: param 7 = 3
2025-09-26 16:08:18,909 - midi.connection - DEBUG - Parameter update: 7 = 3
2025-09-26 16:08:18,909 - midi.connection - DEBUG - Query successful: param 7 = 3
2025-09-26 16:08:19,314 - midi.connection - DEBUG - Sending query for parameter 8: SysEx: F0 04 17 3E 08 00 00 00 00 00 00 00 00 00 00 00 F7
2025-09-26 16:08:19,350 - midi.sysex - DEBUG - SysEx parse: param_id=8, value=0, is_response=True, unit_id=1
2025-09-26 16:08:19,351 - midi.sysex - DEBUG - Received response: param 8 = 0
2025-09-26 16:08:19,351 - midi.connection - DEBUG - Parameter update: 8 = 0
2025-09-26 16:08:19,351 - midi.connection - DEBUG - Query successful: param 8 = 0
2025-09-26 16:08:19,756 - midi.connection - DEBUG - Sending query for parameter 9: SysEx: F0 04 17 3E 09 00 00 00 00 00 00 00 00 00 00 00 F7
2025-09-26 16:08:19,789 - midi.sysex - DEBUG - SysEx parse: param_id=9, value=2, is_response=True, unit_id=1
2025-09-26 16:08:19,790 - midi.sysex - DEBUG - Received response: param 9 = 2
2025-09-26 16:08:19,790 - midi.connection - DEBUG - Parameter update: 9 = 2
2025-09-26 16:08:19,790 - midi.connection - DEBUG - Query successful: param 9 = 2
2025-09-26 16:08:20,195 - midi.connection - DEBUG - Sending query for parameter 10: SysEx: F0 04 17 3E 0A 00 00 00 00 00 00 00 00 00 00 00 F7
2025-09-26 16:08:20,229 - midi.sysex - DEBUG - SysEx parse: param_id=10, value=0, is_response=True, unit_id=1
2025-09-26 16:08:20,229 - midi.sysex - DEBUG - Received response: param 10 = 0
2025-09-26 16:08:20,229 - midi.connection - DEBUG - Parameter update: 10 = 0
2025-09-26 16:08:20,229 - midi.connection - DEBUG - Query successful: param 10 = 0
2025-09-26 16:08:20,633 - midi.connection - DEBUG - Sending query for parameter 11: SysEx: F0 04 17 3E 0B 00 00 00 00 00 00 00 00 00 00 00 F7
2025-09-26 16:08:20,665 - midi.sysex - DEBUG - SysEx parse: param_id=11, value=0, is_response=True, unit_id=1
2025-09-26 16:08:20,666 - midi.sysex - DEBUG - Received response: param 11 = 0
2025-09-26 16:08:20,666 - midi.connection - DEBUG - Parameter update: 11 = 0
2025-09-26 16:08:20,666 - midi.connection - DEBUG - Query successful: param 11 = 0
2025-09-26 16:08:21,070 - midi.connection - DEBUG - Sending query for parameter 12: SysEx: F0 04 17 3E 0C 00 00 00 00 00 00 00 00 00 00 00 F7
2025-09-26 16:08:21,100 - midi.sysex - DEBUG - SysEx parse: param_id=12, value=0, is_response=True, unit_id=1
2025-09-26 16:08:21,100 - midi.sysex - DEBUG - Received response: param 12 = 0
2025-09-26 16:08:21,100 - midi.connection - DEBUG - Parameter update: 12 = 0
2025-09-26 16:08:21,100 - midi.connection - DEBUG - Query successful: param 12 = 0
2025-09-26 16:08:21,508 - midi.connection - DEBUG - Sending query for parameter 13: SysEx: F0 04 17 3E 0D 00 00 00 00 00 00 00 00 00 00 00 F7
2025-09-26 16:08:21,545 - midi.sysex - DEBUG - SysEx parse: param_id=13, value=1, is_response=True, unit_id=1
2025-09-26 16:08:21,545 - midi.sysex - DEBUG - Received response: param 13 = 1
2025-09-26 16:08:21,546 - midi.connection - DEBUG - Parameter update: 13 = 1
2025-09-26 16:08:21,546 - midi.connection - DEBUG - Query successful: param 13 = 1
2025-09-26 16:08:21,953 - midi.connection - DEBUG - Sending query for parameter 14: SysEx: F0 04 17 3E 0E 00 00 00 00 00 00 00 00 00 00 00 F7
2025-09-26 16:08:21,985 - midi.sysex - DEBUG - SysEx parse: param_id=14, value=1, is_response=True, unit_id=1
2025-09-26 16:08:21,985 - midi.sysex - DEBUG - Received response: param 14 = 1
2025-09-26 16:08:21,985 - midi.connection - DEBUG - Parameter update: 14 = 1
2025-09-26 16:08:21,985 - midi.connection - DEBUG - Query successful: param 14 = 1
2025-09-26 16:08:22,391 - midi.connection - DEBUG - Sending query for parameter 15: SysEx: F0 04 17 3E 0F 00 00 00 00 00 00 00 00 00 00 00 F7
2025-09-26 16:08:22,422 - midi.sysex - DEBUG - SysEx parse: param_id=15, value=0, is_response=True, unit_id=1
2025-09-26 16:08:22,422 - midi.sysex - DEBUG - Received response: param 15 = 0
2025-09-26 16:08:22,422 - midi.connection - DEBUG - Parameter update: 15 = 0
2025-09-26 16:08:22,423 - midi.connection - DEBUG - Query successful: param 15 = 0
2025-09-26 16:08:22,826 - midi.connection - DEBUG - Sending query for parameter 16: SysEx: F0 04 17 3E 10 00 00 00 00 00 00 00 00 00 00 00 F7
2025-09-26 16:08:22,861 - midi.sysex - DEBUG - SysEx parse: param_id=16, value=1, is_response=True, unit_id=1
2025-09-26 16:08:22,861 - midi.sysex - DEBUG - Received response: param 16 = 1
2025-09-26 16:08:22,861 - midi.connection - DEBUG - Parameter update: 16 = 1
2025-09-26 16:08:22,861 - midi.connection - DEBUG - Query successful: param 16 = 1
2025-09-26 16:08:23,267 - midi.connection - DEBUG - Sending query for parameter 17: SysEx: F0 04 17 3E 11 00 00 00 00 00 00 00 00 00 00 00 F7
2025-09-26 16:08:23,298 - midi.sysex - DEBUG - SysEx parse: param_id=17, value=0, is_response=True, unit_id=1
2025-09-26 16:08:23,298 - midi.sysex - DEBUG - Received response: param 17 = 0
2025-09-26 16:08:23,298 - midi.connection - DEBUG - Parameter update: 17 = 0
2025-09-26 16:08:23,299 - midi.connection - DEBUG - Query successful: param 17 = 0
2025-09-26 16:08:23,703 - midi.connection - DEBUG - Sending query for parameter 18: SysEx: F0 04 17 3E 12 00 00 00 00 00 00 00 00 00 00 00 F7
2025-09-26 16:08:23,737 - midi.sysex - DEBUG - SysEx parse: param_id=18, value=0, is_response=True, unit_id=1
2025-09-26 16:08:23,737 - midi.sysex - DEBUG - Received response: param 18 = 0
2025-09-26 16:08:23,737 - midi.connection - DEBUG - Parameter update: 18 = 0
2025-09-26 16:08:23,737 - midi.connection - DEBUG - Query successful: param 18 = 0
2025-09-26 16:08:24,142 - midi.connection - DEBUG - Sending query for parameter 19: SysEx: F0 04 17 3E 13 00 00 00 00 00 00 00 00 00 00 00 F7
2025-09-26 16:08:24,177 - midi.sysex - DEBUG - SysEx parse: param_id=19, value=1, is_response=True, unit_id=1
2025-09-26 16:08:24,178 - midi.sysex - DEBUG - Received response: param 19 = 1
2025-09-26 16:08:24,178 - midi.connection - DEBUG - Parameter update: 19 = 1
2025-09-26 16:08:24,178 - midi.connection - DEBUG - Query successful: param 19 = 1
2025-09-26 16:08:24,579 - midi.connection - DEBUG - Sending query for parameter 20: SysEx: F0 04 17 3E 14 00 00 00 00 00 00 00 00 00 00 00 F7
2025-09-26 16:08:24,613 - midi.sysex - DEBUG - SysEx parse: param_id=20, value=1, is_response=True, unit_id=1
2025-09-26 16:08:24,614 - midi.sysex - DEBUG - Received response: param 20 = 1
2025-09-26 16:08:24,614 - midi.connection - DEBUG - Parameter update: 20 = 1
2025-09-26 16:08:24,614 - midi.connection - DEBUG - Query successful: param 20 = 1
2025-09-26 16:08:25,019 - midi.connection - DEBUG - Sending query for parameter 21: SysEx: F0 04 17 3E 15 00 00 00 00 00 00 00 00 00 00 00 F7
2025-09-26 16:08:25,051 - midi.sysex - DEBUG - SysEx parse: param_id=21, value=1, is_response=True, unit_id=1
2025-09-26 16:08:25,052 - midi.sysex - DEBUG - Received response: param 21 = 1
2025-09-26 16:08:25,052 - midi.connection - DEBUG - Parameter update: 21 = 1
2025-09-26 16:08:25,052 - midi.connection - DEBUG - Query successful: param 21 = 1
2025-09-26 16:08:25,457 - midi.connection - DEBUG - Sending query for parameter 22: SysEx: F0 04 17 3E 16 00 00 00 00 00 00 00 00 00 00 00 F7
2025-09-26 16:08:25,489 - midi.sysex - DEBUG - SysEx parse: param_id=22, value=1, is_response=True, unit_id=1
2025-09-26 16:08:25,489 - midi.sysex - DEBUG - Received response: param 22 = 1
2025-09-26 16:08:25,489 - midi.connection - DEBUG - Parameter update: 22 = 1
2025-09-26 16:08:25,489 - midi.connection - DEBUG - Query successful: param 22 = 1
2025-09-26 16:08:25,894 - midi.connection - DEBUG - Sending query for parameter 23: SysEx: F0 04 17 3E 17 00 00 00 00 00 00 00 00 00 00 00 F7
2025-09-26 16:08:25,929 - midi.sysex - DEBUG - SysEx parse: param_id=23, value=8192, is_response=True, unit_id=1
2025-09-26 16:08:25,930 - midi.sysex - DEBUG - Received response: param 23 = 8192
2025-09-26 16:08:25,930 - midi.connection - DEBUG - Parameter update: 23 = 8192
2025-09-26 16:08:25,930 - midi.connection - DEBUG - Query successful: param 23 = 8192
2025-09-26 16:08:26,334 - midi.connection - DEBUG - Sending query for parameter 24: SysEx: F0 04 17 3E 18 00 00 00 00 00 00 00 00 00 00 00 F7
2025-09-26 16:08:26,364 - midi.sysex - DEBUG - SysEx parse: param_id=24, value=1, is_response=True, unit_id=1
2025-09-26 16:08:26,364 - midi.sysex - DEBUG - Received response: param 24 = 1
2025-09-26 16:08:26,365 - midi.connection - DEBUG - Parameter update: 24 = 1
2025-09-26 16:08:26,365 - midi.connection - DEBUG - Query successful: param 24 = 1
2025-09-26 16:08:26,769 - midi.connection - DEBUG - Sending query for parameter 25: SysEx: F0 04 17 3E 19 00 00 00 00 00 00 00 00 00 00 00 F7
2025-09-26 16:08:26,803 - midi.sysex - DEBUG - SysEx parse: param_id=25, value=0, is_response=True, unit_id=1
2025-09-26 16:08:26,804 - midi.sysex - DEBUG - Received response: param 25 = 0
2025-09-26 16:08:26,804 - midi.connection - DEBUG - Parameter update: 25 = 0
2025-09-26 16:08:26,804 - midi.connection - DEBUG - Query successful: param 25 = 0
2025-09-26 16:08:27,209 - midi.connection - DEBUG - Sending query for parameter 26: SysEx: F0 04 17 3E 1A 00 00 00 00 00 00 00 00 00 00 00 F7
2025-09-26 16:08:27,246 - midi.sysex - DEBUG - SysEx parse: param_id=26, value=1, is_response=True, unit_id=1
2025-09-26 16:08:27,246 - midi.sysex - DEBUG - Received response: param 26 = 1
2025-09-26 16:08:27,246 - midi.connection - DEBUG - Parameter update: 26 = 1
2025-09-26 16:08:27,246 - midi.connection - DEBUG - Query successful: param 26 = 1
2025-09-26 16:08:27,647 - midi.connection - DEBUG - Sending query for parameter 27: SysEx: F0 04 17 3E 1B 00 00 00 00 00 00 00 00 00 00 00 F7
2025-09-26 16:08:27,686 - midi.sysex - DEBUG - SysEx parse: param_id=27, value=0, is_response=True, unit_id=1
2025-09-26 16:08:27,686 - midi.sysex - DEBUG - Received response: param 27 = 0
2025-09-26 16:08:27,686 - midi.connection - DEBUG - Parameter update: 27 = 0
2025-09-26 16:08:27,687 - midi.connection - DEBUG - Query successful: param 27 = 0
2025-09-26 16:08:28,091 - midi.connection - DEBUG - Sending query for parameter 28: SysEx: F0 04 17 3E 1C 00 00 00 00 00 00 00 00 00 00 00 F7
2025-09-26 16:08:28,125 - midi.sysex - DEBUG - SysEx parse: param_id=28, value=1, is_response=True, unit_id=1
2025-09-26 16:08:28,125 - midi.sysex - DEBUG - Received response: param 28 = 1
2025-09-26 16:08:28,126 - midi.connection - DEBUG - Parameter update: 28 = 1
2025-09-26 16:08:28,126 - midi.connection - DEBUG - Query successful: param 28 = 1
2025-09-26 16:08:28,531 - midi.connection - DEBUG - Sending query for parameter 29: SysEx: F0 04 17 3E 1D 00 00 00 00 00 00 00 00 00 00 00 F7
2025-09-26 16:08:28,564 - midi.sysex - DEBUG - SysEx parse: param_id=29, value=0, is_response=True, unit_id=1
2025-09-26 16:08:28,564 - midi.sysex - DEBUG - Received response: param 29 = 0
2025-09-26 16:08:28,564 - midi.connection - DEBUG - Parameter update: 29 = 0
2025-09-26 16:08:28,564 - midi.connection - DEBUG - Query successful: param 29 = 0
2025-09-26 16:08:28,970 - midi.connection - DEBUG - Sending query for parameter 30: SysEx: F0 04 17 3E 1E 00 00 00 00 00 00 00 00 00 00 00 F7
2025-09-26 16:08:29,003 - midi.sysex - DEBUG - SysEx parse: param_id=30, value=0, is_response=True, unit_id=1
2025-09-26 16:08:29,003 - midi.sysex - DEBUG - Received response: param 30 = 0
2025-09-26 16:08:29,003 - midi.connection - DEBUG - Parameter update: 30 = 0
2025-09-26 16:08:29,003 - midi.connection - DEBUG - Query successful: param 30 = 0
2025-09-26 16:08:29,408 - midi.connection - DEBUG - Sending query for parameter 31: SysEx: F0 04 17 3E 1F 00 00 00 00 00 00 00 00 00 00 00 F7
2025-09-26 16:08:29,442 - midi.sysex - DEBUG - SysEx parse: param_id=31, value=0, is_response=True, unit_id=1
2025-09-26 16:08:29,442 - midi.sysex - DEBUG - Received response: param 31 = 0
2025-09-26 16:08:29,442 - midi.connection - DEBUG - Parameter update: 31 = 0
2025-09-26 16:08:29,442 - midi.connection - DEBUG - Query successful: param 31 = 0
2025-09-26 16:08:29,848 - midi.connection - DEBUG - Sending query for parameter 32: SysEx: F0 04 17 3E 20 00 00 00 00 00 00 00 00 00 00 00 F7
2025-09-26 16:08:29,878 - midi.sysex - DEBUG - SysEx parse: param_id=32, value=1, is_response=True, unit_id=1
2025-09-26 16:08:29,879 - midi.sysex - DEBUG - Received response: param 32 = 1
2025-09-26 16:08:29,879 - midi.connection - DEBUG - Parameter update: 32 = 1
2025-09-26 16:08:29,879 - midi.connection - DEBUG - Query successful: param 32 = 1
2025-09-26 16:08:30,284 - midi.connection - DEBUG - Sending query for parameter 35: SysEx: F0 04 17 3E 23 00 00 00 00 00 00 00 00 00 00 00 F7
2025-09-26 16:08:30,316 - midi.sysex - DEBUG - SysEx parse: param_id=35, value=12, is_response=True, unit_id=1
2025-09-26 16:08:30,316 - midi.sysex - DEBUG - Received response: param 35 = 12
2025-09-26 16:08:30,316 - midi.connection - DEBUG - Parameter update: 35 = 12
2025-09-26 16:08:30,316 - midi.connection - DEBUG - Query successful: param 35 = 12
2025-09-26 16:08:30,719 - midi.connection - DEBUG - Sending query for parameter 36: SysEx: F0 04 17 3E 24 00 00 00 00 00 00 00 00 00 00 00 F7
2025-09-26 16:08:30,751 - midi.sysex - DEBUG - SysEx parse: param_id=36, value=12, is_response=True, unit_id=1
2025-09-26 16:08:30,752 - midi.sysex - DEBUG - Received response: param 36 = 12
2025-09-26 16:08:30,752 - midi.connection - DEBUG - Parameter update: 36 = 12
2025-09-26 16:08:30,752 - midi.connection - DEBUG - Query successful: param 36 = 12
2025-09-26 16:08:31,156 - midi.connection - DEBUG - Sending query for parameter 37: SysEx: F0 04 17 3E 25 00 00 00 00 00 00 00 00 00 00 00 F7
2025-09-26 16:08:31,186 - midi.sysex - DEBUG - SysEx parse: param_id=37, value=2, is_response=True, unit_id=1
2025-09-26 16:08:31,186 - midi.sysex - DEBUG - Received response: param 37 = 2
2025-09-26 16:08:31,186 - midi.connection - DEBUG - Parameter update: 37 = 2
2025-09-26 16:08:31,186 - midi.connection - DEBUG - Query successful: param 37 = 2
2025-09-26 16:08:31,588 - midi.connection - DEBUG - Sending query for parameter 38: SysEx: F0 04 17 3E 26 00 00 00 00 00 00 00 00 00 00 00 F7
2025-09-26 16:08:31,617 - midi.sysex - DEBUG - SysEx parse: param_id=38, value=2, is_response=True, unit_id=1
2025-09-26 16:08:31,617 - midi.sysex - DEBUG - Received response: param 38 = 2
2025-09-26 16:08:31,617 - midi.connection - DEBUG - Parameter update: 38 = 2
2025-09-26 16:08:31,618 - midi.connection - DEBUG - Query successful: param 38 = 2
2025-09-26 16:08:32,023 - midi.connection - DEBUG - Sending query for parameter 39: SysEx: F0 04 17 3E 27 00 00 00 00 00 00 00 00 00 00 00 F7
2025-09-26 16:08:32,057 - midi.sysex - DEBUG - SysEx parse: param_id=39, value=1, is_response=True, unit_id=1
2025-09-26 16:08:32,057 - midi.sysex - DEBUG - Received response: param 39 = 1
2025-09-26 16:08:32,057 - midi.connection - DEBUG - Parameter update: 39 = 1
2025-09-26 16:08:32,058 - midi.connection - DEBUG - Query successful: param 39 = 1
2025-09-26 16:08:32,463 - midi.connection - DEBUG - Sending query for parameter 40: SysEx: F0 04 17 3E 28 00 00 00 00 00 00 00 00 00 00 00 F7
2025-09-26 16:08:32,495 - midi.sysex - DEBUG - SysEx parse: param_id=40, value=0, is_response=True, unit_id=1
2025-09-26 16:08:32,496 - midi.sysex - DEBUG - Received response: param 40 = 0
2025-09-26 16:08:32,496 - midi.connection - DEBUG - Parameter update: 40 = 0
2025-09-26 16:08:32,496 - midi.connection - DEBUG - Query successful: param 40 = 0
2025-09-26 16:08:32,901 - midi.connection - DEBUG - Sending query for parameter 41: SysEx: F0 04 17 3E 29 00 00 00 00 00 00 00 00 00 00 00 F7
2025-09-26 16:08:32,936 - midi.sysex - DEBUG - SysEx parse: param_id=41, value=0, is_response=True, unit_id=1
2025-09-26 16:08:32,936 - midi.sysex - DEBUG - Received response: param 41 = 0
2025-09-26 16:08:32,936 - midi.connection - DEBUG - Parameter update: 41 = 0
2025-09-26 16:08:32,936 - midi.connection - DEBUG - Query successful: param 41 = 0
2025-09-26 16:08:33,342 - midi.connection - DEBUG - Sending query for parameter 42: SysEx: F0 04 17 3E 2A 00 00 00 00 00 00 00 00 00 00 00 F7
2025-09-26 16:08:33,376 - midi.sysex - DEBUG - SysEx parse: param_id=42, value=0, is_response=True, unit_id=1
2025-09-26 16:08:33,376 - midi.sysex - DEBUG - Received response: param 42 = 0
2025-09-26 16:08:33,376 - midi.connection - DEBUG - Parameter update: 42 = 0
2025-09-26 16:08:33,376 - midi.connection - DEBUG - Query successful: param 42 = 0
2025-09-26 16:08:33,784 - midi.connection - DEBUG - Sending query for parameter 43: SysEx: F0 04 17 3E 2B 00 00 00 00 00 00 00 00 00 00 00 F7
2025-09-26 16:08:33,813 - midi.sysex - DEBUG - SysEx parse: param_id=43, value=7, is_response=True, unit_id=1
2025-09-26 16:08:33,813 - midi.sysex - DEBUG - Received response: param 43 = 7
2025-09-26 16:08:33,813 - midi.connection - DEBUG - Parameter update: 43 = 7
2025-09-26 16:08:33,813 - midi.connection - DEBUG - Query successful: param 43 = 7
2025-09-26 16:08:34,218 - midi.connection - DEBUG - Sending query for parameter 44: SysEx: F0 04 17 3E 2C 00 00 00 00 00 00 00 00 00 00 00 F7
2025-09-26 16:08:34,250 - midi.sysex - DEBUG - SysEx parse: param_id=44, value=7, is_response=True, unit_id=1
2025-09-26 16:08:34,251 - midi.sysex - DEBUG - Received response: param 44 = 7
2025-09-26 16:08:34,251 - midi.connection - DEBUG - Parameter update: 44 = 7
2025-09-26 16:08:34,251 - midi.connection - DEBUG - Query successful: param 44 = 7
2025-09-26 16:08:34,651 - midi.connection - DEBUG - Sending query for parameter 45: SysEx: F0 04 17 3E 2D 00 00 00 00 00 00 00 00 00 00 00 F7
2025-09-26 16:08:34,686 - midi.sysex - DEBUG - SysEx parse: param_id=45, value=7, is_response=True, unit_id=1
2025-09-26 16:08:34,687 - midi.sysex - DEBUG - Received response: param 45 = 7
2025-09-26 16:08:34,687 - midi.connection - DEBUG - Parameter update: 45 = 7
2025-09-26 16:08:34,687 - midi.connection - DEBUG - Query successful: param 45 = 7
2025-09-26 16:08:35,092 - midi.connection - DEBUG - Sending query for parameter 46: SysEx: F0 04 17 3E 2E 00 00 00 00 00 00 00 00 00 00 00 F7
2025-09-26 16:08:35,126 - midi.sysex - DEBUG - SysEx parse: param_id=46, value=0, is_response=True, unit_id=1
2025-09-26 16:08:35,126 - midi.sysex - DEBUG - Received response: param 46 = 0
2025-09-26 16:08:35,126 - midi.connection - DEBUG - Parameter update: 46 = 0
2025-09-26 16:08:35,126 - midi.connection - DEBUG - Query successful: param 46 = 0
2025-09-26 16:08:35,529 - midi.connection - DEBUG - Sending query for parameter 47: SysEx: F0 04 17 3E 2F 00 00 00 00 00 00 00 00 00 00 00 F7
2025-09-26 16:08:35,563 - midi.sysex - DEBUG - SysEx parse: param_id=47, value=0, is_response=True, unit_id=1
2025-09-26 16:08:35,563 - midi.sysex - DEBUG - Received response: param 47 = 0
2025-09-26 16:08:35,563 - midi.connection - DEBUG - Parameter update: 47 = 0
2025-09-26 16:08:35,563 - midi.connection - DEBUG - Query successful: param 47 = 0
2025-09-26 16:08:35,965 - midi.connection - DEBUG - Sending query for parameter 48: SysEx: F0 04 17 3E 30 00 00 00 00 00 00 00 00 00 00 00 F7
2025-09-26 16:08:35,995 - midi.sysex - DEBUG - SysEx parse: param_id=48, value=0, is_response=True, unit_id=1
2025-09-26 16:08:35,996 - midi.sysex - DEBUG - Received response: param 48 = 0
2025-09-26 16:08:35,996 - midi.connection - DEBUG - Parameter update: 48 = 0
2025-09-26 16:08:35,996 - midi.connection - DEBUG - Query successful: param 48 = 0
2025-09-26 16:08:36,401 - midi.connection - DEBUG - Sending query for parameter 49: SysEx: F0 04 17 3E 31 00 00 00 00 00 00 00 00 00 00 00 F7
2025-09-26 16:08:36,432 - midi.sysex - DEBUG - SysEx parse: param_id=49, value=0, is_response=True, unit_id=1
2025-09-26 16:08:36,432 - midi.sysex - DEBUG - Received response: param 49 = 0
2025-09-26 16:08:36,432 - midi.connection - DEBUG - Parameter update: 49 = 0
2025-09-26 16:08:36,432 - midi.connection - DEBUG - Query successful: param 49 = 0
2025-09-26 16:08:36,837 - midi.connection - DEBUG - Sending query for parameter 50: SysEx: F0 04 17 3E 32 00 00 00 00 00 00 00 00 00 00 00 F7
2025-09-26 16:08:36,871 - midi.sysex - DEBUG - SysEx parse: param_id=50, value=0, is_response=True, unit_id=1
2025-09-26 16:08:36,871 - midi.sysex - DEBUG - Received response: param 50 = 0
2025-09-26 16:08:36,871 - midi.connection - DEBUG - Parameter update: 50 = 0
2025-09-26 16:08:36,871 - midi.connection - DEBUG - Query successful: param 50 = 0
2025-09-26 16:08:37,274 - midi.connection - DEBUG - Sending query for parameter 51: SysEx: F0 04 17 3E 33 00 00 00 00 00 00 00 00 00 00 00 F7
2025-09-26 16:08:37,305 - midi.sysex - DEBUG - SysEx parse: param_id=51, value=0, is_response=True, unit_id=1
2025-09-26 16:08:37,306 - midi.sysex - DEBUG - Received response: param 51 = 0
2025-09-26 16:08:37,306 - midi.connection - DEBUG - Parameter update: 51 = 0
2025-09-26 16:08:37,306 - midi.connection - DEBUG - Query successful: param 51 = 0
2025-09-26 16:08:37,711 - midi.connection - DEBUG - Sending query for parameter 52: SysEx: F0 04 17 3E 34 00 00 00 00 00 00 00 00 00 00 00 F7
2025-09-26 16:08:37,746 - midi.sysex - DEBUG - SysEx parse: param_id=52, value=1, is_response=True, unit_id=1
2025-09-26 16:08:37,747 - midi.sysex - DEBUG - Received response: param 52 = 1
2025-09-26 16:08:37,747 - midi.connection - DEBUG - Parameter update: 52 = 1
2025-09-26 16:08:37,748 - midi.connection - DEBUG - Query successful: param 52 = 1
2025-09-26 16:08:38,152 - midi.connection - DEBUG - Sending query for parameter 53: SysEx: F0 04 17 3E 35 00 00 00 00 00 00 00 00 00 00 00 F7
2025-09-26 16:08:38,188 - midi.sysex - DEBUG - SysEx parse: param_id=53, value=0, is_response=True, unit_id=1
2025-09-26 16:08:38,188 - midi.sysex - DEBUG - Received response: param 53 = 0
2025-09-26 16:08:38,188 - midi.connection - DEBUG - Parameter update: 53 = 0
2025-09-26 16:08:38,188 - midi.connection - DEBUG - Query successful: param 53 = 0
2025-09-26 16:08:38,594 - midi.connection - DEBUG - Sending query for parameter 54: SysEx: F0 04 17 3E 36 00 00 00 00 00 00 00 00 00 00 00 F7
2025-09-26 16:08:38,626 - midi.sysex - DEBUG - SysEx parse: param_id=54, value=0, is_response=True, unit_id=1
2025-09-26 16:08:38,626 - midi.sysex - DEBUG - Received response: param 54 = 0
2025-09-26 16:08:38,626 - midi.connection - DEBUG - Parameter update: 54 = 0
2025-09-26 16:08:38,626 - midi.connection - DEBUG - Query successful: param 54 = 0
2025-09-26 16:08:39,032 - midi.connection - DEBUG - Sending query for parameter 55: SysEx: F0 04 17 3E 37 00 00 00 00 00 00 00 00 00 00 00 F7
2025-09-26 16:08:39,068 - midi.sysex - DEBUG - SysEx parse: param_id=55, value=0, is_response=True, unit_id=1
2025-09-26 16:08:39,068 - midi.sysex - DEBUG - Received response: param 55 = 0
2025-09-26 16:08:39,068 - midi.connection - DEBUG - Parameter update: 55 = 0
2025-09-26 16:08:39,068 - midi.connection - DEBUG - Query successful: param 55 = 0
2025-09-26 16:08:39,472 - midi.connection - DEBUG - Sending query for parameter 56: SysEx: F0 04 17 3E 38 00 00 00 00 00 00 00 00 00 00 00 F7
2025-09-26 16:08:39,506 - midi.sysex - DEBUG - SysEx parse: param_id=56, value=0, is_response=True, unit_id=1
2025-09-26 16:08:39,506 - midi.sysex - DEBUG - Received response: param 56 = 0
2025-09-26 16:08:39,507 - midi.connection - DEBUG - Parameter update: 56 = 0
2025-09-26 16:08:39,507 - midi.connection - DEBUG - Query successful: param 56 = 0
2025-09-26 16:08:39,915 - midi.connection - DEBUG - Sending query for parameter 57: SysEx: F0 04 17 3E 39 00 00 00 00 00 00 00 00 00 00 00 F7
2025-09-26 16:08:39,948 - midi.sysex - DEBUG - SysEx parse: param_id=57, value=1, is_response=True, unit_id=1
2025-09-26 16:08:39,948 - midi.sysex - DEBUG - Received response: param 57 = 1
2025-09-26 16:08:39,949 - midi.connection - DEBUG - Parameter update: 57 = 1
2025-09-26 16:08:39,949 - midi.connection - DEBUG - Query successful: param 57 = 1
2025-09-26 16:08:40,352 - midi.connection - DEBUG - Sending query for parameter 58: SysEx: F0 04 17 3E 3A 00 00 00 00 00 00 00 00 00 00 00 F7
2025-09-26 16:08:40,383 - midi.sysex - DEBUG - SysEx parse: param_id=58, value=0, is_response=True, unit_id=1
2025-09-26 16:08:40,383 - midi.sysex - DEBUG - Received response: param 58 = 0
2025-09-26 16:08:40,383 - midi.connection - DEBUG - Parameter update: 58 = 0
2025-09-26 16:08:40,383 - midi.connection - DEBUG - Query successful: param 58 = 0
2025-09-26 16:08:40,786 - midi.connection - DEBUG - Sending query for parameter 59: SysEx: F0 04 17 3E 3B 00 00 00 00 00 00 00 00 00 00 00 F7
2025-09-26 16:08:40,817 - midi.sysex - DEBUG - SysEx parse: param_id=59, value=0, is_response=True, unit_id=1
2025-09-26 16:08:40,817 - midi.sysex - DEBUG - Received response: param 59 = 0
2025-09-26 16:08:40,817 - midi.connection - DEBUG - Parameter update: 59 = 0
2025-09-26 16:08:40,817 - midi.connection - DEBUG - Query successful: param 59 = 0
2025-09-26 16:08:41,223 - midi.connection - DEBUG - Sending query for parameter 60: SysEx: F0 04 17 3E 3C 00 00 00 00 00 00 00 00 00 00 00 F7
2025-09-26 16:08:41,252 - midi.sysex - DEBUG - SysEx parse: param_id=60, value=0, is_response=True, unit_id=1
2025-09-26 16:08:41,253 - midi.sysex - DEBUG - Received response: param 60 = 0
2025-09-26 16:08:41,253 - midi.connection - DEBUG - Parameter update: 60 = 0
2025-09-26 16:08:41,253 - midi.connection - DEBUG - Query successful: param 60 = 0
2025-09-26 16:08:41,655 - midi.connection - DEBUG - Sending query for parameter 61: SysEx: F0 04 17 3E 3D 00 00 00 00 00 00 00 00 00 00 00 F7
2025-09-26 16:08:41,687 - midi.sysex - DEBUG - SysEx parse: param_id=61, value=0, is_response=True, unit_id=1
2025-09-26 16:08:41,687 - midi.sysex - DEBUG - Received response: param 61 = 0
2025-09-26 16:08:41,687 - midi.connection - DEBUG - Parameter update: 61 = 0
2025-09-26 16:08:41,687 - midi.connection - DEBUG - Query successful: param 61 = 0
2025-09-26 16:08:42,093 - midi.connection - DEBUG - Sending query for parameter 62: SysEx: F0 04 17 3E 3E 00 00 00 00 00 00 00 00 00 00 00 F7
2025-09-26 16:08:42,130 - midi.sysex - DEBUG - SysEx parse: param_id=62, value=0, is_response=True, unit_id=1
2025-09-26 16:08:42,131 - midi.sysex - DEBUG - Received response: param 62 = 0
2025-09-26 16:08:42,131 - midi.connection - DEBUG - Parameter update: 62 = 0
2025-09-26 16:08:42,131 - midi.connection - DEBUG - Query successful: param 62 = 0
2025-09-26 16:08:42,536 - midi.connection - DEBUG - Sending query for parameter 63: SysEx: F0 04 17 3E 3F 00 00 00 00 00 00 00 00 00 00 00 F7
2025-09-26 16:08:42,568 - midi.sysex - DEBUG - SysEx parse: param_id=63, value=0, is_response=True, unit_id=1
2025-09-26 16:08:42,568 - midi.sysex - DEBUG - Received response: param 63 = 0
2025-09-26 16:08:42,569 - midi.connection - DEBUG - Parameter update: 63 = 0
2025-09-26 16:08:42,569 - midi.connection - DEBUG - Query successful: param 63 = 0
2025-09-26 16:08:42,972 - midi.connection - DEBUG - Sending query for parameter 64: SysEx: F0 04 17 3E 40 00 00 00 00 00 00 00 00 00 00 00 F7
2025-09-26 16:08:43,008 - midi.sysex - DEBUG - SysEx parse: param_id=64, value=0, is_response=True, unit_id=1
2025-09-26 16:08:43,008 - midi.sysex - DEBUG - Received response: param 64 = 0
2025-09-26 16:08:43,008 - midi.connection - DEBUG - Parameter update: 64 = 0
2025-09-26 16:08:43,008 - midi.connection - DEBUG - Query successful: param 64 = 0
2025-09-26 16:08:43,414 - midi.connection - DEBUG - Sending query for parameter 65: SysEx: F0 04 17 3E 41 00 00 00 00 00 00 00 00 00 00 00 F7
2025-09-26 16:08:43,449 - midi.sysex - DEBUG - SysEx parse: param_id=65, value=0, is_response=True, unit_id=1
2025-09-26 16:08:43,449 - midi.sysex - DEBUG - Received response: param 65 = 0
2025-09-26 16:08:43,449 - midi.connection - DEBUG - Parameter update: 65 = 0
2025-09-26 16:08:43,449 - midi.connection - DEBUG - Query successful: param 65 = 0
2025-09-26 16:08:43,855 - midi.connection - DEBUG - Sending query for parameter 66: SysEx: F0 04 17 3E 42 00 00 00 00 00 00 00 00 00 00 00 F7
2025-09-26 16:08:43,887 - midi.sysex - DEBUG - SysEx parse: param_id=66, value=1, is_response=True, unit_id=1
2025-09-26 16:08:43,888 - midi.sysex - DEBUG - Received response: param 66 = 1
2025-09-26 16:08:43,888 - midi.connection - DEBUG - Parameter update: 66 = 1
2025-09-26 16:08:43,888 - midi.connection - DEBUG - Query successful: param 66 = 1
2025-09-26 16:08:44,293 - midi.connection - DEBUG - Sending query for parameter 67: SysEx: F0 04 17 3E 43 00 00 00 00 00 00 00 00 00 00 00 F7
2025-09-26 16:08:44,326 - midi.sysex - DEBUG - SysEx parse: param_id=67, value=2, is_response=True, unit_id=1
2025-09-26 16:08:44,327 - midi.sysex - DEBUG - Received response: param 67 = 2
2025-09-26 16:08:44,327 - midi.connection - DEBUG - Parameter update: 67 = 2
2025-09-26 16:08:44,327 - midi.connection - DEBUG - Query successful: param 67 = 2
2025-09-26 16:08:44,732 - midi.connection - DEBUG - Sending query for parameter 68: SysEx: F0 04 17 3E 44 00 00 00 00 00 00 00 00 00 00 00 F7
2025-09-26 16:08:44,764 - midi.sysex - DEBUG - SysEx parse: param_id=68, value=0, is_response=True, unit_id=1
2025-09-26 16:08:44,764 - midi.sysex - DEBUG - Received response: param 68 = 0
2025-09-26 16:08:44,764 - midi.connection - DEBUG - Parameter update: 68 = 0
2025-09-26 16:08:44,764 - midi.connection - DEBUG - Query successful: param 68 = 0
2025-09-26 16:08:45,169 - midi.connection - DEBUG - Sending query for parameter 69: SysEx: F0 04 17 3E 45 00 00 00 00 00 00 00 00 00 00 00 F7
2025-09-26 16:08:45,204 - midi.sysex - DEBUG - SysEx parse: param_id=69, value=0, is_response=True, unit_id=1
2025-09-26 16:08:45,204 - midi.sysex - DEBUG - Received response: param 69 = 0
2025-09-26 16:08:45,204 - midi.connection - DEBUG - Parameter update: 69 = 0
2025-09-26 16:08:45,204 - midi.connection - DEBUG - Query successful: param 69 = 0
2025-09-26 16:08:45,607 - midi.connection - DEBUG - Sending query for parameter 70: SysEx: F0 04 17 3E 46 00 00 00 00 00 00 00 00 00 00 00 F7
2025-09-26 16:08:45,638 - midi.sysex - DEBUG - SysEx parse: param_id=70, value=0, is_response=True, unit_id=1
2025-09-26 16:08:45,638 - midi.sysex - DEBUG - Received response: param 70 = 0
2025-09-26 16:08:45,639 - midi.connection - DEBUG - Parameter update: 70 = 0
2025-09-26 16:08:45,639 - midi.connection - DEBUG - Query successful: param 70 = 0
2025-09-26 16:08:46,044 - midi.connection - DEBUG - Sending query for parameter 71: SysEx: F0 04 17 3E 47 00 00 00 00 00 00 00 00 00 00 00 F7
2025-09-26 16:08:46,079 - midi.sysex - DEBUG - SysEx parse: param_id=71, value=0, is_response=True, unit_id=1
2025-09-26 16:08:46,079 - midi.sysex - DEBUG - Received response: param 71 = 0
2025-09-26 16:08:46,079 - midi.connection - DEBUG - Parameter update: 71 = 0
2025-09-26 16:08:46,079 - midi.connection - DEBUG - Query successful: param 71 = 0
2025-09-26 16:08:46,485 - midi.connection - DEBUG - Sending query for parameter 72: SysEx: F0 04 17 3E 48 00 00 00 00 00 00 00 00 00 00 00 F7
2025-09-26 16:08:46,518 - midi.sysex - DEBUG - SysEx parse: param_id=72, value=1, is_response=True, unit_id=1
2025-09-26 16:08:46,519 - midi.sysex - DEBUG - Received response: param 72 = 1
2025-09-26 16:08:46,519 - midi.connection - DEBUG - Parameter update: 72 = 1
2025-09-26 16:08:46,519 - midi.connection - DEBUG - Query successful: param 72 = 1
2025-09-26 16:08:46,923 - midi.connection - DEBUG - Sending query for parameter 73: SysEx: F0 04 17 3E 49 00 00 00 00 00 00 00 00 00 00 00 F7
2025-09-26 16:08:46,959 - midi.sysex - DEBUG - SysEx parse: param_id=73, value=0, is_response=True, unit_id=1
2025-09-26 16:08:46,959 - midi.sysex - DEBUG - Received response: param 73 = 0
2025-09-26 16:08:46,959 - midi.connection - DEBUG - Parameter update: 73 = 0
2025-09-26 16:08:46,959 - midi.connection - DEBUG - Query successful: param 73 = 0
2025-09-26 16:08:47,366 - midi.connection - DEBUG - Sending query for parameter 74: SysEx: F0 04 17 3E 4A 00 00 00 00 00 00 00 00 00 00 00 F7
2025-09-26 16:08:47,400 - midi.sysex - DEBUG - SysEx parse: param_id=74, value=0, is_response=True, unit_id=1
2025-09-26 16:08:47,401 - midi.sysex - DEBUG - Received response: param 74 = 0
2025-09-26 16:08:47,401 - midi.connection - DEBUG - Parameter update: 74 = 0
2025-09-26 16:08:47,401 - midi.connection - DEBUG - Query successful: param 74 = 0
2025-09-26 16:08:47,806 - midi.connection - DEBUG - Sending query for parameter 75: SysEx: F0 04 17 3E 4B 00 00 00 00 00 00 00 00 00 00 00 F7
2025-09-26 16:08:50,811 - midi.connection - WARNING - Timeout querying parameter 75
2025-09-26 16:08:50,812 - midi.connection - WARNING - Query attempt 1 failed for parameter 75
2025-09-26 16:08:51,212 - midi.connection - DEBUG - Sending query for parameter 75: SysEx: F0 04 17 3E 4B 00 00 00 00 00 00 00 00 00 00 00 F7
2025-09-26 16:08:54,217 - midi.connection - WARNING - Timeout querying parameter 75
2025-09-26 16:08:54,218 - midi.connection - WARNING - Query attempt 2 failed for parameter 75
2025-09-26 16:08:54,621 - midi.connection - DEBUG - Sending query for parameter 75: SysEx: F0 04 17 3E 4B 00 00 00 00 00 00 00 00 00 00 00 F7
2025-09-26 16:08:57,625 - midi.connection - WARNING - Timeout querying parameter 75
2025-09-26 16:08:57,625 - midi.connection - WARNING - Query attempt 3 failed for parameter 75
2025-09-26 16:08:57,625 - midi.connection - ERROR - Failed to query parameter 75 after 3 attempts
2025-09-26 16:08:58,030 - midi.connection - DEBUG - Sending query for parameter 76: SysEx: F0 04 17 3E 4C 00 00 00 00 00 00 00 00 00 00 00 F7
2025-09-26 16:09:01,033 - midi.connection - WARNING - Timeout querying parameter 76
2025-09-26 16:09:01,033 - midi.connection - WARNING - Query attempt 1 failed for parameter 76
2025-09-26 16:09:01,438 - midi.connection - DEBUG - Sending query for parameter 76: SysEx: F0 04 17 3E 4C 00 00 00 00 00 00 00 00 00 00 00 F7
2025-09-26 16:09:04,444 - midi.connection - WARNING - Timeout querying parameter 76
2025-09-26 16:09:04,444 - midi.connection - WARNING - Query attempt 2 failed for parameter 76
2025-09-26 16:09:04,849 - midi.connection - DEBUG - Sending query for parameter 76: SysEx: F0 04 17 3E 4C 00 00 00 00 00 00 00 00 00 00 00 F7
2025-09-26 16:09:07,854 - midi.connection - WARNING - Timeout querying parameter 76
2025-09-26 16:09:07,855 - midi.connection - WARNING - Query attempt 3 failed for parameter 76
2025-09-26 16:09:07,855 - midi.connection - ERROR - Failed to query parameter 76 after 3 attempts
2025-09-26 16:09:07,858 - ui.main_window - DEBUG - Parameter 0 updated to 0
2025-09-26 16:09:07,859 - ui.main_window - DEBUG - Parameter 1 updated to 0
2025-09-26 16:09:07,860 - ui.main_window - DEBUG - Parameter 2 updated to 0
2025-09-26 16:09:07,861 - ui.main_window - DEBUG - Parameter 3 updated to 2
2025-09-26 16:09:07,861 - ui.main_window - DEBUG - Parameter 4 updated to 0
2025-09-26 16:09:07,862 - ui.main_window - DEBUG - Parameter 5 updated to 1
2025-09-26 16:09:07,862 - ui.main_window - DEBUG - Parameter 6 updated to 3
2025-09-26 16:09:07,863 - ui.main_window - DEBUG - Parameter 7 updated to 3
2025-09-26 16:09:07,863 - ui.main_window - DEBUG - Parameter 8 updated to 0
2025-09-26 16:09:07,864 - ui.main_window - DEBUG - Parameter 9 updated to 2
2025-09-26 16:09:07,865 - ui.main_window - DEBUG - Parameter 10 updated to 0
2025-09-26 16:09:07,866 - ui.main_window - DEBUG - Parameter 11 updated to 0
2025-09-26 16:09:07,866 - ui.main_window - DEBUG - Parameter 12 updated to 0
2025-09-26 16:09:07,866 - ui.main_window - DEBUG - Parameter 13 updated to 1
2025-09-26 16:09:07,866 - ui.main_window - DEBUG - Parameter 14 updated to 1
2025-09-26 16:09:07,866 - ui.main_window - DEBUG - Parameter 15 updated to 0
2025-09-26 16:09:07,866 - ui.main_window - DEBUG - Parameter 16 updated to 1
2025-09-26 16:09:07,867 - ui.main_window - DEBUG - Parameter 17 updated to 0
2025-09-26 16:09:07,867 - ui.main_window - DEBUG - Parameter 18 updated to 0
2025-09-26 16:09:07,867 - ui.main_window - DEBUG - Parameter 19 updated to 1
2025-09-26 16:09:07,868 - ui.main_window - DEBUG - Parameter 20 updated to 1
2025-09-26 16:09:07,868 - ui.main_window - DEBUG - Parameter 21 updated to 1
2025-09-26 16:09:07,868 - ui.main_window - DEBUG - Parameter 22 updated to 1
2025-09-26 16:09:07,868 - ui.main_window - DEBUG - Parameter 23 updated to 8192
2025-09-26 16:09:07,868 - ui.main_window - DEBUG - Parameter 24 updated to 1
2025-09-26 16:09:07,869 - ui.main_window - DEBUG - Parameter 25 updated to 0
2025-09-26 16:09:07,869 - ui.main_window - DEBUG - Parameter 26 updated to 1
2025-09-26 16:09:07,869 - ui.main_window - DEBUG - Parameter 27 updated to 0
2025-09-26 16:09:07,870 - ui.main_window - DEBUG - Parameter 28 updated to 1
2025-09-26 16:09:07,870 - ui.main_window - DEBUG - Parameter 29 updated to 0
2025-09-26 16:09:07,871 - ui.main_window - DEBUG - Parameter 30 updated to 0
2025-09-26 16:09:07,871 - ui.main_window - DEBUG - Parameter 31 updated to 0
2025-09-26 16:09:07,871 - ui.main_window - DEBUG - Parameter 32 updated to 1
2025-09-26 16:09:07,872 - ui.main_window - DEBUG - Parameter 35 updated to 12
2025-09-26 16:09:07,873 - ui.main_window - DEBUG - Parameter 36 updated to 12
2025-09-26 16:09:07,873 - ui.main_window - DEBUG - Parameter 37 updated to 2
2025-09-26 16:09:07,873 - ui.main_window - DEBUG - Parameter 38 updated to 2
2025-09-26 16:09:07,874 - ui.main_window - DEBUG - Parameter 39 updated to 1
2025-09-26 16:09:07,874 - ui.main_window - DEBUG - Parameter 40 updated to 0
2025-09-26 16:09:07,874 - ui.main_window - DEBUG - Parameter 41 updated to 0
2025-09-26 16:09:07,874 - ui.main_window - DEBUG - Parameter 42 updated to 0
2025-09-26 16:09:07,875 - ui.main_window - DEBUG - Parameter 43 updated to 7
2025-09-26 16:09:07,875 - ui.main_window - DEBUG - Parameter 44 updated to 7
2025-09-26 16:09:07,875 - ui.main_window - DEBUG - Parameter 45 updated to 7
2025-09-26 16:09:07,875 - ui.main_window - DEBUG - Parameter 46 updated to 0
2025-09-26 16:09:07,875 - ui.main_window - DEBUG - Parameter 47 updated to 0
2025-09-26 16:09:07,875 - ui.main_window - DEBUG - Parameter 48 updated to 0
2025-09-26 16:09:07,875 - ui.main_window - DEBUG - Parameter 49 updated to 0
2025-09-26 16:09:07,875 - ui.main_window - DEBUG - Parameter 50 updated to 0
2025-09-26 16:09:07,875 - ui.main_window - DEBUG - Parameter 51 updated to 0
2025-09-26 16:09:07,876 - ui.main_window - DEBUG - Parameter 52 updated to 1
2025-09-26 16:09:07,876 - ui.main_window - DEBUG - Parameter 53 updated to 0
2025-09-26 16:09:07,876 - ui.main_window - DEBUG - Parameter 54 updated to 0
2025-09-26 16:09:07,877 - ui.main_window - DEBUG - Parameter 55 updated to 0
2025-09-26 16:09:07,877 - ui.main_window - DEBUG - Parameter 56 updated to 0
2025-09-26 16:09:07,877 - ui.main_window - DEBUG - Parameter 57 updated to 1
2025-09-26 16:09:07,877 - ui.main_window - DEBUG - Parameter 58 updated to 0
2025-09-26 16:09:07,877 - ui.main_window - DEBUG - Parameter 59 updated to 0
2025-09-26 16:09:07,878 - ui.main_window - DEBUG - Parameter 60 updated to 0
2025-09-26 16:09:07,878 - ui.main_window - DEBUG - Parameter 61 updated to 0
2025-09-26 16:09:07,878 - ui.main_window - DEBUG - Parameter 62 updated to 0
2025-09-26 16:09:07,879 - ui.main_window - DEBUG - Parameter 63 updated to 0
2025-09-26 16:09:07,879 - ui.main_window - DEBUG - Parameter 64 updated to 0
2025-09-26 16:09:07,879 - ui.main_window - DEBUG - Parameter 65 updated to 0
2025-09-26 16:09:07,880 - ui.main_window - DEBUG - Parameter 66 updated to 1
2025-09-26 16:09:07,880 - ui.main_window - DEBUG - Parameter 67 updated to 2
2025-09-26 16:09:07,880 - ui.main_window - DEBUG - Parameter 68 updated to 0
2025-09-26 16:09:07,880 - ui.main_window - DEBUG - Parameter 69 updated to 0
2025-09-26 16:09:07,881 - ui.main_window - DEBUG - Parameter 70 updated to 0
2025-09-26 16:09:07,881 - ui.main_window - DEBUG - Parameter 71 updated to 0
2025-09-26 16:09:07,881 - ui.main_window - DEBUG - Parameter 72 updated to 1
2025-09-26 16:09:07,881 - ui.main_window - DEBUG - Parameter 73 updated to 0
2025-09-26 16:09:07,881 - ui.main_window - DEBUG - Parameter 74 updated to 0
2025-09-26 16:12:12,977 - midi.connection - DEBUG - MIDI listen thread stopped
2025-09-26 16:12:12,978 - midi.connection - INFO - Disconnected from MIDI ports
2025-09-26 16:12:21,895 - __main__ - INFO - Starting Matriarch Controller...
2025-09-26 16:12:22,017 - __main__ - INFO - MIDI system OK: 23 inputs, 23 outputs
2025-09-26 16:12:22,200 - ui.main_window - INFO - Attempting auto-reconnect to mioXL MATRIARCH ↔ mioXL MATRIARCH
2025-09-26 16:12:22,205 - midi.connection - DEBUG - MIDI listen thread started
2025-09-26 16:12:22,205 - midi.connection - INFO - Connected to MIDI ports: mioXL MATRIARCH -> mioXL MATRIARCH
2025-09-26 16:12:22,208 - __main__ - INFO - Main window created and shown
2025-09-26 16:12:23,211 - midi.connection - DEBUG - Sending query for parameter 0: SysEx: F0 04 17 3E 00 00 00 00 00 00 00 00 00 00 00 00 F7
2025-09-26 16:12:23,247 - midi.sysex - DEBUG - SysEx parse: param_id=0, value=0, is_response=True, unit_id=1
2025-09-26 16:12:23,247 - midi.sysex - DEBUG - Received response: param 0 = 0
2025-09-26 16:12:23,248 - midi.connection - DEBUG - Parameter update: 0 = 0
2025-09-26 16:12:23,248 - midi.connection - DEBUG - Query successful: param 0 = 0
2025-09-26 16:12:23,653 - midi.connection - DEBUG - Sending query for parameter 1: SysEx: F0 04 17 3E 01 00 00 00 00 00 00 00 00 00 00 00 F7
2025-09-26 16:12:23,686 - midi.sysex - DEBUG - SysEx parse: param_id=1, value=0, is_response=True, unit_id=1
2025-09-26 16:12:23,686 - midi.sysex - DEBUG - Received response: param 1 = 0
2025-09-26 16:12:23,686 - midi.connection - DEBUG - Parameter update: 1 = 0
2025-09-26 16:12:23,686 - midi.connection - DEBUG - Query successful: param 1 = 0
2025-09-26 16:12:24,089 - midi.connection - DEBUG - Sending query for parameter 2: SysEx: F0 04 17 3E 02 00 00 00 00 00 00 00 00 00 00 00 F7
2025-09-26 16:12:24,122 - midi.sysex - DEBUG - SysEx parse: param_id=2, value=0, is_response=True, unit_id=1
2025-09-26 16:12:24,122 - midi.sysex - DEBUG - Received response: param 2 = 0
2025-09-26 16:12:24,122 - midi.connection - DEBUG - Parameter update: 2 = 0
2025-09-26 16:12:24,122 - midi.connection - DEBUG - Query successful: param 2 = 0
2025-09-26 16:12:24,528 - midi.connection - DEBUG - Sending query for parameter 3: SysEx: F0 04 17 3E 03 00 00 00 00 00 00 00 00 00 00 00 F7
2025-09-26 16:12:24,559 - midi.sysex - DEBUG - SysEx parse: param_id=3, value=2, is_response=True, unit_id=1
2025-09-26 16:12:24,559 - midi.sysex - DEBUG - Received response: param 3 = 2
2025-09-26 16:12:24,560 - midi.connection - DEBUG - Parameter update: 3 = 2
2025-09-26 16:12:24,560 - midi.connection - DEBUG - Query successful: param 3 = 2
2025-09-26 16:12:24,962 - midi.connection - DEBUG - Sending query for parameter 4: SysEx: F0 04 17 3E 04 00 00 00 00 00 00 00 00 00 00 00 F7
2025-09-26 16:12:24,998 - midi.sysex - DEBUG - SysEx parse: param_id=4, value=0, is_response=True, unit_id=1
2025-09-26 16:12:24,998 - midi.sysex - DEBUG - Received response: param 4 = 0
2025-09-26 16:12:24,998 - midi.connection - DEBUG - Parameter update: 4 = 0
2025-09-26 16:12:24,999 - midi.connection - DEBUG - Query successful: param 4 = 0
2025-09-26 16:12:25,404 - midi.connection - DEBUG - Sending query for parameter 5: SysEx: F0 04 17 3E 05 00 00 00 00 00 00 00 00 00 00 00 F7
2025-09-26 16:12:25,434 - midi.sysex - DEBUG - SysEx parse: param_id=5, value=1, is_response=True, unit_id=1
2025-09-26 16:12:25,435 - midi.sysex - DEBUG - Received response: param 5 = 1
2025-09-26 16:12:25,435 - midi.connection - DEBUG - Parameter update: 5 = 1
2025-09-26 16:12:25,435 - midi.connection - DEBUG - Query successful: param 5 = 1
2025-09-26 16:12:25,840 - midi.connection - DEBUG - Sending query for parameter 6: SysEx: F0 04 17 3E 06 00 00 00 00 00 00 00 00 00 00 00 F7
2025-09-26 16:12:25,872 - midi.sysex - DEBUG - SysEx parse: param_id=6, value=3, is_response=True, unit_id=1
2025-09-26 16:12:25,872 - midi.sysex - DEBUG - Received response: param 6 = 3
2025-09-26 16:12:25,872 - midi.connection - DEBUG - Parameter update: 6 = 3
2025-09-26 16:12:25,872 - midi.connection - DEBUG - Query successful: param 6 = 3
2025-09-26 16:12:26,277 - midi.connection - DEBUG - Sending query for parameter 7: SysEx: F0 04 17 3E 07 00 00 00 00 00 00 00 00 00 00 00 F7
2025-09-26 16:12:26,315 - midi.sysex - DEBUG - SysEx parse: param_id=7, value=3, is_response=True, unit_id=1
2025-09-26 16:12:26,315 - midi.sysex - DEBUG - Received response: param 7 = 3
2025-09-26 16:12:26,315 - midi.connection - DEBUG - Parameter update: 7 = 3
2025-09-26 16:12:26,316 - midi.connection - DEBUG - Query successful: param 7 = 3
2025-09-26 16:12:26,717 - midi.connection - DEBUG - Sending query for parameter 8: SysEx: F0 04 17 3E 08 00 00 00 00 00 00 00 00 00 00 00 F7
2025-09-26 16:12:26,753 - midi.sysex - DEBUG - SysEx parse: param_id=8, value=0, is_response=True, unit_id=1
2025-09-26 16:12:26,753 - midi.sysex - DEBUG - Received response: param 8 = 0
2025-09-26 16:12:26,754 - midi.connection - DEBUG - Parameter update: 8 = 0
2025-09-26 16:12:26,754 - midi.connection - DEBUG - Query successful: param 8 = 0
2025-09-26 16:12:27,159 - midi.connection - DEBUG - Sending query for parameter 9: SysEx: F0 04 17 3E 09 00 00 00 00 00 00 00 00 00 00 00 F7
2025-09-26 16:12:27,195 - midi.sysex - DEBUG - SysEx parse: param_id=9, value=2, is_response=True, unit_id=1
2025-09-26 16:12:27,195 - midi.sysex - DEBUG - Received response: param 9 = 2
2025-09-26 16:12:27,195 - midi.connection - DEBUG - Parameter update: 9 = 2
2025-09-26 16:12:27,195 - midi.connection - DEBUG - Query successful: param 9 = 2
2025-09-26 16:12:27,596 - midi.connection - DEBUG - Sending query for parameter 10: SysEx: F0 04 17 3E 0A 00 00 00 00 00 00 00 00 00 00 00 F7
2025-09-26 16:12:27,633 - midi.sysex - DEBUG - SysEx parse: param_id=10, value=0, is_response=True, unit_id=1
2025-09-26 16:12:27,633 - midi.sysex - DEBUG - Received response: param 10 = 0
2025-09-26 16:12:27,634 - midi.connection - DEBUG - Parameter update: 10 = 0
2025-09-26 16:12:27,634 - midi.connection - DEBUG - Query successful: param 10 = 0
2025-09-26 16:12:28,039 - midi.connection - DEBUG - Sending query for parameter 11: SysEx: F0 04 17 3E 0B 00 00 00 00 00 00 00 00 00 00 00 F7
2025-09-26 16:12:28,074 - midi.sysex - DEBUG - SysEx parse: param_id=11, value=0, is_response=True, unit_id=1
2025-09-26 16:12:28,074 - midi.sysex - DEBUG - Received response: param 11 = 0
2025-09-26 16:12:28,074 - midi.connection - DEBUG - Parameter update: 11 = 0
2025-09-26 16:12:28,074 - midi.connection - DEBUG - Query successful: param 11 = 0
2025-09-26 16:12:28,480 - midi.connection - DEBUG - Sending query for parameter 12: SysEx: F0 04 17 3E 0C 00 00 00 00 00 00 00 00 00 00 00 F7
2025-09-26 16:12:28,511 - midi.sysex - DEBUG - SysEx parse: param_id=12, value=0, is_response=True, unit_id=1
2025-09-26 16:12:28,511 - midi.sysex - DEBUG - Received response: param 12 = 0
2025-09-26 16:12:28,511 - midi.connection - DEBUG - Parameter update: 12 = 0
2025-09-26 16:12:28,511 - midi.connection - DEBUG - Query successful: param 12 = 0
2025-09-26 16:12:28,916 - midi.connection - DEBUG - Sending query for parameter 13: SysEx: F0 04 17 3E 0D 00 00 00 00 00 00 00 00 00 00 00 F7
2025-09-26 16:12:28,948 - midi.sysex - DEBUG - SysEx parse: param_id=13, value=1, is_response=True, unit_id=1
2025-09-26 16:12:28,948 - midi.sysex - DEBUG - Received response: param 13 = 1
2025-09-26 16:12:28,948 - midi.connection - DEBUG - Parameter update: 13 = 1
2025-09-26 16:12:28,948 - midi.connection - DEBUG - Query successful: param 13 = 1
2025-09-26 16:12:29,354 - midi.connection - DEBUG - Sending query for parameter 14: SysEx: F0 04 17 3E 0E 00 00 00 00 00 00 00 00 00 00 00 F7
2025-09-26 16:12:29,388 - midi.sysex - DEBUG - SysEx parse: param_id=14, value=1, is_response=True, unit_id=1
2025-09-26 16:12:29,388 - midi.sysex - DEBUG - Received response: param 14 = 1
2025-09-26 16:12:29,389 - midi.connection - DEBUG - Parameter update: 14 = 1
2025-09-26 16:12:29,389 - midi.connection - DEBUG - Query successful: param 14 = 1
2025-09-26 16:12:29,794 - midi.connection - DEBUG - Sending query for parameter 15: SysEx: F0 04 17 3E 0F 00 00 00 00 00 00 00 00 00 00 00 F7
2025-09-26 16:12:29,827 - midi.sysex - DEBUG - SysEx parse: param_id=15, value=0, is_response=True, unit_id=1
2025-09-26 16:12:29,828 - midi.sysex - DEBUG - Received response: param 15 = 0
2025-09-26 16:12:29,828 - midi.connection - DEBUG - Parameter update: 15 = 0
2025-09-26 16:12:29,828 - midi.connection - DEBUG - Query successful: param 15 = 0
2025-09-26 16:12:30,232 - midi.connection - DEBUG - Sending query for parameter 16: SysEx: F0 04 17 3E 10 00 00 00 00 00 00 00 00 00 00 00 F7
2025-09-26 16:12:30,265 - midi.sysex - DEBUG - SysEx parse: param_id=16, value=1, is_response=True, unit_id=1
2025-09-26 16:12:30,265 - midi.sysex - DEBUG - Received response: param 16 = 1
2025-09-26 16:12:30,265 - midi.connection - DEBUG - Parameter update: 16 = 1
2025-09-26 16:12:30,265 - midi.connection - DEBUG - Query successful: param 16 = 1
2025-09-26 16:12:30,670 - midi.connection - DEBUG - Sending query for parameter 17: SysEx: F0 04 17 3E 11 00 00 00 00 00 00 00 00 00 00 00 F7
2025-09-26 16:12:30,704 - midi.sysex - DEBUG - SysEx parse: param_id=17, value=0, is_response=True, unit_id=1
2025-09-26 16:12:30,704 - midi.sysex - DEBUG - Received response: param 17 = 0
2025-09-26 16:12:30,704 - midi.connection - DEBUG - Parameter update: 17 = 0
2025-09-26 16:12:30,704 - midi.connection - DEBUG - Query successful: param 17 = 0
2025-09-26 16:12:31,110 - midi.connection - DEBUG - Sending query for parameter 18: SysEx: F0 04 17 3E 12 00 00 00 00 00 00 00 00 00 00 00 F7
2025-09-26 16:12:31,145 - midi.sysex - DEBUG - SysEx parse: param_id=18, value=0, is_response=True, unit_id=1
2025-09-26 16:12:31,145 - midi.sysex - DEBUG - Received response: param 18 = 0
2025-09-26 16:12:31,145 - midi.connection - DEBUG - Parameter update: 18 = 0
2025-09-26 16:12:31,145 - midi.connection - DEBUG - Query successful: param 18 = 0
2025-09-26 16:12:31,550 - midi.connection - DEBUG - Sending query for parameter 19: SysEx: F0 04 17 3E 13 00 00 00 00 00 00 00 00 00 00 00 F7
2025-09-26 16:12:31,582 - midi.sysex - DEBUG - SysEx parse: param_id=19, value=1, is_response=True, unit_id=1
2025-09-26 16:12:31,582 - midi.sysex - DEBUG - Received response: param 19 = 1
2025-09-26 16:12:31,582 - midi.connection - DEBUG - Parameter update: 19 = 1
2025-09-26 16:12:31,582 - midi.connection - DEBUG - Query successful: param 19 = 1
2025-09-26 16:12:31,987 - midi.connection - DEBUG - Sending query for parameter 20: SysEx: F0 04 17 3E 14 00 00 00 00 00 00 00 00 00 00 00 F7
2025-09-26 16:12:32,021 - midi.sysex - DEBUG - SysEx parse: param_id=20, value=1, is_response=True, unit_id=1
2025-09-26 16:12:32,021 - midi.sysex - DEBUG - Received response: param 20 = 1
2025-09-26 16:12:32,021 - midi.connection - DEBUG - Parameter update: 20 = 1
2025-09-26 16:12:32,021 - midi.connection - DEBUG - Query successful: param 20 = 1
2025-09-26 16:12:32,426 - midi.connection - DEBUG - Sending query for parameter 21: SysEx: F0 04 17 3E 15 00 00 00 00 00 00 00 00 00 00 00 F7
2025-09-26 16:12:32,463 - midi.sysex - DEBUG - SysEx parse: param_id=21, value=1, is_response=True, unit_id=1
2025-09-26 16:12:32,463 - midi.sysex - DEBUG - Received response: param 21 = 1
2025-09-26 16:12:32,463 - midi.connection - DEBUG - Parameter update: 21 = 1
2025-09-26 16:12:32,464 - midi.connection - DEBUG - Query successful: param 21 = 1
2025-09-26 16:12:32,869 - midi.connection - DEBUG - Sending query for parameter 22: SysEx: F0 04 17 3E 16 00 00 00 00 00 00 00 00 00 00 00 F7
2025-09-26 16:12:32,900 - midi.sysex - DEBUG - SysEx parse: param_id=22, value=1, is_response=True, unit_id=1
2025-09-26 16:12:32,900 - midi.sysex - DEBUG - Received response: param 22 = 1
2025-09-26 16:12:32,900 - midi.connection - DEBUG - Parameter update: 22 = 1
2025-09-26 16:12:32,901 - midi.connection - DEBUG - Query successful: param 22 = 1
2025-09-26 16:12:33,306 - midi.connection - DEBUG - Sending query for parameter 23: SysEx: F0 04 17 3E 17 00 00 00 00 00 00 00 00 00 00 00 F7
2025-09-26 16:12:33,337 - midi.sysex - DEBUG - SysEx parse: param_id=23, value=8192, is_response=True, unit_id=1
2025-09-26 16:12:33,337 - midi.sysex - DEBUG - Received response: param 23 = 8192
2025-09-26 16:12:33,337 - midi.connection - DEBUG - Parameter update: 23 = 8192
2025-09-26 16:12:33,337 - midi.connection - DEBUG - Query successful: param 23 = 8192
2025-09-26 16:12:33,741 - midi.connection - DEBUG - Sending query for parameter 24: SysEx: F0 04 17 3E 18 00 00 00 00 00 00 00 00 00 00 00 F7
2025-09-26 16:12:33,776 - midi.sysex - DEBUG - SysEx parse: param_id=24, value=1, is_response=True, unit_id=1
2025-09-26 16:12:33,776 - midi.sysex - DEBUG - Received response: param 24 = 1
2025-09-26 16:12:33,776 - midi.connection - DEBUG - Parameter update: 24 = 1
2025-09-26 16:12:33,776 - midi.connection - DEBUG - Query successful: param 24 = 1
2025-09-26 16:12:34,181 - midi.connection - DEBUG - Sending query for parameter 25: SysEx: F0 04 17 3E 19 00 00 00 00 00 00 00 00 00 00 00 F7
2025-09-26 16:12:34,213 - midi.sysex - DEBUG - SysEx parse: param_id=25, value=0, is_response=True, unit_id=1
2025-09-26 16:12:34,214 - midi.sysex - DEBUG - Received response: param 25 = 0
2025-09-26 16:12:34,214 - midi.connection - DEBUG - Parameter update: 25 = 0
2025-09-26 16:12:34,214 - midi.connection - DEBUG - Query successful: param 25 = 0
2025-09-26 16:12:34,615 - midi.connection - DEBUG - Sending query for parameter 26: SysEx: F0 04 17 3E 1A 00 00 00 00 00 00 00 00 00 00 00 F7
2025-09-26 16:12:34,648 - midi.sysex - DEBUG - SysEx parse: param_id=26, value=1, is_response=True, unit_id=1
2025-09-26 16:12:34,648 - midi.sysex - DEBUG - Received response: param 26 = 1
2025-09-26 16:12:34,648 - midi.connection - DEBUG - Parameter update: 26 = 1
2025-09-26 16:12:34,648 - midi.connection - DEBUG - Query successful: param 26 = 1
2025-09-26 16:12:35,053 - midi.connection - DEBUG - Sending query for parameter 27: SysEx: F0 04 17 3E 1B 00 00 00 00 00 00 00 00 00 00 00 F7
2025-09-26 16:12:35,087 - midi.sysex - DEBUG - SysEx parse: param_id=27, value=0, is_response=True, unit_id=1
2025-09-26 16:12:35,087 - midi.sysex - DEBUG - Received response: param 27 = 0
2025-09-26 16:12:35,088 - midi.connection - DEBUG - Parameter update: 27 = 0
2025-09-26 16:12:35,088 - midi.connection - DEBUG - Query successful: param 27 = 0
2025-09-26 16:12:35,493 - midi.connection - DEBUG - Sending query for parameter 28: SysEx: F0 04 17 3E 1C 00 00 00 00 00 00 00 00 00 00 00 F7
2025-09-26 16:12:35,528 - midi.sysex - DEBUG - SysEx parse: param_id=28, value=1, is_response=True, unit_id=1
2025-09-26 16:12:35,528 - midi.sysex - DEBUG - Received response: param 28 = 1
2025-09-26 16:12:35,528 - midi.connection - DEBUG - Parameter update: 28 = 1
2025-09-26 16:12:35,528 - midi.connection - DEBUG - Query successful: param 28 = 1
2025-09-26 16:12:35,933 - midi.connection - DEBUG - Sending query for parameter 29: SysEx: F0 04 17 3E 1D 00 00 00 00 00 00 00 00 00 00 00 F7
2025-09-26 16:12:35,968 - midi.sysex - DEBUG - SysEx parse: param_id=29, value=0, is_response=True, unit_id=1
2025-09-26 16:12:35,968 - midi.sysex - DEBUG - Received response: param 29 = 0
2025-09-26 16:12:35,969 - midi.connection - DEBUG - Parameter update: 29 = 0
2025-09-26 16:12:35,969 - midi.connection - DEBUG - Query successful: param 29 = 0
2025-09-26 16:12:36,374 - midi.connection - DEBUG - Sending query for parameter 30: SysEx: F0 04 17 3E 1E 00 00 00 00 00 00 00 00 00 00 00 F7
2025-09-26 16:12:36,407 - midi.sysex - DEBUG - SysEx parse: param_id=30, value=0, is_response=True, unit_id=1
2025-09-26 16:12:36,408 - midi.sysex - DEBUG - Received response: param 30 = 0
2025-09-26 16:12:36,408 - midi.connection - DEBUG - Parameter update: 30 = 0
2025-09-26 16:12:36,408 - midi.connection - DEBUG - Query successful: param 30 = 0
2025-09-26 16:12:36,815 - midi.connection - DEBUG - Sending query for parameter 31: SysEx: F0 04 17 3E 1F 00 00 00 00 00 00 00 00 00 00 00 F7
2025-09-26 16:12:36,850 - midi.sysex - DEBUG - SysEx parse: param_id=31, value=0, is_response=True, unit_id=1
2025-09-26 16:12:36,851 - midi.sysex - DEBUG - Received response: param 31 = 0
2025-09-26 16:12:36,851 - midi.connection - DEBUG - Parameter update: 31 = 0
2025-09-26 16:12:36,851 - midi.connection - DEBUG - Query successful: param 31 = 0
2025-09-26 16:12:37,256 - midi.connection - DEBUG - Sending query for parameter 32: SysEx: F0 04 17 3E 20 00 00 00 00 00 00 00 00 00 00 00 F7
2025-09-26 16:12:37,290 - midi.sysex - DEBUG - SysEx parse: param_id=32, value=1, is_response=True, unit_id=1
2025-09-26 16:12:37,290 - midi.sysex - DEBUG - Received response: param 32 = 1
2025-09-26 16:12:37,290 - midi.connection - DEBUG - Parameter update: 32 = 1
2025-09-26 16:12:37,290 - midi.connection - DEBUG - Query successful: param 32 = 1
2025-09-26 16:12:37,695 - midi.connection - DEBUG - Sending query for parameter 35: SysEx: F0 04 17 3E 23 00 00 00 00 00 00 00 00 00 00 00 F7
2025-09-26 16:12:37,726 - midi.sysex - DEBUG - SysEx parse: param_id=35, value=12, is_response=True, unit_id=1
2025-09-26 16:12:37,726 - midi.sysex - DEBUG - Received response: param 35 = 12
2025-09-26 16:12:37,726 - midi.connection - DEBUG - Parameter update: 35 = 12
2025-09-26 16:12:37,727 - midi.connection - DEBUG - Query successful: param 35 = 12
2025-09-26 16:12:38,132 - midi.connection - DEBUG - Sending query for parameter 36: SysEx: F0 04 17 3E 24 00 00 00 00 00 00 00 00 00 00 00 F7
2025-09-26 16:12:38,164 - midi.sysex - DEBUG - SysEx parse: param_id=36, value=12, is_response=True, unit_id=1
2025-09-26 16:12:38,164 - midi.sysex - DEBUG - Received response: param 36 = 12
2025-09-26 16:12:38,165 - midi.connection - DEBUG - Parameter update: 36 = 12
2025-09-26 16:12:38,165 - midi.connection - DEBUG - Query successful: param 36 = 12
2025-09-26 16:12:38,566 - midi.connection - DEBUG - Sending query for parameter 37: SysEx: F0 04 17 3E 25 00 00 00 00 00 00 00 00 00 00 00 F7
2025-09-26 16:12:38,600 - midi.sysex - DEBUG - SysEx parse: param_id=37, value=2, is_response=True, unit_id=1
2025-09-26 16:12:38,600 - midi.sysex - DEBUG - Received response: param 37 = 2
2025-09-26 16:12:38,600 - midi.connection - DEBUG - Parameter update: 37 = 2
2025-09-26 16:12:38,600 - midi.connection - DEBUG - Query successful: param 37 = 2
2025-09-26 16:12:39,004 - midi.connection - DEBUG - Sending query for parameter 38: SysEx: F0 04 17 3E 26 00 00 00 00 00 00 00 00 00 00 00 F7
2025-09-26 16:12:39,035 - midi.sysex - DEBUG - SysEx parse: param_id=38, value=2, is_response=True, unit_id=1
2025-09-26 16:12:39,035 - midi.sysex - DEBUG - Received response: param 38 = 2
2025-09-26 16:12:39,035 - midi.connection - DEBUG - Parameter update: 38 = 2
2025-09-26 16:12:39,035 - midi.connection - DEBUG - Query successful: param 38 = 2
2025-09-26 16:12:39,441 - midi.connection - DEBUG - Sending query for parameter 39: SysEx: F0 04 17 3E 27 00 00 00 00 00 00 00 00 00 00 00 F7
2025-09-26 16:12:39,478 - midi.sysex - DEBUG - SysEx parse: param_id=39, value=1, is_response=True, unit_id=1
2025-09-26 16:12:39,478 - midi.sysex - DEBUG - Received response: param 39 = 1
2025-09-26 16:12:39,478 - midi.connection - DEBUG - Parameter update: 39 = 1
2025-09-26 16:12:39,478 - midi.connection - DEBUG - Query successful: param 39 = 1
2025-09-26 16:12:39,880 - midi.connection - DEBUG - Sending query for parameter 40: SysEx: F0 04 17 3E 28 00 00 00 00 00 00 00 00 00 00 00 F7
2025-09-26 16:12:39,914 - midi.sysex - DEBUG - SysEx parse: param_id=40, value=0, is_response=True, unit_id=1
2025-09-26 16:12:39,914 - midi.sysex - DEBUG - Received response: param 40 = 0
2025-09-26 16:12:39,914 - midi.connection - DEBUG - Parameter update: 40 = 0
2025-09-26 16:12:39,914 - midi.connection - DEBUG - Query successful: param 40 = 0
2025-09-26 16:12:40,319 - midi.connection - DEBUG - Sending query for parameter 41: SysEx: F0 04 17 3E 29 00 00 00 00 00 00 00 00 00 00 00 F7
2025-09-26 16:12:40,350 - midi.sysex - DEBUG - SysEx parse: param_id=41, value=0, is_response=True, unit_id=1
2025-09-26 16:12:40,350 - midi.sysex - DEBUG - Received response: param 41 = 0
2025-09-26 16:12:40,350 - midi.connection - DEBUG - Parameter update: 41 = 0
2025-09-26 16:12:40,350 - midi.connection - DEBUG - Query successful: param 41 = 0
2025-09-26 16:12:40,756 - midi.connection - DEBUG - Sending query for parameter 42: SysEx: F0 04 17 3E 2A 00 00 00 00 00 00 00 00 00 00 00 F7
2025-09-26 16:12:40,789 - midi.sysex - DEBUG - SysEx parse: param_id=42, value=0, is_response=True, unit_id=1
2025-09-26 16:12:40,789 - midi.sysex - DEBUG - Received response: param 42 = 0
2025-09-26 16:12:40,789 - midi.connection - DEBUG - Parameter update: 42 = 0
2025-09-26 16:12:40,789 - midi.connection - DEBUG - Query successful: param 42 = 0
2025-09-26 16:12:41,195 - midi.connection - DEBUG - Sending query for parameter 43: SysEx: F0 04 17 3E 2B 00 00 00 00 00 00 00 00 00 00 00 F7
2025-09-26 16:12:41,231 - midi.sysex - DEBUG - SysEx parse: param_id=43, value=7, is_response=True, unit_id=1
2025-09-26 16:12:41,232 - midi.sysex - DEBUG - Received response: param 43 = 7
2025-09-26 16:12:41,232 - midi.connection - DEBUG - Parameter update: 43 = 7
2025-09-26 16:12:41,232 - midi.connection - DEBUG - Query successful: param 43 = 7
2025-09-26 16:12:41,637 - midi.connection - DEBUG - Sending query for parameter 44: SysEx: F0 04 17 3E 2C 00 00 00 00 00 00 00 00 00 00 00 F7
2025-09-26 16:12:41,670 - midi.sysex - DEBUG - SysEx parse: param_id=44, value=7, is_response=True, unit_id=1
2025-09-26 16:12:41,670 - midi.sysex - DEBUG - Received response: param 44 = 7
2025-09-26 16:12:41,670 - midi.connection - DEBUG - Parameter update: 44 = 7
2025-09-26 16:12:41,670 - midi.connection - DEBUG - Query successful: param 44 = 7
2025-09-26 16:12:42,076 - midi.connection - DEBUG - Sending query for parameter 45: SysEx: F0 04 17 3E 2D 00 00 00 00 00 00 00 00 00 00 00 F7
2025-09-26 16:12:42,107 - midi.sysex - DEBUG - SysEx parse: param_id=45, value=7, is_response=True, unit_id=1
2025-09-26 16:12:42,107 - midi.sysex - DEBUG - Received response: param 45 = 7
2025-09-26 16:12:42,108 - midi.connection - DEBUG - Parameter update: 45 = 7
2025-09-26 16:12:42,108 - midi.connection - DEBUG - Query successful: param 45 = 7
2025-09-26 16:12:42,513 - midi.connection - DEBUG - Sending query for parameter 46: SysEx: F0 04 17 3E 2E 00 00 00 00 00 00 00 00 00 00 00 F7
2025-09-26 16:12:42,549 - midi.sysex - DEBUG - SysEx parse: param_id=46, value=0, is_response=True, unit_id=1
2025-09-26 16:12:42,549 - midi.sysex - DEBUG - Received response: param 46 = 0
2025-09-26 16:12:42,550 - midi.connection - DEBUG - Parameter update: 46 = 0
2025-09-26 16:12:42,550 - midi.connection - DEBUG - Query successful: param 46 = 0
2025-09-26 16:12:42,956 - midi.connection - DEBUG - Sending query for parameter 47: SysEx: F0 04 17 3E 2F 00 00 00 00 00 00 00 00 00 00 00 F7
2025-09-26 16:12:42,987 - midi.sysex - DEBUG - SysEx parse: param_id=47, value=0, is_response=True, unit_id=1
2025-09-26 16:12:42,988 - midi.sysex - DEBUG - Received response: param 47 = 0
2025-09-26 16:12:42,988 - midi.connection - DEBUG - Parameter update: 47 = 0
2025-09-26 16:12:42,988 - midi.connection - DEBUG - Query successful: param 47 = 0
2025-09-26 16:12:43,393 - midi.connection - DEBUG - Sending query for parameter 48: SysEx: F0 04 17 3E 30 00 00 00 00 00 00 00 00 00 00 00 F7
2025-09-26 16:12:43,426 - midi.sysex - DEBUG - SysEx parse: param_id=48, value=0, is_response=True, unit_id=1
2025-09-26 16:12:43,426 - midi.sysex - DEBUG - Received response: param 48 = 0
2025-09-26 16:12:43,427 - midi.connection - DEBUG - Parameter update: 48 = 0
2025-09-26 16:12:43,427 - midi.connection - DEBUG - Query successful: param 48 = 0
2025-09-26 16:12:43,832 - midi.connection - DEBUG - Sending query for parameter 49: SysEx: F0 04 17 3E 31 00 00 00 00 00 00 00 00 00 00 00 F7
2025-09-26 16:12:43,865 - midi.sysex - DEBUG - SysEx parse: param_id=49, value=0, is_response=True, unit_id=1
2025-09-26 16:12:43,865 - midi.sysex - DEBUG - Received response: param 49 = 0
2025-09-26 16:12:43,865 - midi.connection - DEBUG - Parameter update: 49 = 0
2025-09-26 16:12:43,865 - midi.connection - DEBUG - Query successful: param 49 = 0
2025-09-26 16:12:44,270 - midi.connection - DEBUG - Sending query for parameter 50: SysEx: F0 04 17 3E 32 00 00 00 00 00 00 00 00 00 00 00 F7
2025-09-26 16:12:44,303 - midi.sysex - DEBUG - SysEx parse: param_id=50, value=0, is_response=True, unit_id=1
2025-09-26 16:12:44,304 - midi.sysex - DEBUG - Received response: param 50 = 0
2025-09-26 16:12:44,304 - midi.connection - DEBUG - Parameter update: 50 = 0
2025-09-26 16:12:44,304 - midi.connection - DEBUG - Query successful: param 50 = 0
2025-09-26 16:12:44,707 - midi.connection - DEBUG - Sending query for parameter 51: SysEx: F0 04 17 3E 33 00 00 00 00 00 00 00 00 00 00 00 F7
2025-09-26 16:12:44,739 - midi.sysex - DEBUG - SysEx parse: param_id=51, value=0, is_response=True, unit_id=1
2025-09-26 16:12:44,739 - midi.sysex - DEBUG - Received response: param 51 = 0
2025-09-26 16:12:44,739 - midi.connection - DEBUG - Parameter update: 51 = 0
2025-09-26 16:12:44,739 - midi.connection - DEBUG - Query successful: param 51 = 0
2025-09-26 16:12:45,143 - midi.connection - DEBUG - Sending query for parameter 52: SysEx: F0 04 17 3E 34 00 00 00 00 00 00 00 00 00 00 00 F7
2025-09-26 16:12:45,177 - midi.sysex - DEBUG - SysEx parse: param_id=52, value=1, is_response=True, unit_id=1
2025-09-26 16:12:45,177 - midi.sysex - DEBUG - Received response: param 52 = 1
2025-09-26 16:12:45,177 - midi.connection - DEBUG - Parameter update: 52 = 1
2025-09-26 16:12:45,177 - midi.connection - DEBUG - Query successful: param 52 = 1
2025-09-26 16:12:45,580 - midi.connection - DEBUG - Sending query for parameter 53: SysEx: F0 04 17 3E 35 00 00 00 00 00 00 00 00 00 00 00 F7
2025-09-26 16:12:45,614 - midi.sysex - DEBUG - SysEx parse: param_id=53, value=0, is_response=True, unit_id=1
2025-09-26 16:12:45,615 - midi.sysex - DEBUG - Received response: param 53 = 0
2025-09-26 16:12:45,615 - midi.connection - DEBUG - Parameter update: 53 = 0
2025-09-26 16:12:45,615 - midi.connection - DEBUG - Query successful: param 53 = 0
2025-09-26 16:12:46,020 - midi.connection - DEBUG - Sending query for parameter 54: SysEx: F0 04 17 3E 36 00 00 00 00 00 00 00 00 00 00 00 F7
2025-09-26 16:12:46,052 - midi.sysex - DEBUG - SysEx parse: param_id=54, value=0, is_response=True, unit_id=1
2025-09-26 16:12:46,052 - midi.sysex - DEBUG - Received response: param 54 = 0
2025-09-26 16:12:46,052 - midi.connection - DEBUG - Parameter update: 54 = 0
2025-09-26 16:12:46,052 - midi.connection - DEBUG - Query successful: param 54 = 0
2025-09-26 16:12:46,457 - midi.connection - DEBUG - Sending query for parameter 55: SysEx: F0 04 17 3E 37 00 00 00 00 00 00 00 00 00 00 00 F7
2025-09-26 16:12:46,488 - midi.sysex - DEBUG - SysEx parse: param_id=55, value=0, is_response=True, unit_id=1
2025-09-26 16:12:46,488 - midi.sysex - DEBUG - Received response: param 55 = 0
2025-09-26 16:12:46,488 - midi.connection - DEBUG - Parameter update: 55 = 0
2025-09-26 16:12:46,488 - midi.connection - DEBUG - Query successful: param 55 = 0
2025-09-26 16:12:46,894 - midi.connection - DEBUG - Sending query for parameter 56: SysEx: F0 04 17 3E 38 00 00 00 00 00 00 00 00 00 00 00 F7
2025-09-26 16:12:46,927 - midi.sysex - DEBUG - SysEx parse: param_id=56, value=0, is_response=True, unit_id=1
2025-09-26 16:12:46,928 - midi.sysex - DEBUG - Received response: param 56 = 0
2025-09-26 16:12:46,928 - midi.connection - DEBUG - Parameter update: 56 = 0
2025-09-26 16:12:46,928 - midi.connection - DEBUG - Query successful: param 56 = 0
2025-09-26 16:12:47,333 - midi.connection - DEBUG - Sending query for parameter 57: SysEx: F0 04 17 3E 39 00 00 00 00 00 00 00 00 00 00 00 F7
2025-09-26 16:12:47,368 - midi.sysex - DEBUG - SysEx parse: param_id=57, value=1, is_response=True, unit_id=1
2025-09-26 16:12:47,369 - midi.sysex - DEBUG - Received response: param 57 = 1
2025-09-26 16:12:47,369 - midi.connection - DEBUG - Parameter update: 57 = 1
2025-09-26 16:12:47,369 - midi.connection - DEBUG - Query successful: param 57 = 1
2025-09-26 16:12:47,771 - midi.connection - DEBUG - Sending query for parameter 58: SysEx: F0 04 17 3E 3A 00 00 00 00 00 00 00 00 00 00 00 F7
2025-09-26 16:12:47,803 - midi.sysex - DEBUG - SysEx parse: param_id=58, value=0, is_response=True, unit_id=1
2025-09-26 16:12:47,803 - midi.sysex - DEBUG - Received response: param 58 = 0
2025-09-26 16:12:47,803 - midi.connection - DEBUG - Parameter update: 58 = 0
2025-09-26 16:12:47,803 - midi.connection - DEBUG - Query successful: param 58 = 0
2025-09-26 16:12:48,209 - midi.connection - DEBUG - Sending query for parameter 59: SysEx: F0 04 17 3E 3B 00 00 00 00 00 00 00 00 00 00 00 F7
2025-09-26 16:12:48,242 - midi.sysex - DEBUG - SysEx parse: param_id=59, value=0, is_response=True, unit_id=1
2025-09-26 16:12:48,242 - midi.sysex - DEBUG - Received response: param 59 = 0
2025-09-26 16:12:48,242 - midi.connection - DEBUG - Parameter update: 59 = 0
2025-09-26 16:12:48,242 - midi.connection - DEBUG - Query successful: param 59 = 0
2025-09-26 16:12:48,643 - midi.connection - DEBUG - Sending query for parameter 60: SysEx: F0 04 17 3E 3C 00 00 00 00 00 00 00 00 00 00 00 F7
2025-09-26 16:12:48,681 - midi.sysex - DEBUG - SysEx parse: param_id=60, value=0, is_response=True, unit_id=1
2025-09-26 16:12:48,681 - midi.sysex - DEBUG - Received response: param 60 = 0
2025-09-26 16:12:48,681 - midi.connection - DEBUG - Parameter update: 60 = 0
2025-09-26 16:12:48,681 - midi.connection - DEBUG - Query successful: param 60 = 0
2025-09-26 16:12:49,087 - midi.connection - DEBUG - Sending query for parameter 61: SysEx: F0 04 17 3E 3D 00 00 00 00 00 00 00 00 00 00 00 F7
2025-09-26 16:12:49,118 - midi.sysex - DEBUG - SysEx parse: param_id=61, value=0, is_response=True, unit_id=1
2025-09-26 16:12:49,119 - midi.sysex - DEBUG - Received response: param 61 = 0
2025-09-26 16:12:49,119 - midi.connection - DEBUG - Parameter update: 61 = 0
2025-09-26 16:12:49,119 - midi.connection - DEBUG - Query successful: param 61 = 0
2025-09-26 16:12:49,524 - midi.connection - DEBUG - Sending query for parameter 62: SysEx: F0 04 17 3E 3E 00 00 00 00 00 00 00 00 00 00 00 F7
2025-09-26 16:12:49,556 - midi.sysex - DEBUG - SysEx parse: param_id=62, value=0, is_response=True, unit_id=1
2025-09-26 16:12:49,556 - midi.sysex - DEBUG - Received response: param 62 = 0
2025-09-26 16:12:49,557 - midi.connection - DEBUG - Parameter update: 62 = 0
2025-09-26 16:12:49,557 - midi.connection - DEBUG - Query successful: param 62 = 0
2025-09-26 16:12:49,962 - midi.connection - DEBUG - Sending query for parameter 63: SysEx: F0 04 17 3E 3F 00 00 00 00 00 00 00 00 00 00 00 F7
2025-09-26 16:12:49,995 - midi.sysex - DEBUG - SysEx parse: param_id=63, value=0, is_response=True, unit_id=1
2025-09-26 16:12:49,995 - midi.sysex - DEBUG - Received response: param 63 = 0
2025-09-26 16:12:49,996 - midi.connection - DEBUG - Parameter update: 63 = 0
2025-09-26 16:12:49,996 - midi.connection - DEBUG - Query successful: param 63 = 0
2025-09-26 16:12:50,401 - midi.connection - DEBUG - Sending query for parameter 64: SysEx: F0 04 17 3E 40 00 00 00 00 00 00 00 00 00 00 00 F7
2025-09-26 16:12:50,436 - midi.sysex - DEBUG - SysEx parse: param_id=64, value=0, is_response=True, unit_id=1
2025-09-26 16:12:50,436 - midi.sysex - DEBUG - Received response: param 64 = 0
2025-09-26 16:12:50,436 - midi.connection - DEBUG - Parameter update: 64 = 0
2025-09-26 16:12:50,437 - midi.connection - DEBUG - Query successful: param 64 = 0
2025-09-26 16:12:50,845 - midi.connection - DEBUG - Sending query for parameter 65: SysEx: F0 04 17 3E 41 00 00 00 00 00 00 00 00 00 00 00 F7
2025-09-26 16:12:50,878 - midi.sysex - DEBUG - SysEx parse: param_id=65, value=0, is_response=True, unit_id=1
2025-09-26 16:12:50,878 - midi.sysex - DEBUG - Received response: param 65 = 0
2025-09-26 16:12:50,878 - midi.connection - DEBUG - Parameter update: 65 = 0
2025-09-26 16:12:50,878 - midi.connection - DEBUG - Query successful: param 65 = 0
2025-09-26 16:12:51,282 - midi.connection - DEBUG - Sending query for parameter 66: SysEx: F0 04 17 3E 42 00 00 00 00 00 00 00 00 00 00 00 F7
2025-09-26 16:12:51,317 - midi.sysex - DEBUG - SysEx parse: param_id=66, value=1, is_response=True, unit_id=1
2025-09-26 16:12:51,317 - midi.sysex - DEBUG - Received response: param 66 = 1
2025-09-26 16:12:51,317 - midi.connection - DEBUG - Parameter update: 66 = 1
2025-09-26 16:12:51,317 - midi.connection - DEBUG - Query successful: param 66 = 1
2025-09-26 16:12:51,723 - midi.connection - DEBUG - Sending query for parameter 67: SysEx: F0 04 17 3E 43 00 00 00 00 00 00 00 00 00 00 00 F7
2025-09-26 16:12:51,758 - midi.sysex - DEBUG - SysEx parse: param_id=67, value=2, is_response=True, unit_id=1
2025-09-26 16:12:51,758 - midi.sysex - DEBUG - Received response: param 67 = 2
2025-09-26 16:12:51,759 - midi.connection - DEBUG - Parameter update: 67 = 2
2025-09-26 16:12:51,759 - midi.connection - DEBUG - Query successful: param 67 = 2
2025-09-26 16:12:52,164 - midi.connection - DEBUG - Sending query for parameter 68: SysEx: F0 04 17 3E 44 00 00 00 00 00 00 00 00 00 00 00 F7
2025-09-26 16:12:52,196 - midi.sysex - DEBUG - SysEx parse: param_id=68, value=0, is_response=True, unit_id=1
2025-09-26 16:12:52,196 - midi.sysex - DEBUG - Received response: param 68 = 0
2025-09-26 16:12:52,197 - midi.connection - DEBUG - Parameter update: 68 = 0
2025-09-26 16:12:52,197 - midi.connection - DEBUG - Query successful: param 68 = 0
2025-09-26 16:12:52,602 - midi.connection - DEBUG - Sending query for parameter 69: SysEx: F0 04 17 3E 45 00 00 00 00 00 00 00 00 00 00 00 F7
2025-09-26 16:12:52,636 - midi.sysex - DEBUG - SysEx parse: param_id=69, value=0, is_response=True, unit_id=1
2025-09-26 16:12:52,636 - midi.sysex - DEBUG - Received response: param 69 = 0
2025-09-26 16:12:52,636 - midi.connection - DEBUG - Parameter update: 69 = 0
2025-09-26 16:12:52,636 - midi.connection - DEBUG - Query successful: param 69 = 0
2025-09-26 16:12:53,041 - midi.connection - DEBUG - Sending query for parameter 70: SysEx: F0 04 17 3E 46 00 00 00 00 00 00 00 00 00 00 00 F7
2025-09-26 16:12:53,076 - midi.sysex - DEBUG - SysEx parse: param_id=70, value=0, is_response=True, unit_id=1
2025-09-26 16:12:53,076 - midi.sysex - DEBUG - Received response: param 70 = 0
2025-09-26 16:12:53,076 - midi.connection - DEBUG - Parameter update: 70 = 0
2025-09-26 16:12:53,076 - midi.connection - DEBUG - Query successful: param 70 = 0
2025-09-26 16:12:53,482 - midi.connection - DEBUG - Sending query for parameter 71: SysEx: F0 04 17 3E 47 00 00 00 00 00 00 00 00 00 00 00 F7
2025-09-26 16:12:53,514 - midi.sysex - DEBUG - SysEx parse: param_id=71, value=0, is_response=True, unit_id=1
2025-09-26 16:12:53,514 - midi.sysex - DEBUG - Received response: param 71 = 0
2025-09-26 16:12:53,514 - midi.connection - DEBUG - Parameter update: 71 = 0
2025-09-26 16:12:53,514 - midi.connection - DEBUG - Query successful: param 71 = 0
2025-09-26 16:12:53,916 - midi.connection - DEBUG - Sending query for parameter 72: SysEx: F0 04 17 3E 48 00 00 00 00 00 00 00 00 00 00 00 F7
2025-09-26 16:12:53,950 - midi.sysex - DEBUG - SysEx parse: param_id=72, value=1, is_response=True, unit_id=1
2025-09-26 16:12:53,951 - midi.sysex - DEBUG - Received response: param 72 = 1
2025-09-26 16:12:53,951 - midi.connection - DEBUG - Parameter update: 72 = 1
2025-09-26 16:12:53,951 - midi.connection - DEBUG - Query successful: param 72 = 1
2025-09-26 16:12:54,356 - midi.connection - DEBUG - Sending query for parameter 73: SysEx: F0 04 17 3E 49 00 00 00 00 00 00 00 00 00 00 00 F7
2025-09-26 16:12:54,392 - midi.sysex - DEBUG - SysEx parse: param_id=73, value=0, is_response=True, unit_id=1
2025-09-26 16:12:54,392 - midi.sysex - DEBUG - Received response: param 73 = 0
2025-09-26 16:12:54,392 - midi.connection - DEBUG - Parameter update: 73 = 0
2025-09-26 16:12:54,392 - midi.connection - DEBUG - Query successful: param 73 = 0
2025-09-26 16:12:54,794 - midi.connection - DEBUG - Sending query for parameter 74: SysEx: F0 04 17 3E 4A 00 00 00 00 00 00 00 00 00 00 00 F7
2025-09-26 16:12:54,829 - midi.sysex - DEBUG - SysEx parse: param_id=74, value=0, is_response=True, unit_id=1
2025-09-26 16:12:54,829 - midi.sysex - DEBUG - Received response: param 74 = 0
2025-09-26 16:12:54,829 - midi.connection - DEBUG - Parameter update: 74 = 0
2025-09-26 16:12:54,829 - midi.connection - DEBUG - Query successful: param 74 = 0
2025-09-26 16:12:55,234 - midi.connection - DEBUG - Sending query for parameter 75: SysEx: F0 04 17 3E 4B 00 00 00 00 00 00 00 00 00 00 00 F7
2025-09-26 16:12:58,237 - midi.connection - WARNING - Timeout querying parameter 75
2025-09-26 16:12:58,237 - midi.connection - WARNING - Query attempt 1 failed for parameter 75
2025-09-26 16:12:58,642 - midi.connection - DEBUG - Sending query for parameter 75: SysEx: F0 04 17 3E 4B 00 00 00 00 00 00 00 00 00 00 00 F7
2025-09-26 16:13:01,647 - midi.connection - WARNING - Timeout querying parameter 75
2025-09-26 16:13:01,647 - midi.connection - WARNING - Query attempt 2 failed for parameter 75
2025-09-26 16:13:02,053 - midi.connection - DEBUG - Sending query for parameter 75: SysEx: F0 04 17 3E 4B 00 00 00 00 00 00 00 00 00 00 00 F7
2025-09-26 16:13:05,055 - midi.connection - WARNING - Timeout querying parameter 75
2025-09-26 16:13:05,055 - midi.connection - WARNING - Query attempt 3 failed for parameter 75
2025-09-26 16:13:05,055 - midi.connection - ERROR - Failed to query parameter 75 after 3 attempts
2025-09-26 16:13:05,059 - ui.main_window - DEBUG - Parameter 0 updated to 0
2025-09-26 16:13:05,059 - ui.main_window - DEBUG - Parameter 1 updated to 0
2025-09-26 16:13:05,060 - ui.main_window - DEBUG - Parameter 2 updated to 0
2025-09-26 16:13:05,061 - ui.main_window - DEBUG - Parameter 3 updated to 2
2025-09-26 16:13:05,061 - ui.main_window - DEBUG - Parameter 4 updated to 0
2025-09-26 16:13:05,061 - ui.main_window - DEBUG - Parameter 5 updated to 1
2025-09-26 16:13:05,062 - ui.main_window - DEBUG - Parameter 6 updated to 3
2025-09-26 16:13:05,063 - ui.main_window - DEBUG - Parameter 7 updated to 3
2025-09-26 16:13:05,063 - ui.main_window - DEBUG - Parameter 8 updated to 0
2025-09-26 16:13:05,064 - ui.main_window - DEBUG - Parameter 9 updated to 2
2025-09-26 16:13:05,065 - ui.main_window - DEBUG - Parameter 10 updated to 0
2025-09-26 16:13:05,065 - ui.main_window - DEBUG - Parameter 11 updated to 0
2025-09-26 16:13:05,065 - ui.main_window - DEBUG - Parameter 12 updated to 0
2025-09-26 16:13:05,066 - ui.main_window - DEBUG - Parameter 13 updated to 1
2025-09-26 16:13:05,066 - ui.main_window - DEBUG - Parameter 14 updated to 1
2025-09-26 16:13:05,066 - ui.main_window - DEBUG - Parameter 15 updated to 0
2025-09-26 16:13:05,066 - ui.main_window - DEBUG - Parameter 16 updated to 1
2025-09-26 16:13:05,066 - ui.main_window - DEBUG - Parameter 17 updated to 0
2025-09-26 16:13:05,066 - ui.main_window - DEBUG - Parameter 18 updated to 0
2025-09-26 16:13:05,066 - ui.main_window - DEBUG - Parameter 19 updated to 1
2025-09-26 16:13:05,067 - ui.main_window - DEBUG - Parameter 20 updated to 1
2025-09-26 16:13:05,067 - ui.main_window - DEBUG - Parameter 21 updated to 1
2025-09-26 16:13:05,068 - ui.main_window - DEBUG - Parameter 22 updated to 1
2025-09-26 16:13:05,068 - ui.main_window - DEBUG - Parameter 23 updated to 8192
2025-09-26 16:13:05,068 - ui.main_window - DEBUG - Parameter 24 updated to 1
2025-09-26 16:13:05,068 - ui.main_window - DEBUG - Parameter 25 updated to 0
2025-09-26 16:13:05,068 - ui.main_window - DEBUG - Parameter 26 updated to 1
2025-09-26 16:13:05,069 - ui.main_window - DEBUG - Parameter 27 updated to 0
2025-09-26 16:13:05,069 - ui.main_window - DEBUG - Parameter 28 updated to 1
2025-09-26 16:13:05,069 - ui.main_window - DEBUG - Parameter 29 updated to 0
2025-09-26 16:13:05,070 - ui.main_window - DEBUG - Parameter 30 updated to 0
2025-09-26 16:13:05,071 - ui.main_window - DEBUG - Parameter 31 updated to 0
2025-09-26 16:13:05,071 - ui.main_window - DEBUG - Parameter 32 updated to 1
2025-09-26 16:13:05,071 - ui.main_window - DEBUG - Parameter 35 updated to 12
2025-09-26 16:13:05,072 - ui.main_window - DEBUG - Parameter 36 updated to 12
2025-09-26 16:13:05,072 - ui.main_window - DEBUG - Parameter 37 updated to 2
2025-09-26 16:13:05,073 - ui.main_window - DEBUG - Parameter 38 updated to 2
2025-09-26 16:13:05,073 - ui.main_window - DEBUG - Parameter 39 updated to 1
2025-09-26 16:13:05,074 - ui.main_window - DEBUG - Parameter 40 updated to 0
2025-09-26 16:13:05,074 - ui.main_window - DEBUG - Parameter 41 updated to 0
2025-09-26 16:13:05,074 - ui.main_window - DEBUG - Parameter 42 updated to 0
2025-09-26 16:13:05,074 - ui.main_window - DEBUG - Parameter 43 updated to 7
2025-09-26 16:13:05,074 - ui.main_window - DEBUG - Parameter 44 updated to 7
2025-09-26 16:13:05,074 - ui.main_window - DEBUG - Parameter 45 updated to 7
2025-09-26 16:13:05,075 - ui.main_window - DEBUG - Parameter 46 updated to 0
2025-09-26 16:13:05,075 - ui.main_window - DEBUG - Parameter 47 updated to 0
2025-09-26 16:13:05,075 - ui.main_window - DEBUG - Parameter 48 updated to 0
2025-09-26 16:13:05,075 - ui.main_window - DEBUG - Parameter 49 updated to 0
2025-09-26 16:13:05,075 - ui.main_window - DEBUG - Parameter 50 updated to 0
2025-09-26 16:13:05,075 - ui.main_window - DEBUG - Parameter 51 updated to 0
2025-09-26 16:13:05,076 - ui.main_window - DEBUG - Parameter 52 updated to 1
2025-09-26 16:13:05,076 - ui.main_window - DEBUG - Parameter 53 updated to 0
2025-09-26 16:13:05,076 - ui.main_window - DEBUG - Parameter 54 updated to 0
2025-09-26 16:13:05,076 - ui.main_window - DEBUG - Parameter 55 updated to 0
2025-09-26 16:13:05,076 - ui.main_window - DEBUG - Parameter 56 updated to 0
2025-09-26 16:13:05,076 - ui.main_window - DEBUG - Parameter 57 updated to 1
2025-09-26 16:13:05,077 - ui.main_window - DEBUG - Parameter 58 updated to 0
2025-09-26 16:13:05,077 - ui.main_window - DEBUG - Parameter 59 updated to 0
2025-09-26 16:13:05,077 - ui.main_window - DEBUG - Parameter 60 updated to 0
2025-09-26 16:13:05,077 - ui.main_window - DEBUG - Parameter 61 updated to 0
2025-09-26 16:13:05,078 - ui.main_window - DEBUG - Parameter 62 updated to 0
2025-09-26 16:13:05,078 - ui.main_window - DEBUG - Parameter 63 updated to 0
2025-09-26 16:13:05,078 - ui.main_window - DEBUG - Parameter 64 updated to 0
2025-09-26 16:13:05,079 - ui.main_window - DEBUG - Parameter 65 updated to 0
2025-09-26 16:13:05,079 - ui.main_window - DEBUG - Parameter 66 updated to 1
2025-09-26 16:13:05,080 - ui.main_window - DEBUG - Parameter 67 updated to 2
2025-09-26 16:13:05,080 - ui.main_window - DEBUG - Parameter 68 updated to 0
2025-09-26 16:13:05,080 - ui.main_window - DEBUG - Parameter 69 updated to 0
2025-09-26 16:13:05,080 - ui.main_window - DEBUG - Parameter 70 updated to 0
2025-09-26 16:13:05,081 - ui.main_window - DEBUG - Parameter 71 updated to 0
2025-09-26 16:13:05,081 - ui.main_window - DEBUG - Parameter 72 updated to 1
2025-09-26 16:13:05,081 - ui.main_window - DEBUG - Parameter 73 updated to 0
2025-09-26 16:13:05,081 - ui.main_window - DEBUG - Parameter 74 updated to 0
2025-09-26 16:20:31,562 - midi.connection - DEBUG - MIDI listen thread stopped
2025-09-26 16:20:31,563 - midi.connection - INFO - Disconnected from MIDI ports
2025-09-26 16:20:35,407 - __main__ - INFO - Starting Matriarch Controller...
2025-09-26 16:20:35,553 - __main__ - INFO - MIDI system OK: 23 inputs, 23 outputs
2025-09-26 16:20:35,702 - __main__ - ERROR - Unexpected error in main application
Traceback (most recent call last):
  File "/Users/mini4/matriarch_controller/main.py", line 125, in main
    main_window = MatriarchMainWindow()
  File "/Users/mini4/matriarch_controller/ui/main_window.py", line 80, in __init__
    self.init_ui()
    ~~~~~~~~~~~~^^
  File "/Users/mini4/matriarch_controller/ui/main_window.py", line 110, in init_ui
    self.create_parameter_tabs()
    ~~~~~~~~~~~~~~~~~~~~~~~~~~^^
  File "/Users/mini4/matriarch_controller/ui/main_window.py", line 220, in create_parameter_tabs
    param_widget = widget_factory.create_widget(param)
  File "/Users/mini4/matriarch_controller/ui/parameter_widgets.py", line 574, in create_widget
    return MIDIChannelParameterWidget(parameter)
  File "/Users/mini4/matriarch_controller/ui/parameter_widgets.py", line 30, in __init__
    self.init_ui()
    ~~~~~~~~~~~~^^
  File "/Users/mini4/matriarch_controller/ui/parameter_widgets.py", line 341, in init_ui
    self.channel_combo.currentIndexChanged.connect(self.on_channel_changed)
                                                   ^^^^^^^^^^^^^^^^^^^^^^^
AttributeError: 'MIDIChannelParameterWidget' object has no attribute 'on_channel_changed'
2025-09-26 16:23:11,104 - __main__ - INFO - Starting Matriarch Controller...
2025-09-26 16:23:11,241 - __main__ - INFO - MIDI system OK: 23 inputs, 23 outputs
2025-09-26 16:23:11,442 - __main__ - ERROR - Unexpected error in main application
Traceback (most recent call last):
  File "/Users/mini4/matriarch_controller/main.py", line 125, in main
    main_window = MatriarchMainWindow()
  File "/Users/mini4/matriarch_controller/ui/main_window.py", line 80, in __init__
    self.init_ui()
    ~~~~~~~~~~~~^^
  File "/Users/mini4/matriarch_controller/ui/main_window.py", line 110, in init_ui
    self.create_parameter_tabs()
    ~~~~~~~~~~~~~~~~~~~~~~~~~~^^
  File "/Users/mini4/matriarch_controller/ui/main_window.py", line 220, in create_parameter_tabs
    param_widget = widget_factory.create_widget(param)
  File "/Users/mini4/matriarch_controller/ui/parameter_widgets.py", line 574, in create_widget
    return MIDIChannelParameterWidget(parameter)
  File "/Users/mini4/matriarch_controller/ui/parameter_widgets.py", line 30, in __init__
    self.init_ui()
    ~~~~~~~~~~~~^^
  File "/Users/mini4/matriarch_controller/ui/parameter_widgets.py", line 341, in init_ui
    self.channel_combo.currentIndexChanged.connect(self.on_channel_changed)
                                                   ^^^^^^^^^^^^^^^^^^^^^^^
AttributeError: 'MIDIChannelParameterWidget' object has no attribute 'on_channel_changed'
2025-09-26 16:32:06,030 - __main__ - INFO - Starting Matriarch Controller...
2025-09-26 16:32:06,222 - __main__ - INFO - MIDI system OK: 23 inputs, 23 outputs
2025-09-26 16:32:06,518 - __main__ - ERROR - Unexpected error in main application
Traceback (most recent call last):
  File "/Users/mini4/matriarch_controller/main.py", line 125, in main
    main_window = MatriarchMainWindow()
  File "/Users/mini4/matriarch_controller/ui/main_window.py", line 80, in __init__
    self.init_ui()
    ~~~~~~~~~~~~^^
  File "/Users/mini4/matriarch_controller/ui/main_window.py", line 110, in init_ui
    self.create_parameter_tabs()
    ~~~~~~~~~~~~~~~~~~~~~~~~~~^^
  File "/Users/mini4/matriarch_controller/ui/main_window.py", line 220, in create_parameter_tabs
    param_widget = widget_factory.create_widget(param)
  File "/Users/mini4/matriarch_controller/ui/parameter_widgets.py", line 577, in create_widget
    return SwingParameterWidget(parameter)
  File "/Users/mini4/matriarch_controller/ui/parameter_widgets.py", line 30, in __init__
    self.init_ui()
    ~~~~~~~~~~~~^^
  File "/Users/mini4/matriarch_controller/ui/parameter_widgets.py", line 439, in init_ui
    self.update_display()
    ~~~~~~~~~~~~~~~~~~~^^
  File "/Users/mini4/matriarch_controller/ui/parameter_widgets.py", line 547, in update_display
    self.channel_combo.setCurrentIndex(self.current_value)
    ^^^^^^^^^^^^^^^^^^
AttributeError: 'SwingParameterWidget' object has no attribute 'channel_combo'
2025-09-26 16:56:51,426 - __main__ - INFO - Starting Matriarch Controller...
2025-09-26 16:56:51,616 - __main__ - INFO - MIDI system OK: 23 inputs, 23 outputs
2025-09-26 16:56:51,982 - ui.main_window - INFO - Attempting auto-reconnect to mioXL MATRIARCH ↔ mioXL MATRIARCH
2025-09-26 16:56:51,986 - midi.connection - DEBUG - MIDI listen thread started
2025-09-26 16:56:51,986 - midi.connection - INFO - Connected to MIDI ports: mioXL MATRIARCH -> mioXL MATRIARCH
2025-09-26 16:56:51,990 - __main__ - INFO - Main window created and shown
2025-09-26 16:56:52,996 - midi.connection - DEBUG - Sending query for parameter 0: SysEx: F0 04 17 3E 00 00 00 00 00 00 00 00 00 00 00 00 F7
2025-09-26 16:56:53,034 - midi.sysex - DEBUG - SysEx parse: param_id=0, value=0, is_response=True, unit_id=1
2025-09-26 16:56:53,035 - midi.sysex - DEBUG - Received response: param 0 = 0
2025-09-26 16:56:53,035 - midi.connection - DEBUG - Parameter update: 0 = 0
2025-09-26 16:56:53,035 - midi.connection - DEBUG - Query successful: param 0 = 0
2025-09-26 16:56:53,483 - midi.connection - DEBUG - Sending query for parameter 1: SysEx: F0 04 17 3E 01 00 00 00 00 00 00 00 00 00 00 00 F7
2025-09-26 16:56:53,517 - midi.sysex - DEBUG - SysEx parse: param_id=1, value=0, is_response=True, unit_id=1
2025-09-26 16:56:53,517 - midi.sysex - DEBUG - Received response: param 1 = 0
2025-09-26 16:56:53,517 - midi.connection - DEBUG - Parameter update: 1 = 0
2025-09-26 16:56:53,517 - midi.connection - DEBUG - Query successful: param 1 = 0
2025-09-26 16:56:53,919 - midi.connection - DEBUG - Sending query for parameter 2: SysEx: F0 04 17 3E 02 00 00 00 00 00 00 00 00 00 00 00 F7
2025-09-26 16:56:53,954 - midi.sysex - DEBUG - SysEx parse: param_id=2, value=0, is_response=True, unit_id=1
2025-09-26 16:56:53,955 - midi.sysex - DEBUG - Received response: param 2 = 0
2025-09-26 16:56:53,955 - midi.connection - DEBUG - Parameter update: 2 = 0
2025-09-26 16:56:53,955 - midi.connection - DEBUG - Query successful: param 2 = 0
2025-09-26 16:56:54,360 - midi.connection - DEBUG - Sending query for parameter 3: SysEx: F0 04 17 3E 03 00 00 00 00 00 00 00 00 00 00 00 F7
2025-09-26 16:56:54,392 - midi.sysex - DEBUG - SysEx parse: param_id=3, value=2, is_response=True, unit_id=1
2025-09-26 16:56:54,392 - midi.sysex - DEBUG - Received response: param 3 = 2
2025-09-26 16:56:54,392 - midi.connection - DEBUG - Parameter update: 3 = 2
2025-09-26 16:56:54,393 - midi.connection - DEBUG - Query successful: param 3 = 2
2025-09-26 16:56:54,795 - midi.connection - DEBUG - Sending query for parameter 4: SysEx: F0 04 17 3E 04 00 00 00 00 00 00 00 00 00 00 00 F7
2025-09-26 16:56:54,831 - midi.sysex - DEBUG - SysEx parse: param_id=4, value=0, is_response=True, unit_id=1
2025-09-26 16:56:54,831 - midi.sysex - DEBUG - Received response: param 4 = 0
2025-09-26 16:56:54,831 - midi.connection - DEBUG - Parameter update: 4 = 0
2025-09-26 16:56:54,832 - midi.connection - DEBUG - Query successful: param 4 = 0
2025-09-26 16:56:55,237 - midi.connection - DEBUG - Sending query for parameter 5: SysEx: F0 04 17 3E 05 00 00 00 00 00 00 00 00 00 00 00 F7
2025-09-26 16:56:55,268 - midi.sysex - DEBUG - SysEx parse: param_id=5, value=1, is_response=True, unit_id=1
2025-09-26 16:56:55,268 - midi.sysex - DEBUG - Received response: param 5 = 1
2025-09-26 16:56:55,268 - midi.connection - DEBUG - Parameter update: 5 = 1
2025-09-26 16:56:55,268 - midi.connection - DEBUG - Query successful: param 5 = 1
2025-09-26 16:56:55,673 - midi.connection - DEBUG - Sending query for parameter 6: SysEx: F0 04 17 3E 06 00 00 00 00 00 00 00 00 00 00 00 F7
2025-09-26 16:56:55,706 - midi.sysex - DEBUG - SysEx parse: param_id=6, value=3, is_response=True, unit_id=1
2025-09-26 16:56:55,706 - midi.sysex - DEBUG - Received response: param 6 = 3
2025-09-26 16:56:55,706 - midi.connection - DEBUG - Parameter update: 6 = 3
2025-09-26 16:56:55,706 - midi.connection - DEBUG - Query successful: param 6 = 3
2025-09-26 16:56:56,110 - midi.connection - DEBUG - Sending query for parameter 7: SysEx: F0 04 17 3E 07 00 00 00 00 00 00 00 00 00 00 00 F7
2025-09-26 16:56:56,146 - midi.sysex - DEBUG - SysEx parse: param_id=7, value=3, is_response=True, unit_id=1
2025-09-26 16:56:56,147 - midi.sysex - DEBUG - Received response: param 7 = 3
2025-09-26 16:56:56,147 - midi.connection - DEBUG - Parameter update: 7 = 3
2025-09-26 16:56:56,147 - midi.connection - DEBUG - Query successful: param 7 = 3
2025-09-26 16:56:56,552 - midi.connection - DEBUG - Sending query for parameter 8: SysEx: F0 04 17 3E 08 00 00 00 00 00 00 00 00 00 00 00 F7
2025-09-26 16:56:56,583 - midi.sysex - DEBUG - SysEx parse: param_id=8, value=0, is_response=True, unit_id=1
2025-09-26 16:56:56,583 - midi.sysex - DEBUG - Received response: param 8 = 0
2025-09-26 16:56:56,584 - midi.connection - DEBUG - Parameter update: 8 = 0
2025-09-26 16:56:56,584 - midi.connection - DEBUG - Query successful: param 8 = 0
2025-09-26 16:56:56,989 - midi.connection - DEBUG - Sending query for parameter 9: SysEx: F0 04 17 3E 09 00 00 00 00 00 00 00 00 00 00 00 F7
2025-09-26 16:56:57,022 - midi.sysex - DEBUG - SysEx parse: param_id=9, value=2, is_response=True, unit_id=1
2025-09-26 16:56:57,022 - midi.sysex - DEBUG - Received response: param 9 = 2
2025-09-26 16:56:57,022 - midi.connection - DEBUG - Parameter update: 9 = 2
2025-09-26 16:56:57,022 - midi.connection - DEBUG - Query successful: param 9 = 2
2025-09-26 16:56:57,427 - midi.connection - DEBUG - Sending query for parameter 10: SysEx: F0 04 17 3E 0A 00 00 00 00 00 00 00 00 00 00 00 F7
2025-09-26 16:56:57,460 - midi.sysex - DEBUG - SysEx parse: param_id=10, value=0, is_response=True, unit_id=1
2025-09-26 16:56:57,460 - midi.sysex - DEBUG - Received response: param 10 = 0
2025-09-26 16:56:57,460 - midi.connection - DEBUG - Parameter update: 10 = 0
2025-09-26 16:56:57,460 - midi.connection - DEBUG - Query successful: param 10 = 0
2025-09-26 16:56:57,866 - midi.connection - DEBUG - Sending query for parameter 11: SysEx: F0 04 17 3E 0B 00 00 00 00 00 00 00 00 00 00 00 F7
2025-09-26 16:56:57,898 - midi.sysex - DEBUG - SysEx parse: param_id=11, value=0, is_response=True, unit_id=1
2025-09-26 16:56:57,898 - midi.sysex - DEBUG - Received response: param 11 = 0
2025-09-26 16:56:57,898 - midi.connection - DEBUG - Parameter update: 11 = 0
2025-09-26 16:56:57,898 - midi.connection - DEBUG - Query successful: param 11 = 0
2025-09-26 16:56:58,303 - midi.connection - DEBUG - Sending query for parameter 12: SysEx: F0 04 17 3E 0C 00 00 00 00 00 00 00 00 00 00 00 F7
2025-09-26 16:56:58,336 - midi.sysex - DEBUG - SysEx parse: param_id=12, value=0, is_response=True, unit_id=1
2025-09-26 16:56:58,337 - midi.sysex - DEBUG - Received response: param 12 = 0
2025-09-26 16:56:58,337 - midi.connection - DEBUG - Parameter update: 12 = 0
2025-09-26 16:56:58,337 - midi.connection - DEBUG - Query successful: param 12 = 0
2025-09-26 16:56:58,742 - midi.connection - DEBUG - Sending query for parameter 13: SysEx: F0 04 17 3E 0D 00 00 00 00 00 00 00 00 00 00 00 F7
2025-09-26 16:56:58,779 - midi.sysex - DEBUG - SysEx parse: param_id=13, value=1, is_response=True, unit_id=1
2025-09-26 16:56:58,779 - midi.sysex - DEBUG - Received response: param 13 = 1
2025-09-26 16:56:58,779 - midi.connection - DEBUG - Parameter update: 13 = 1
2025-09-26 16:56:58,780 - midi.connection - DEBUG - Query successful: param 13 = 1
2025-09-26 16:56:59,185 - midi.connection - DEBUG - Sending query for parameter 14: SysEx: F0 04 17 3E 0E 00 00 00 00 00 00 00 00 00 00 00 F7
2025-09-26 16:56:59,221 - midi.sysex - DEBUG - SysEx parse: param_id=14, value=1, is_response=True, unit_id=1
2025-09-26 16:56:59,222 - midi.sysex - DEBUG - Received response: param 14 = 1
2025-09-26 16:56:59,222 - midi.connection - DEBUG - Parameter update: 14 = 1
2025-09-26 16:56:59,222 - midi.connection - DEBUG - Query successful: param 14 = 1
2025-09-26 16:56:59,627 - midi.connection - DEBUG - Sending query for parameter 15: SysEx: F0 04 17 3E 0F 00 00 00 00 00 00 00 00 00 00 00 F7
2025-09-26 16:56:59,661 - midi.sysex - DEBUG - SysEx parse: param_id=15, value=0, is_response=True, unit_id=1
2025-09-26 16:56:59,661 - midi.sysex - DEBUG - Received response: param 15 = 0
2025-09-26 16:56:59,661 - midi.connection - DEBUG - Parameter update: 15 = 0
2025-09-26 16:56:59,661 - midi.connection - DEBUG - Query successful: param 15 = 0
2025-09-26 16:57:00,066 - midi.connection - DEBUG - Sending query for parameter 16: SysEx: F0 04 17 3E 10 00 00 00 00 00 00 00 00 00 00 00 F7
2025-09-26 16:57:00,099 - midi.sysex - DEBUG - SysEx parse: param_id=16, value=1, is_response=True, unit_id=1
2025-09-26 16:57:00,099 - midi.sysex - DEBUG - Received response: param 16 = 1
2025-09-26 16:57:00,099 - midi.connection - DEBUG - Parameter update: 16 = 1
2025-09-26 16:57:00,100 - midi.connection - DEBUG - Query successful: param 16 = 1
2025-09-26 16:57:00,504 - midi.connection - DEBUG - Sending query for parameter 17: SysEx: F0 04 17 3E 11 00 00 00 00 00 00 00 00 00 00 00 F7
2025-09-26 16:57:00,539 - midi.sysex - DEBUG - SysEx parse: param_id=17, value=0, is_response=True, unit_id=1
2025-09-26 16:57:00,540 - midi.sysex - DEBUG - Received response: param 17 = 0
2025-09-26 16:57:00,540 - midi.connection - DEBUG - Parameter update: 17 = 0
2025-09-26 16:57:00,540 - midi.connection - DEBUG - Query successful: param 17 = 0
2025-09-26 16:57:00,944 - midi.connection - DEBUG - Sending query for parameter 18: SysEx: F0 04 17 3E 12 00 00 00 00 00 00 00 00 00 00 00 F7
2025-09-26 16:57:00,976 - midi.sysex - DEBUG - SysEx parse: param_id=18, value=0, is_response=True, unit_id=1
2025-09-26 16:57:00,977 - midi.sysex - DEBUG - Received response: param 18 = 0
2025-09-26 16:57:00,977 - midi.connection - DEBUG - Parameter update: 18 = 0
2025-09-26 16:57:00,977 - midi.connection - DEBUG - Query successful: param 18 = 0
2025-09-26 16:57:01,382 - midi.connection - DEBUG - Sending query for parameter 19: SysEx: F0 04 17 3E 13 00 00 00 00 00 00 00 00 00 00 00 F7
2025-09-26 16:57:01,413 - midi.sysex - DEBUG - SysEx parse: param_id=19, value=1, is_response=True, unit_id=1
2025-09-26 16:57:01,413 - midi.sysex - DEBUG - Received response: param 19 = 1
2025-09-26 16:57:01,413 - midi.connection - DEBUG - Parameter update: 19 = 1
2025-09-26 16:57:01,414 - midi.connection - DEBUG - Query successful: param 19 = 1
2025-09-26 16:57:01,819 - midi.connection - DEBUG - Sending query for parameter 20: SysEx: F0 04 17 3E 14 00 00 00 00 00 00 00 00 00 00 00 F7
2025-09-26 16:57:01,851 - midi.sysex - DEBUG - SysEx parse: param_id=20, value=1, is_response=True, unit_id=1
2025-09-26 16:57:01,851 - midi.sysex - DEBUG - Received response: param 20 = 1
2025-09-26 16:57:01,851 - midi.connection - DEBUG - Parameter update: 20 = 1
2025-09-26 16:57:01,851 - midi.connection - DEBUG - Query successful: param 20 = 1
2025-09-26 16:57:02,256 - midi.connection - DEBUG - Sending query for parameter 21: SysEx: F0 04 17 3E 15 00 00 00 00 00 00 00 00 00 00 00 F7
2025-09-26 16:57:02,288 - midi.sysex - DEBUG - SysEx parse: param_id=21, value=1, is_response=True, unit_id=1
2025-09-26 16:57:02,289 - midi.sysex - DEBUG - Received response: param 21 = 1
2025-09-26 16:57:02,289 - midi.connection - DEBUG - Parameter update: 21 = 1
2025-09-26 16:57:02,289 - midi.connection - DEBUG - Query successful: param 21 = 1
2025-09-26 16:57:02,694 - midi.connection - DEBUG - Sending query for parameter 22: SysEx: F0 04 17 3E 16 00 00 00 00 00 00 00 00 00 00 00 F7
2025-09-26 16:57:02,728 - midi.sysex - DEBUG - SysEx parse: param_id=22, value=1, is_response=True, unit_id=1
2025-09-26 16:57:02,728 - midi.sysex - DEBUG - Received response: param 22 = 1
2025-09-26 16:57:02,728 - midi.connection - DEBUG - Parameter update: 22 = 1
2025-09-26 16:57:02,728 - midi.connection - DEBUG - Query successful: param 22 = 1
2025-09-26 16:57:03,132 - midi.connection - DEBUG - Sending query for parameter 23: SysEx: F0 04 17 3E 17 00 00 00 00 00 00 00 00 00 00 00 F7
2025-09-26 16:57:03,168 - midi.sysex - DEBUG - SysEx parse: param_id=23, value=8192, is_response=True, unit_id=1
2025-09-26 16:57:03,168 - midi.sysex - DEBUG - Received response: param 23 = 8192
2025-09-26 16:57:03,168 - midi.connection - DEBUG - Parameter update: 23 = 8192
2025-09-26 16:57:03,168 - midi.connection - DEBUG - Query successful: param 23 = 8192
2025-09-26 16:57:03,576 - midi.connection - DEBUG - Sending query for parameter 24: SysEx: F0 04 17 3E 18 00 00 00 00 00 00 00 00 00 00 00 F7
2025-09-26 16:57:03,609 - midi.sysex - DEBUG - SysEx parse: param_id=24, value=1, is_response=True, unit_id=1
2025-09-26 16:57:03,609 - midi.sysex - DEBUG - Received response: param 24 = 1
2025-09-26 16:57:03,609 - midi.connection - DEBUG - Parameter update: 24 = 1
2025-09-26 16:57:03,609 - midi.connection - DEBUG - Query successful: param 24 = 1
2025-09-26 16:57:04,010 - midi.connection - DEBUG - Sending query for parameter 25: SysEx: F0 04 17 3E 19 00 00 00 00 00 00 00 00 00 00 00 F7
2025-09-26 16:57:04,043 - midi.sysex - DEBUG - SysEx parse: param_id=25, value=0, is_response=True, unit_id=1
2025-09-26 16:57:04,044 - midi.sysex - DEBUG - Received response: param 25 = 0
2025-09-26 16:57:04,044 - midi.connection - DEBUG - Parameter update: 25 = 0
2025-09-26 16:57:04,044 - midi.connection - DEBUG - Query successful: param 25 = 0
2025-09-26 16:57:04,449 - midi.connection - DEBUG - Sending query for parameter 26: SysEx: F0 04 17 3E 1A 00 00 00 00 00 00 00 00 00 00 00 F7
2025-09-26 16:57:04,484 - midi.sysex - DEBUG - SysEx parse: param_id=26, value=1, is_response=True, unit_id=1
2025-09-26 16:57:04,484 - midi.sysex - DEBUG - Received response: param 26 = 1
2025-09-26 16:57:04,484 - midi.connection - DEBUG - Parameter update: 26 = 1
2025-09-26 16:57:04,485 - midi.connection - DEBUG - Query successful: param 26 = 1
2025-09-26 16:57:04,890 - midi.connection - DEBUG - Sending query for parameter 27: SysEx: F0 04 17 3E 1B 00 00 00 00 00 00 00 00 00 00 00 F7
2025-09-26 16:57:04,927 - midi.sysex - DEBUG - SysEx parse: param_id=27, value=0, is_response=True, unit_id=1
2025-09-26 16:57:04,927 - midi.sysex - DEBUG - Received response: param 27 = 0
2025-09-26 16:57:04,927 - midi.connection - DEBUG - Parameter update: 27 = 0
2025-09-26 16:57:04,928 - midi.connection - DEBUG - Query successful: param 27 = 0
2025-09-26 16:57:05,333 - midi.connection - DEBUG - Sending query for parameter 28: SysEx: F0 04 17 3E 1C 00 00 00 00 00 00 00 00 00 00 00 F7
2025-09-26 16:57:07,927 - midi.sysex - DEBUG - SysEx parse: param_id=28, value=1, is_response=True, unit_id=1
2025-09-26 16:57:07,927 - midi.sysex - DEBUG - Received response: param 28 = 1
2025-09-26 16:57:07,927 - midi.connection - DEBUG - Parameter update: 28 = 1
2025-09-26 16:57:07,927 - midi.connection - DEBUG - Query successful: param 28 = 1
2025-09-26 16:57:08,332 - midi.connection - DEBUG - Sending query for parameter 29: SysEx: F0 04 17 3E 1D 00 00 00 00 00 00 00 00 00 00 00 F7
2025-09-26 16:57:08,366 - midi.sysex - DEBUG - SysEx parse: param_id=29, value=0, is_response=True, unit_id=1
2025-09-26 16:57:08,367 - midi.sysex - DEBUG - Received response: param 29 = 0
2025-09-26 16:57:08,368 - midi.connection - DEBUG - Parameter update: 29 = 0
2025-09-26 16:57:08,368 - midi.connection - DEBUG - Query successful: param 29 = 0
2025-09-26 16:57:08,775 - midi.connection - DEBUG - Sending query for parameter 30: SysEx: F0 04 17 3E 1E 00 00 00 00 00 00 00 00 00 00 00 F7
2025-09-26 16:57:08,808 - midi.sysex - DEBUG - SysEx parse: param_id=30, value=0, is_response=True, unit_id=1
2025-09-26 16:57:08,808 - midi.sysex - DEBUG - Received response: param 30 = 0
2025-09-26 16:57:08,808 - midi.connection - DEBUG - Parameter update: 30 = 0
2025-09-26 16:57:08,808 - midi.connection - DEBUG - Query successful: param 30 = 0
2025-09-26 16:57:09,214 - midi.connection - DEBUG - Sending query for parameter 31: SysEx: F0 04 17 3E 1F 00 00 00 00 00 00 00 00 00 00 00 F7
2025-09-26 16:57:09,247 - midi.sysex - DEBUG - SysEx parse: param_id=31, value=0, is_response=True, unit_id=1
2025-09-26 16:57:09,247 - midi.sysex - DEBUG - Received response: param 31 = 0
2025-09-26 16:57:09,247 - midi.connection - DEBUG - Parameter update: 31 = 0
2025-09-26 16:57:09,247 - midi.connection - DEBUG - Query successful: param 31 = 0
2025-09-26 16:57:09,652 - midi.connection - DEBUG - Sending query for parameter 32: SysEx: F0 04 17 3E 20 00 00 00 00 00 00 00 00 00 00 00 F7
2025-09-26 16:57:09,689 - midi.sysex - DEBUG - SysEx parse: param_id=32, value=1, is_response=True, unit_id=1
2025-09-26 16:57:09,689 - midi.sysex - DEBUG - Received response: param 32 = 1
2025-09-26 16:57:09,689 - midi.connection - DEBUG - Parameter update: 32 = 1
2025-09-26 16:57:09,689 - midi.connection - DEBUG - Query successful: param 32 = 1
2025-09-26 16:57:10,093 - midi.connection - DEBUG - Sending query for parameter 35: SysEx: F0 04 17 3E 23 00 00 00 00 00 00 00 00 00 00 00 F7
2025-09-26 16:57:10,127 - midi.sysex - DEBUG - SysEx parse: param_id=35, value=12, is_response=True, unit_id=1
2025-09-26 16:57:10,127 - midi.sysex - DEBUG - Received response: param 35 = 12
2025-09-26 16:57:10,127 - midi.connection - DEBUG - Parameter update: 35 = 12
2025-09-26 16:57:10,127 - midi.connection - DEBUG - Query successful: param 35 = 12
2025-09-26 16:57:10,532 - midi.connection - DEBUG - Sending query for parameter 36: SysEx: F0 04 17 3E 24 00 00 00 00 00 00 00 00 00 00 00 F7
2025-09-26 16:57:10,564 - midi.sysex - DEBUG - SysEx parse: param_id=36, value=12, is_response=True, unit_id=1
2025-09-26 16:57:10,565 - midi.sysex - DEBUG - Received response: param 36 = 12
2025-09-26 16:57:10,565 - midi.connection - DEBUG - Parameter update: 36 = 12
2025-09-26 16:57:10,565 - midi.connection - DEBUG - Query successful: param 36 = 12
2025-09-26 16:57:10,970 - midi.connection - DEBUG - Sending query for parameter 37: SysEx: F0 04 17 3E 25 00 00 00 00 00 00 00 00 00 00 00 F7
2025-09-26 16:57:11,004 - midi.sysex - DEBUG - SysEx parse: param_id=37, value=2, is_response=True, unit_id=1
2025-09-26 16:57:11,005 - midi.sysex - DEBUG - Received response: param 37 = 2
2025-09-26 16:57:11,005 - midi.connection - DEBUG - Parameter update: 37 = 2
2025-09-26 16:57:11,005 - midi.connection - DEBUG - Query successful: param 37 = 2
2025-09-26 16:57:11,410 - midi.connection - DEBUG - Sending query for parameter 38: SysEx: F0 04 17 3E 26 00 00 00 00 00 00 00 00 00 00 00 F7
2025-09-26 16:57:11,443 - midi.sysex - DEBUG - SysEx parse: param_id=38, value=2, is_response=True, unit_id=1
2025-09-26 16:57:11,444 - midi.sysex - DEBUG - Received response: param 38 = 2
2025-09-26 16:57:11,444 - midi.connection - DEBUG - Parameter update: 38 = 2
2025-09-26 16:57:11,444 - midi.connection - DEBUG - Query successful: param 38 = 2
2025-09-26 16:57:11,849 - midi.connection - DEBUG - Sending query for parameter 39: SysEx: F0 04 17 3E 27 00 00 00 00 00 00 00 00 00 00 00 F7
2025-09-26 16:57:11,881 - midi.sysex - DEBUG - SysEx parse: param_id=39, value=1, is_response=True, unit_id=1
2025-09-26 16:57:11,882 - midi.sysex - DEBUG - Received response: param 39 = 1
2025-09-26 16:57:11,882 - midi.connection - DEBUG - Parameter update: 39 = 1
2025-09-26 16:57:11,882 - midi.connection - DEBUG - Query successful: param 39 = 1
2025-09-26 16:57:12,287 - midi.connection - DEBUG - Sending query for parameter 40: SysEx: F0 04 17 3E 28 00 00 00 00 00 00 00 00 00 00 00 F7
2025-09-26 16:57:12,319 - midi.sysex - DEBUG - SysEx parse: param_id=40, value=0, is_response=True, unit_id=1
2025-09-26 16:57:12,319 - midi.sysex - DEBUG - Received response: param 40 = 0
2025-09-26 16:57:12,319 - midi.connection - DEBUG - Parameter update: 40 = 0
2025-09-26 16:57:12,319 - midi.connection - DEBUG - Query successful: param 40 = 0
2025-09-26 16:57:12,724 - midi.connection - DEBUG - Sending query for parameter 41: SysEx: F0 04 17 3E 29 00 00 00 00 00 00 00 00 00 00 00 F7
2025-09-26 16:57:12,759 - midi.sysex - DEBUG - SysEx parse: param_id=41, value=0, is_response=True, unit_id=1
2025-09-26 16:57:12,759 - midi.sysex - DEBUG - Received response: param 41 = 0
2025-09-26 16:57:12,759 - midi.connection - DEBUG - Parameter update: 41 = 0
2025-09-26 16:57:12,759 - midi.connection - DEBUG - Query successful: param 41 = 0
2025-09-26 16:57:13,163 - midi.connection - DEBUG - Sending query for parameter 42: SysEx: F0 04 17 3E 2A 00 00 00 00 00 00 00 00 00 00 00 F7
2025-09-26 16:57:13,197 - midi.sysex - DEBUG - SysEx parse: param_id=42, value=0, is_response=True, unit_id=1
2025-09-26 16:57:13,197 - midi.sysex - DEBUG - Received response: param 42 = 0
2025-09-26 16:57:13,197 - midi.connection - DEBUG - Parameter update: 42 = 0
2025-09-26 16:57:13,197 - midi.connection - DEBUG - Query successful: param 42 = 0
2025-09-26 16:57:13,603 - midi.connection - DEBUG - Sending query for parameter 43: SysEx: F0 04 17 3E 2B 00 00 00 00 00 00 00 00 00 00 00 F7
2025-09-26 16:57:13,635 - midi.sysex - DEBUG - SysEx parse: param_id=43, value=7, is_response=True, unit_id=1
2025-09-26 16:57:13,635 - midi.sysex - DEBUG - Received response: param 43 = 7
2025-09-26 16:57:13,635 - midi.connection - DEBUG - Parameter update: 43 = 7
2025-09-26 16:57:13,635 - midi.connection - DEBUG - Query successful: param 43 = 7
2025-09-26 16:57:14,038 - midi.connection - DEBUG - Sending query for parameter 44: SysEx: F0 04 17 3E 2C 00 00 00 00 00 00 00 00 00 00 00 F7
2025-09-26 16:57:14,071 - midi.sysex - DEBUG - SysEx parse: param_id=44, value=7, is_response=True, unit_id=1
2025-09-26 16:57:14,072 - midi.sysex - DEBUG - Received response: param 44 = 7
2025-09-26 16:57:14,072 - midi.connection - DEBUG - Parameter update: 44 = 7
2025-09-26 16:57:14,072 - midi.connection - DEBUG - Query successful: param 44 = 7
2025-09-26 16:57:14,478 - midi.connection - DEBUG - Sending query for parameter 45: SysEx: F0 04 17 3E 2D 00 00 00 00 00 00 00 00 00 00 00 F7
2025-09-26 16:57:14,509 - midi.sysex - DEBUG - SysEx parse: param_id=45, value=7, is_response=True, unit_id=1
2025-09-26 16:57:14,509 - midi.sysex - DEBUG - Received response: param 45 = 7
2025-09-26 16:57:14,510 - midi.connection - DEBUG - Parameter update: 45 = 7
2025-09-26 16:57:14,510 - midi.connection - DEBUG - Query successful: param 45 = 7
2025-09-26 16:57:14,912 - midi.connection - DEBUG - Sending query for parameter 46: SysEx: F0 04 17 3E 2E 00 00 00 00 00 00 00 00 00 00 00 F7
2025-09-26 16:57:14,945 - midi.sysex - DEBUG - SysEx parse: param_id=46, value=0, is_response=True, unit_id=1
2025-09-26 16:57:14,946 - midi.sysex - DEBUG - Received response: param 46 = 0
2025-09-26 16:57:14,946 - midi.connection - DEBUG - Parameter update: 46 = 0
2025-09-26 16:57:14,946 - midi.connection - DEBUG - Query successful: param 46 = 0
2025-09-26 16:57:15,351 - midi.connection - DEBUG - Sending query for parameter 47: SysEx: F0 04 17 3E 2F 00 00 00 00 00 00 00 00 00 00 00 F7
2025-09-26 16:57:15,384 - midi.sysex - DEBUG - SysEx parse: param_id=47, value=0, is_response=True, unit_id=1
2025-09-26 16:57:15,384 - midi.sysex - DEBUG - Received response: param 47 = 0
2025-09-26 16:57:15,384 - midi.connection - DEBUG - Parameter update: 47 = 0
2025-09-26 16:57:15,384 - midi.connection - DEBUG - Query successful: param 47 = 0
2025-09-26 16:57:15,787 - midi.connection - DEBUG - Sending query for parameter 48: SysEx: F0 04 17 3E 30 00 00 00 00 00 00 00 00 00 00 00 F7
2025-09-26 16:57:15,822 - midi.sysex - DEBUG - SysEx parse: param_id=48, value=0, is_response=True, unit_id=1
2025-09-26 16:57:15,822 - midi.sysex - DEBUG - Received response: param 48 = 0
2025-09-26 16:57:15,822 - midi.connection - DEBUG - Parameter update: 48 = 0
2025-09-26 16:57:15,823 - midi.connection - DEBUG - Query successful: param 48 = 0
2025-09-26 16:57:16,227 - midi.connection - DEBUG - Sending query for parameter 49: SysEx: F0 04 17 3E 31 00 00 00 00 00 00 00 00 00 00 00 F7
2025-09-26 16:57:16,258 - midi.sysex - DEBUG - SysEx parse: param_id=49, value=0, is_response=True, unit_id=1
2025-09-26 16:57:16,259 - midi.sysex - DEBUG - Received response: param 49 = 0
2025-09-26 16:57:16,259 - midi.connection - DEBUG - Parameter update: 49 = 0
2025-09-26 16:57:16,259 - midi.connection - DEBUG - Query successful: param 49 = 0
2025-09-26 16:57:16,665 - midi.connection - DEBUG - Sending query for parameter 50: SysEx: F0 04 17 3E 32 00 00 00 00 00 00 00 00 00 00 00 F7
2025-09-26 16:57:16,697 - midi.sysex - DEBUG - SysEx parse: param_id=50, value=0, is_response=True, unit_id=1
2025-09-26 16:57:16,698 - midi.sysex - DEBUG - Received response: param 50 = 0
2025-09-26 16:57:16,698 - midi.connection - DEBUG - Parameter update: 50 = 0
2025-09-26 16:57:16,698 - midi.connection - DEBUG - Query successful: param 50 = 0
2025-09-26 16:57:17,102 - midi.connection - DEBUG - Sending query for parameter 51: SysEx: F0 04 17 3E 33 00 00 00 00 00 00 00 00 00 00 00 F7
2025-09-26 16:57:17,140 - midi.sysex - DEBUG - SysEx parse: param_id=51, value=0, is_response=True, unit_id=1
2025-09-26 16:57:17,140 - midi.sysex - DEBUG - Received response: param 51 = 0
2025-09-26 16:57:17,140 - midi.connection - DEBUG - Parameter update: 51 = 0
2025-09-26 16:57:17,140 - midi.connection - DEBUG - Query successful: param 51 = 0
2025-09-26 16:57:17,545 - midi.connection - DEBUG - Sending query for parameter 52: SysEx: F0 04 17 3E 34 00 00 00 00 00 00 00 00 00 00 00 F7
2025-09-26 16:57:17,578 - midi.sysex - DEBUG - SysEx parse: param_id=52, value=1, is_response=True, unit_id=1
2025-09-26 16:57:17,579 - midi.sysex - DEBUG - Received response: param 52 = 1
2025-09-26 16:57:17,579 - midi.connection - DEBUG - Parameter update: 52 = 1
2025-09-26 16:57:17,579 - midi.connection - DEBUG - Query successful: param 52 = 1
2025-09-26 16:57:17,984 - midi.connection - DEBUG - Sending query for parameter 53: SysEx: F0 04 17 3E 35 00 00 00 00 00 00 00 00 00 00 00 F7
2025-09-26 16:57:18,016 - midi.sysex - DEBUG - SysEx parse: param_id=53, value=0, is_response=True, unit_id=1
2025-09-26 16:57:18,016 - midi.sysex - DEBUG - Received response: param 53 = 0
2025-09-26 16:57:18,016 - midi.connection - DEBUG - Parameter update: 53 = 0
2025-09-26 16:57:18,016 - midi.connection - DEBUG - Query successful: param 53 = 0
2025-09-26 16:57:18,421 - midi.connection - DEBUG - Sending query for parameter 54: SysEx: F0 04 17 3E 36 00 00 00 00 00 00 00 00 00 00 00 F7
2025-09-26 16:57:18,455 - midi.sysex - DEBUG - SysEx parse: param_id=54, value=0, is_response=True, unit_id=1
2025-09-26 16:57:18,455 - midi.sysex - DEBUG - Received response: param 54 = 0
2025-09-26 16:57:18,455 - midi.connection - DEBUG - Parameter update: 54 = 0
2025-09-26 16:57:18,455 - midi.connection - DEBUG - Query successful: param 54 = 0
2025-09-26 16:57:18,860 - midi.connection - DEBUG - Sending query for parameter 55: SysEx: F0 04 17 3E 37 00 00 00 00 00 00 00 00 00 00 00 F7
2025-09-26 16:57:18,893 - midi.sysex - DEBUG - SysEx parse: param_id=55, value=0, is_response=True, unit_id=1
2025-09-26 16:57:18,893 - midi.sysex - DEBUG - Received response: param 55 = 0
2025-09-26 16:57:18,894 - midi.connection - DEBUG - Parameter update: 55 = 0
2025-09-26 16:57:18,894 - midi.connection - DEBUG - Query successful: param 55 = 0
2025-09-26 16:57:19,299 - midi.connection - DEBUG - Sending query for parameter 56: SysEx: F0 04 17 3E 38 00 00 00 00 00 00 00 00 00 00 00 F7
2025-09-26 16:57:19,329 - midi.sysex - DEBUG - SysEx parse: param_id=56, value=0, is_response=True, unit_id=1
2025-09-26 16:57:19,330 - midi.sysex - DEBUG - Received response: param 56 = 0
2025-09-26 16:57:19,330 - midi.connection - DEBUG - Parameter update: 56 = 0
2025-09-26 16:57:19,330 - midi.connection - DEBUG - Query successful: param 56 = 0
2025-09-26 16:57:19,735 - midi.connection - DEBUG - Sending query for parameter 57: SysEx: F0 04 17 3E 39 00 00 00 00 00 00 00 00 00 00 00 F7
2025-09-26 16:57:19,769 - midi.sysex - DEBUG - SysEx parse: param_id=57, value=1, is_response=True, unit_id=1
2025-09-26 16:57:19,770 - midi.sysex - DEBUG - Received response: param 57 = 1
2025-09-26 16:57:19,770 - midi.connection - DEBUG - Parameter update: 57 = 1
2025-09-26 16:57:19,770 - midi.connection - DEBUG - Query successful: param 57 = 1
2025-09-26 16:57:20,174 - midi.connection - DEBUG - Sending query for parameter 58: SysEx: F0 04 17 3E 3A 00 00 00 00 00 00 00 00 00 00 00 F7
2025-09-26 16:57:20,206 - midi.sysex - DEBUG - SysEx parse: param_id=58, value=0, is_response=True, unit_id=1
2025-09-26 16:57:20,206 - midi.sysex - DEBUG - Received response: param 58 = 0
2025-09-26 16:57:20,207 - midi.connection - DEBUG - Parameter update: 58 = 0
2025-09-26 16:57:20,207 - midi.connection - DEBUG - Query successful: param 58 = 0
2025-09-26 16:57:20,612 - midi.connection - DEBUG - Sending query for parameter 59: SysEx: F0 04 17 3E 3B 00 00 00 00 00 00 00 00 00 00 00 F7
2025-09-26 16:57:20,647 - midi.sysex - DEBUG - SysEx parse: param_id=59, value=0, is_response=True, unit_id=1
2025-09-26 16:57:20,647 - midi.sysex - DEBUG - Received response: param 59 = 0
2025-09-26 16:57:20,647 - midi.connection - DEBUG - Parameter update: 59 = 0
2025-09-26 16:57:20,647 - midi.connection - DEBUG - Query successful: param 59 = 0
2025-09-26 16:57:21,049 - midi.connection - DEBUG - Sending query for parameter 60: SysEx: F0 04 17 3E 3C 00 00 00 00 00 00 00 00 00 00 00 F7
2025-09-26 16:57:21,080 - midi.sysex - DEBUG - SysEx parse: param_id=60, value=0, is_response=True, unit_id=1
2025-09-26 16:57:21,080 - midi.sysex - DEBUG - Received response: param 60 = 0
2025-09-26 16:57:21,080 - midi.connection - DEBUG - Parameter update: 60 = 0
2025-09-26 16:57:21,080 - midi.connection - DEBUG - Query successful: param 60 = 0
2025-09-26 16:57:21,485 - midi.connection - DEBUG - Sending query for parameter 61: SysEx: F0 04 17 3E 3D 00 00 00 00 00 00 00 00 00 00 00 F7
2025-09-26 16:57:21,519 - midi.sysex - DEBUG - SysEx parse: param_id=61, value=0, is_response=True, unit_id=1
2025-09-26 16:57:21,520 - midi.sysex - DEBUG - Received response: param 61 = 0
2025-09-26 16:57:21,520 - midi.connection - DEBUG - Parameter update: 61 = 0
2025-09-26 16:57:21,520 - midi.connection - DEBUG - Query successful: param 61 = 0
2025-09-26 16:57:21,925 - midi.connection - DEBUG - Sending query for parameter 62: SysEx: F0 04 17 3E 3E 00 00 00 00 00 00 00 00 00 00 00 F7
2025-09-26 16:57:21,957 - midi.sysex - DEBUG - SysEx parse: param_id=62, value=0, is_response=True, unit_id=1
2025-09-26 16:57:21,957 - midi.sysex - DEBUG - Received response: param 62 = 0
2025-09-26 16:57:21,957 - midi.connection - DEBUG - Parameter update: 62 = 0
2025-09-26 16:57:21,957 - midi.connection - DEBUG - Query successful: param 62 = 0
2025-09-26 16:57:22,362 - midi.connection - DEBUG - Sending query for parameter 63: SysEx: F0 04 17 3E 3F 00 00 00 00 00 00 00 00 00 00 00 F7
2025-09-26 16:57:22,393 - midi.sysex - DEBUG - SysEx parse: param_id=63, value=0, is_response=True, unit_id=1
2025-09-26 16:57:22,393 - midi.sysex - DEBUG - Received response: param 63 = 0
2025-09-26 16:57:22,393 - midi.connection - DEBUG - Parameter update: 63 = 0
2025-09-26 16:57:22,394 - midi.connection - DEBUG - Query successful: param 63 = 0
2025-09-26 16:57:22,797 - midi.connection - DEBUG - Sending query for parameter 64: SysEx: F0 04 17 3E 40 00 00 00 00 00 00 00 00 00 00 00 F7
2025-09-26 16:57:22,831 - midi.sysex - DEBUG - SysEx parse: param_id=64, value=0, is_response=True, unit_id=1
2025-09-26 16:57:22,831 - midi.sysex - DEBUG - Received response: param 64 = 0
2025-09-26 16:57:22,831 - midi.connection - DEBUG - Parameter update: 64 = 0
2025-09-26 16:57:22,832 - midi.connection - DEBUG - Query successful: param 64 = 0
2025-09-26 16:57:23,236 - midi.connection - DEBUG - Sending query for parameter 65: SysEx: F0 04 17 3E 41 00 00 00 00 00 00 00 00 00 00 00 F7
2025-09-26 16:57:23,270 - midi.sysex - DEBUG - SysEx parse: param_id=65, value=0, is_response=True, unit_id=1
2025-09-26 16:57:23,270 - midi.sysex - DEBUG - Received response: param 65 = 0
2025-09-26 16:57:23,270 - midi.connection - DEBUG - Parameter update: 65 = 0
2025-09-26 16:57:23,271 - midi.connection - DEBUG - Query successful: param 65 = 0
2025-09-26 16:57:23,676 - midi.connection - DEBUG - Sending query for parameter 66: SysEx: F0 04 17 3E 42 00 00 00 00 00 00 00 00 00 00 00 F7
2025-09-26 16:57:23,706 - midi.sysex - DEBUG - SysEx parse: param_id=66, value=1, is_response=True, unit_id=1
2025-09-26 16:57:23,706 - midi.sysex - DEBUG - Received response: param 66 = 1
2025-09-26 16:57:23,706 - midi.connection - DEBUG - Parameter update: 66 = 1
2025-09-26 16:57:23,706 - midi.connection - DEBUG - Query successful: param 66 = 1
2025-09-26 16:57:24,111 - midi.connection - DEBUG - Sending query for parameter 67: SysEx: F0 04 17 3E 43 00 00 00 00 00 00 00 00 00 00 00 F7
2025-09-26 16:57:24,142 - midi.sysex - DEBUG - SysEx parse: param_id=67, value=2, is_response=True, unit_id=1
2025-09-26 16:57:24,142 - midi.sysex - DEBUG - Received response: param 67 = 2
2025-09-26 16:57:24,143 - midi.connection - DEBUG - Parameter update: 67 = 2
2025-09-26 16:57:24,143 - midi.connection - DEBUG - Query successful: param 67 = 2
2025-09-26 16:57:24,547 - midi.connection - DEBUG - Sending query for parameter 68: SysEx: F0 04 17 3E 44 00 00 00 00 00 00 00 00 00 00 00 F7
2025-09-26 16:57:24,583 - midi.sysex - DEBUG - SysEx parse: param_id=68, value=0, is_response=True, unit_id=1
2025-09-26 16:57:24,583 - midi.sysex - DEBUG - Received response: param 68 = 0
2025-09-26 16:57:24,583 - midi.connection - DEBUG - Parameter update: 68 = 0
2025-09-26 16:57:24,584 - midi.connection - DEBUG - Query successful: param 68 = 0
2025-09-26 16:57:24,989 - midi.connection - DEBUG - Sending query for parameter 69: SysEx: F0 04 17 3E 45 00 00 00 00 00 00 00 00 00 00 00 F7
2025-09-26 16:57:25,022 - midi.sysex - DEBUG - SysEx parse: param_id=69, value=0, is_response=True, unit_id=1
2025-09-26 16:57:25,022 - midi.sysex - DEBUG - Received response: param 69 = 0
2025-09-26 16:57:25,022 - midi.connection - DEBUG - Parameter update: 69 = 0
2025-09-26 16:57:25,022 - midi.connection - DEBUG - Query successful: param 69 = 0
2025-09-26 16:57:25,427 - midi.connection - DEBUG - Sending query for parameter 70: SysEx: F0 04 17 3E 46 00 00 00 00 00 00 00 00 00 00 00 F7
2025-09-26 16:57:25,461 - midi.sysex - DEBUG - SysEx parse: param_id=70, value=0, is_response=True, unit_id=1
2025-09-26 16:57:25,461 - midi.sysex - DEBUG - Received response: param 70 = 0
2025-09-26 16:57:25,461 - midi.connection - DEBUG - Parameter update: 70 = 0
2025-09-26 16:57:25,461 - midi.connection - DEBUG - Query successful: param 70 = 0
2025-09-26 16:57:25,866 - midi.connection - DEBUG - Sending query for parameter 71: SysEx: F0 04 17 3E 47 00 00 00 00 00 00 00 00 00 00 00 F7
2025-09-26 16:57:25,900 - midi.sysex - DEBUG - SysEx parse: param_id=71, value=0, is_response=True, unit_id=1
2025-09-26 16:57:25,900 - midi.sysex - DEBUG - Received response: param 71 = 0
2025-09-26 16:57:25,901 - midi.connection - DEBUG - Parameter update: 71 = 0
2025-09-26 16:57:25,901 - midi.connection - DEBUG - Query successful: param 71 = 0
2025-09-26 16:57:26,306 - midi.connection - DEBUG - Sending query for parameter 72: SysEx: F0 04 17 3E 48 00 00 00 00 00 00 00 00 00 00 00 F7
2025-09-26 16:57:26,336 - midi.sysex - DEBUG - SysEx parse: param_id=72, value=1, is_response=True, unit_id=1
2025-09-26 16:57:26,336 - midi.sysex - DEBUG - Received response: param 72 = 1
2025-09-26 16:57:26,336 - midi.connection - DEBUG - Parameter update: 72 = 1
2025-09-26 16:57:26,336 - midi.connection - DEBUG - Query successful: param 72 = 1
2025-09-26 16:57:26,742 - midi.connection - DEBUG - Sending query for parameter 73: SysEx: F0 04 17 3E 49 00 00 00 00 00 00 00 00 00 00 00 F7
2025-09-26 16:57:26,777 - midi.sysex - DEBUG - SysEx parse: param_id=73, value=0, is_response=True, unit_id=1
2025-09-26 16:57:26,777 - midi.sysex - DEBUG - Received response: param 73 = 0
2025-09-26 16:57:26,777 - midi.connection - DEBUG - Parameter update: 73 = 0
2025-09-26 16:57:26,778 - midi.connection - DEBUG - Query successful: param 73 = 0
2025-09-26 16:57:27,183 - midi.connection - DEBUG - Sending query for parameter 74: SysEx: F0 04 17 3E 4A 00 00 00 00 00 00 00 00 00 00 00 F7
2025-09-26 16:57:27,217 - midi.sysex - DEBUG - SysEx parse: param_id=74, value=0, is_response=True, unit_id=1
2025-09-26 16:57:27,218 - midi.sysex - DEBUG - Received response: param 74 = 0
2025-09-26 16:57:27,219 - midi.connection - DEBUG - Parameter update: 74 = 0
2025-09-26 16:57:27,219 - midi.connection - DEBUG - Query successful: param 74 = 0
2025-09-26 16:57:27,625 - midi.connection - DEBUG - Sending query for parameter 75: SysEx: F0 04 17 3E 4B 00 00 00 00 00 00 00 00 00 00 00 F7
2025-09-26 16:57:30,630 - midi.connection - WARNING - Timeout querying parameter 75
2025-09-26 16:57:30,630 - midi.connection - WARNING - Query attempt 1 failed for parameter 75
2025-09-26 16:57:31,036 - midi.connection - DEBUG - Sending query for parameter 75: SysEx: F0 04 17 3E 4B 00 00 00 00 00 00 00 00 00 00 00 F7
2025-09-26 16:57:34,041 - midi.connection - WARNING - Timeout querying parameter 75
2025-09-26 16:57:34,041 - midi.connection - WARNING - Query attempt 2 failed for parameter 75
2025-09-26 16:57:34,446 - midi.connection - DEBUG - Sending query for parameter 75: SysEx: F0 04 17 3E 4B 00 00 00 00 00 00 00 00 00 00 00 F7
2025-09-26 16:57:37,451 - midi.connection - WARNING - Timeout querying parameter 75
2025-09-26 16:57:37,451 - midi.connection - WARNING - Query attempt 3 failed for parameter 75
2025-09-26 16:57:37,451 - midi.connection - ERROR - Failed to query parameter 75 after 3 attempts
2025-09-26 16:57:37,455 - ui.main_window - DEBUG - Parameter 0 updated to 0
2025-09-26 16:57:37,455 - ui.main_window - DEBUG - Parameter 1 updated to 0
2025-09-26 16:57:37,456 - ui.main_window - DEBUG - Parameter 2 updated to 0
2025-09-26 16:57:37,457 - ui.main_window - DEBUG - Parameter 3 updated to 2
2025-09-26 16:57:37,457 - ui.main_window - DEBUG - Parameter 4 updated to 0
2025-09-26 16:57:37,457 - ui.main_window - DEBUG - Parameter 5 updated to 1
2025-09-26 16:57:37,458 - ui.main_window - DEBUG - Parameter 6 updated to 3
2025-09-26 16:57:37,458 - ui.main_window - DEBUG - Parameter 7 updated to 3
2025-09-26 16:57:37,459 - ui.main_window - DEBUG - Parameter 8 updated to 0
2025-09-26 16:57:37,460 - ui.main_window - DEBUG - Parameter 9 updated to 2
2025-09-26 16:57:37,460 - ui.main_window - DEBUG - Parameter 10 updated to 0
2025-09-26 16:57:37,461 - ui.main_window - DEBUG - Parameter 11 updated to 0
2025-09-26 16:57:37,461 - ui.main_window - DEBUG - Parameter 12 updated to 0
2025-09-26 16:57:37,461 - ui.main_window - DEBUG - Parameter 13 updated to 1
2025-09-26 16:57:37,461 - ui.main_window - DEBUG - Parameter 14 updated to 1
2025-09-26 16:57:37,462 - ui.main_window - DEBUG - Parameter 15 updated to 0
2025-09-26 16:57:37,462 - ui.main_window - DEBUG - Parameter 16 updated to 1
2025-09-26 16:57:37,462 - ui.main_window - DEBUG - Parameter 17 updated to 0
2025-09-26 16:57:37,462 - ui.main_window - DEBUG - Parameter 18 updated to 0
2025-09-26 16:57:37,462 - ui.main_window - DEBUG - Parameter 19 updated to 1
2025-09-26 16:57:37,463 - ui.main_window - DEBUG - Parameter 20 updated to 1
2025-09-26 16:57:37,463 - ui.main_window - DEBUG - Parameter 21 updated to 1
2025-09-26 16:57:37,463 - ui.main_window - DEBUG - Parameter 22 updated to 1
2025-09-26 16:57:37,464 - ui.main_window - DEBUG - Parameter 23 updated to 8192
2025-09-26 16:57:37,464 - ui.main_window - DEBUG - Parameter 24 updated to 1
2025-09-26 16:57:37,464 - ui.main_window - DEBUG - Parameter 25 updated to 0
2025-09-26 16:57:37,464 - ui.main_window - DEBUG - Parameter 26 updated to 1
2025-09-26 16:57:37,464 - ui.main_window - DEBUG - Parameter 27 updated to 0
2025-09-26 16:57:37,465 - ui.main_window - DEBUG - Parameter 28 updated to 1
2025-09-26 16:57:37,465 - ui.main_window - DEBUG - Parameter 29 updated to 0
2025-09-26 16:57:37,465 - ui.main_window - DEBUG - Parameter 30 updated to 0
2025-09-26 16:57:37,466 - ui.main_window - DEBUG - Parameter 31 updated to 0
2025-09-26 16:57:37,466 - ui.main_window - DEBUG - Parameter 32 updated to 1
2025-09-26 16:57:37,467 - ui.main_window - DEBUG - Parameter 35 updated to 12
2025-09-26 16:57:37,468 - ui.main_window - DEBUG - Parameter 36 updated to 12
2025-09-26 16:57:37,468 - ui.main_window - DEBUG - Parameter 37 updated to 2
2025-09-26 16:57:37,468 - ui.main_window - DEBUG - Parameter 38 updated to 2
2025-09-26 16:57:37,468 - ui.main_window - DEBUG - Parameter 39 updated to 1
2025-09-26 16:57:37,469 - ui.main_window - DEBUG - Parameter 40 updated to 0
2025-09-26 16:57:37,469 - ui.main_window - DEBUG - Parameter 41 updated to 0
2025-09-26 16:57:37,469 - ui.main_window - DEBUG - Parameter 42 updated to 0
2025-09-26 16:57:37,470 - ui.main_window - DEBUG - Parameter 43 updated to 7
2025-09-26 16:57:37,470 - ui.main_window - DEBUG - Parameter 44 updated to 7
2025-09-26 16:57:37,470 - ui.main_window - DEBUG - Parameter 45 updated to 7
2025-09-26 16:57:37,470 - ui.main_window - DEBUG - Parameter 46 updated to 0
2025-09-26 16:57:37,470 - ui.main_window - DEBUG - Parameter 47 updated to 0
2025-09-26 16:57:37,470 - ui.main_window - DEBUG - Parameter 48 updated to 0
2025-09-26 16:57:37,471 - ui.main_window - DEBUG - Parameter 49 updated to 0
2025-09-26 16:57:37,471 - ui.main_window - DEBUG - Parameter 50 updated to 0
2025-09-26 16:57:37,471 - ui.main_window - DEBUG - Parameter 51 updated to 0
2025-09-26 16:57:37,471 - ui.main_window - DEBUG - Parameter 52 updated to 1
2025-09-26 16:57:37,471 - ui.main_window - DEBUG - Parameter 53 updated to 0
2025-09-26 16:57:37,471 - ui.main_window - DEBUG - Parameter 54 updated to 0
2025-09-26 16:57:37,472 - ui.main_window - DEBUG - Parameter 55 updated to 0
2025-09-26 16:57:37,472 - ui.main_window - DEBUG - Parameter 56 updated to 0
2025-09-26 16:57:37,472 - ui.main_window - DEBUG - Parameter 57 updated to 1
2025-09-26 16:57:37,472 - ui.main_window - DEBUG - Parameter 58 updated to 0
2025-09-26 16:57:37,472 - ui.main_window - DEBUG - Parameter 59 updated to 0
2025-09-26 16:57:37,473 - ui.main_window - DEBUG - Parameter 60 updated to 0
2025-09-26 16:57:37,473 - ui.main_window - DEBUG - Parameter 61 updated to 0
2025-09-26 16:57:37,473 - ui.main_window - DEBUG - Parameter 62 updated to 0
2025-09-26 16:57:37,473 - ui.main_window - DEBUG - Parameter 63 updated to 0
2025-09-26 16:57:37,474 - ui.main_window - DEBUG - Parameter 64 updated to 0
2025-09-26 16:57:37,474 - ui.main_window - DEBUG - Parameter 65 updated to 0
2025-09-26 16:57:37,475 - ui.main_window - DEBUG - Parameter 66 updated to 1
2025-09-26 16:57:37,475 - ui.main_window - DEBUG - Parameter 67 updated to 2
2025-09-26 16:57:37,475 - ui.main_window - DEBUG - Parameter 68 updated to 0
2025-09-26 16:57:37,475 - ui.main_window - DEBUG - Parameter 69 updated to 0
2025-09-26 16:57:37,476 - ui.main_window - DEBUG - Parameter 70 updated to 0
2025-09-26 16:57:37,476 - ui.main_window - DEBUG - Parameter 71 updated to 0
2025-09-26 16:57:37,476 - ui.main_window - DEBUG - Parameter 72 updated to 1
2025-09-26 16:57:37,476 - ui.main_window - DEBUG - Parameter 73 updated to 0
2025-09-26 16:57:37,476 - ui.main_window - DEBUG - Parameter 74 updated to 0
2025-09-26 16:58:17,368 - ui.main_window - DEBUG - Sent parameter 23 = 12872
2025-09-26 17:08:54,900 - midi.connection - DEBUG - MIDI listen thread stopped
2025-09-26 17:08:54,906 - midi.connection - INFO - Disconnected from MIDI ports
2025-09-26 17:09:01,072 - __main__ - INFO - Starting Matriarch Controller...
2025-09-26 17:09:01,218 - __main__ - INFO - MIDI system OK: 23 inputs, 23 outputs
2025-09-26 17:09:01,494 - ui.main_window - INFO - Attempting auto-reconnect to mioXL MATRIARCH ↔ mioXL MATRIARCH
2025-09-26 17:09:01,499 - midi.connection - DEBUG - MIDI listen thread started
2025-09-26 17:09:01,499 - midi.connection - INFO - Connected to MIDI ports: mioXL MATRIARCH -> mioXL MATRIARCH
2025-09-26 17:09:01,502 - __main__ - INFO - Main window created and shown
2025-09-26 17:09:02,509 - midi.connection - DEBUG - Sending query for parameter 0: SysEx: F0 04 17 3E 00 00 00 00 00 00 00 00 00 00 00 00 F7
2025-09-26 17:09:02,546 - midi.sysex - DEBUG - SysEx parse: param_id=0, value=0, is_response=True, unit_id=1
2025-09-26 17:09:02,546 - midi.sysex - DEBUG - Received response: param 0 = 0
2025-09-26 17:09:02,546 - midi.connection - DEBUG - Parameter update: 0 = 0
2025-09-26 17:09:02,546 - midi.connection - DEBUG - Query successful: param 0 = 0
2025-09-26 17:09:02,951 - midi.connection - DEBUG - Sending query for parameter 1: SysEx: F0 04 17 3E 01 00 00 00 00 00 00 00 00 00 00 00 F7
2025-09-26 17:09:02,983 - midi.sysex - DEBUG - SysEx parse: param_id=1, value=0, is_response=True, unit_id=1
2025-09-26 17:09:02,983 - midi.sysex - DEBUG - Received response: param 1 = 0
2025-09-26 17:09:02,983 - midi.connection - DEBUG - Parameter update: 1 = 0
2025-09-26 17:09:02,983 - midi.connection - DEBUG - Query successful: param 1 = 0
2025-09-26 17:09:03,388 - midi.connection - DEBUG - Sending query for parameter 2: SysEx: F0 04 17 3E 02 00 00 00 00 00 00 00 00 00 00 00 F7
2025-09-26 17:09:03,421 - midi.sysex - DEBUG - SysEx parse: param_id=2, value=0, is_response=True, unit_id=1
2025-09-26 17:09:03,421 - midi.sysex - DEBUG - Received response: param 2 = 0
2025-09-26 17:09:03,421 - midi.connection - DEBUG - Parameter update: 2 = 0
2025-09-26 17:09:03,422 - midi.connection - DEBUG - Query successful: param 2 = 0
2025-09-26 17:09:03,827 - midi.connection - DEBUG - Sending query for parameter 3: SysEx: F0 04 17 3E 03 00 00 00 00 00 00 00 00 00 00 00 F7
2025-09-26 17:09:03,859 - midi.sysex - DEBUG - SysEx parse: param_id=3, value=2, is_response=True, unit_id=1
2025-09-26 17:09:03,859 - midi.sysex - DEBUG - Received response: param 3 = 2
2025-09-26 17:09:03,859 - midi.connection - DEBUG - Parameter update: 3 = 2
2025-09-26 17:09:03,859 - midi.connection - DEBUG - Query successful: param 3 = 2
2025-09-26 17:09:04,264 - midi.connection - DEBUG - Sending query for parameter 4: SysEx: F0 04 17 3E 04 00 00 00 00 00 00 00 00 00 00 00 F7
2025-09-26 17:09:04,301 - midi.sysex - DEBUG - SysEx parse: param_id=4, value=0, is_response=True, unit_id=1
2025-09-26 17:09:04,302 - midi.sysex - DEBUG - Received response: param 4 = 0
2025-09-26 17:09:04,302 - midi.connection - DEBUG - Parameter update: 4 = 0
2025-09-26 17:09:04,302 - midi.connection - DEBUG - Query successful: param 4 = 0
2025-09-26 17:09:04,708 - midi.connection - DEBUG - Sending query for parameter 5: SysEx: F0 04 17 3E 05 00 00 00 00 00 00 00 00 00 00 00 F7
2025-09-26 17:09:04,743 - midi.sysex - DEBUG - SysEx parse: param_id=5, value=1, is_response=True, unit_id=1
2025-09-26 17:09:04,743 - midi.sysex - DEBUG - Received response: param 5 = 1
2025-09-26 17:09:04,743 - midi.connection - DEBUG - Parameter update: 5 = 1
2025-09-26 17:09:04,743 - midi.connection - DEBUG - Query successful: param 5 = 1
2025-09-26 17:09:05,149 - midi.connection - DEBUG - Sending query for parameter 6: SysEx: F0 04 17 3E 06 00 00 00 00 00 00 00 00 00 00 00 F7
2025-09-26 17:09:05,179 - midi.sysex - DEBUG - SysEx parse: param_id=6, value=3, is_response=True, unit_id=1
2025-09-26 17:09:05,179 - midi.sysex - DEBUG - Received response: param 6 = 3
2025-09-26 17:09:05,179 - midi.connection - DEBUG - Parameter update: 6 = 3
2025-09-26 17:09:05,179 - midi.connection - DEBUG - Query successful: param 6 = 3
2025-09-26 17:09:05,584 - midi.connection - DEBUG - Sending query for parameter 7: SysEx: F0 04 17 3E 07 00 00 00 00 00 00 00 00 00 00 00 F7
2025-09-26 17:09:05,619 - midi.sysex - DEBUG - SysEx parse: param_id=7, value=3, is_response=True, unit_id=1
2025-09-26 17:09:05,619 - midi.sysex - DEBUG - Received response: param 7 = 3
2025-09-26 17:09:05,619 - midi.connection - DEBUG - Parameter update: 7 = 3
2025-09-26 17:09:05,619 - midi.connection - DEBUG - Query successful: param 7 = 3
2025-09-26 17:09:06,024 - midi.connection - DEBUG - Sending query for parameter 8: SysEx: F0 04 17 3E 08 00 00 00 00 00 00 00 00 00 00 00 F7
2025-09-26 17:09:06,056 - midi.sysex - DEBUG - SysEx parse: param_id=8, value=0, is_response=True, unit_id=1
2025-09-26 17:09:06,057 - midi.sysex - DEBUG - Received response: param 8 = 0
2025-09-26 17:09:06,057 - midi.connection - DEBUG - Parameter update: 8 = 0
2025-09-26 17:09:06,057 - midi.connection - DEBUG - Query successful: param 8 = 0
2025-09-26 17:09:06,463 - midi.connection - DEBUG - Sending query for parameter 9: SysEx: F0 04 17 3E 09 00 00 00 00 00 00 00 00 00 00 00 F7
2025-09-26 17:09:06,497 - midi.sysex - DEBUG - SysEx parse: param_id=9, value=2, is_response=True, unit_id=1
2025-09-26 17:09:06,497 - midi.sysex - DEBUG - Received response: param 9 = 2
2025-09-26 17:09:06,498 - midi.connection - DEBUG - Parameter update: 9 = 2
2025-09-26 17:09:06,498 - midi.connection - DEBUG - Query successful: param 9 = 2
2025-09-26 17:09:06,903 - midi.connection - DEBUG - Sending query for parameter 10: SysEx: F0 04 17 3E 0A 00 00 00 00 00 00 00 00 00 00 00 F7
2025-09-26 17:09:06,939 - midi.sysex - DEBUG - SysEx parse: param_id=10, value=0, is_response=True, unit_id=1
2025-09-26 17:09:06,939 - midi.sysex - DEBUG - Received response: param 10 = 0
2025-09-26 17:09:06,940 - midi.connection - DEBUG - Parameter update: 10 = 0
2025-09-26 17:09:06,940 - midi.connection - DEBUG - Query successful: param 10 = 0
2025-09-26 17:09:07,345 - midi.connection - DEBUG - Sending query for parameter 11: SysEx: F0 04 17 3E 0B 00 00 00 00 00 00 00 00 00 00 00 F7
2025-09-26 17:09:07,379 - midi.sysex - DEBUG - SysEx parse: param_id=11, value=0, is_response=True, unit_id=1
2025-09-26 17:09:07,380 - midi.sysex - DEBUG - Received response: param 11 = 0
2025-09-26 17:09:07,380 - midi.connection - DEBUG - Parameter update: 11 = 0
2025-09-26 17:09:07,380 - midi.connection - DEBUG - Query successful: param 11 = 0
2025-09-26 17:09:07,785 - midi.connection - DEBUG - Sending query for parameter 12: SysEx: F0 04 17 3E 0C 00 00 00 00 00 00 00 00 00 00 00 F7
2025-09-26 17:09:07,822 - midi.sysex - DEBUG - SysEx parse: param_id=12, value=0, is_response=True, unit_id=1
2025-09-26 17:09:07,822 - midi.sysex - DEBUG - Received response: param 12 = 0
2025-09-26 17:09:07,822 - midi.connection - DEBUG - Parameter update: 12 = 0
2025-09-26 17:09:07,823 - midi.connection - DEBUG - Query successful: param 12 = 0
2025-09-26 17:09:08,224 - midi.connection - DEBUG - Sending query for parameter 13: SysEx: F0 04 17 3E 0D 00 00 00 00 00 00 00 00 00 00 00 F7
2025-09-26 17:09:08,256 - midi.sysex - DEBUG - SysEx parse: param_id=13, value=1, is_response=True, unit_id=1
2025-09-26 17:09:08,256 - midi.sysex - DEBUG - Received response: param 13 = 1
2025-09-26 17:09:08,256 - midi.connection - DEBUG - Parameter update: 13 = 1
2025-09-26 17:09:08,256 - midi.connection - DEBUG - Query successful: param 13 = 1
2025-09-26 17:09:08,661 - midi.connection - DEBUG - Sending query for parameter 14: SysEx: F0 04 17 3E 0E 00 00 00 00 00 00 00 00 00 00 00 F7
2025-09-26 17:09:08,694 - midi.sysex - DEBUG - SysEx parse: param_id=14, value=1, is_response=True, unit_id=1
2025-09-26 17:09:08,695 - midi.sysex - DEBUG - Received response: param 14 = 1
2025-09-26 17:09:08,695 - midi.connection - DEBUG - Parameter update: 14 = 1
2025-09-26 17:09:08,695 - midi.connection - DEBUG - Query successful: param 14 = 1
2025-09-26 17:09:09,096 - midi.connection - DEBUG - Sending query for parameter 15: SysEx: F0 04 17 3E 0F 00 00 00 00 00 00 00 00 00 00 00 F7
2025-09-26 17:09:09,131 - midi.sysex - DEBUG - SysEx parse: param_id=15, value=0, is_response=True, unit_id=1
2025-09-26 17:09:09,131 - midi.sysex - DEBUG - Received response: param 15 = 0
2025-09-26 17:09:09,131 - midi.connection - DEBUG - Parameter update: 15 = 0
2025-09-26 17:09:09,131 - midi.connection - DEBUG - Query successful: param 15 = 0
2025-09-26 17:09:09,539 - midi.connection - DEBUG - Sending query for parameter 16: SysEx: F0 04 17 3E 10 00 00 00 00 00 00 00 00 00 00 00 F7
2025-09-26 17:09:09,572 - midi.sysex - DEBUG - SysEx parse: param_id=16, value=1, is_response=True, unit_id=1
2025-09-26 17:09:09,573 - midi.sysex - DEBUG - Received response: param 16 = 1
2025-09-26 17:09:09,573 - midi.connection - DEBUG - Parameter update: 16 = 1
2025-09-26 17:09:09,573 - midi.connection - DEBUG - Query successful: param 16 = 1
2025-09-26 17:09:09,978 - midi.connection - DEBUG - Sending query for parameter 17: SysEx: F0 04 17 3E 11 00 00 00 00 00 00 00 00 00 00 00 F7
2025-09-26 17:09:10,010 - midi.sysex - DEBUG - SysEx parse: param_id=17, value=0, is_response=True, unit_id=1
2025-09-26 17:09:10,010 - midi.sysex - DEBUG - Received response: param 17 = 0
2025-09-26 17:09:10,010 - midi.connection - DEBUG - Parameter update: 17 = 0
2025-09-26 17:09:10,010 - midi.connection - DEBUG - Query successful: param 17 = 0
2025-09-26 17:09:10,416 - midi.connection - DEBUG - Sending query for parameter 18: SysEx: F0 04 17 3E 12 00 00 00 00 00 00 00 00 00 00 00 F7
2025-09-26 17:09:10,449 - midi.sysex - DEBUG - SysEx parse: param_id=18, value=0, is_response=True, unit_id=1
2025-09-26 17:09:10,449 - midi.sysex - DEBUG - Received response: param 18 = 0
2025-09-26 17:09:10,449 - midi.connection - DEBUG - Parameter update: 18 = 0
2025-09-26 17:09:10,449 - midi.connection - DEBUG - Query successful: param 18 = 0
2025-09-26 17:09:10,854 - midi.connection - DEBUG - Sending query for parameter 19: SysEx: F0 04 17 3E 13 00 00 00 00 00 00 00 00 00 00 00 F7
2025-09-26 17:09:10,889 - midi.sysex - DEBUG - SysEx parse: param_id=19, value=1, is_response=True, unit_id=1
2025-09-26 17:09:10,890 - midi.sysex - DEBUG - Received response: param 19 = 1
2025-09-26 17:09:10,890 - midi.connection - DEBUG - Parameter update: 19 = 1
2025-09-26 17:09:10,890 - midi.connection - DEBUG - Query successful: param 19 = 1
2025-09-26 17:09:11,293 - midi.connection - DEBUG - Sending query for parameter 20: SysEx: F0 04 17 3E 14 00 00 00 00 00 00 00 00 00 00 00 F7
2025-09-26 17:09:11,330 - midi.sysex - DEBUG - SysEx parse: param_id=20, value=1, is_response=True, unit_id=1
2025-09-26 17:09:11,330 - midi.sysex - DEBUG - Received response: param 20 = 1
2025-09-26 17:09:11,330 - midi.connection - DEBUG - Parameter update: 20 = 1
2025-09-26 17:09:11,330 - midi.connection - DEBUG - Query successful: param 20 = 1
2025-09-26 17:09:11,735 - midi.connection - DEBUG - Sending query for parameter 21: SysEx: F0 04 17 3E 15 00 00 00 00 00 00 00 00 00 00 00 F7
2025-09-26 17:09:11,770 - midi.sysex - DEBUG - SysEx parse: param_id=21, value=1, is_response=True, unit_id=1
2025-09-26 17:09:11,770 - midi.sysex - DEBUG - Received response: param 21 = 1
2025-09-26 17:09:11,770 - midi.connection - DEBUG - Parameter update: 21 = 1
2025-09-26 17:09:11,770 - midi.connection - DEBUG - Query successful: param 21 = 1
2025-09-26 17:09:12,175 - midi.connection - DEBUG - Sending query for parameter 22: SysEx: F0 04 17 3E 16 00 00 00 00 00 00 00 00 00 00 00 F7
2025-09-26 17:09:12,207 - midi.sysex - DEBUG - SysEx parse: param_id=22, value=1, is_response=True, unit_id=1
2025-09-26 17:09:12,208 - midi.sysex - DEBUG - Received response: param 22 = 1
2025-09-26 17:09:12,208 - midi.connection - DEBUG - Parameter update: 22 = 1
2025-09-26 17:09:12,208 - midi.connection - DEBUG - Query successful: param 22 = 1
2025-09-26 17:09:12,613 - midi.connection - DEBUG - Sending query for parameter 23: SysEx: F0 04 17 3E 17 00 00 00 00 00 00 00 00 00 00 00 F7
2025-09-26 17:09:12,644 - midi.sysex - DEBUG - SysEx parse: param_id=23, value=12872, is_response=True, unit_id=1
2025-09-26 17:09:12,644 - midi.sysex - DEBUG - Received response: param 23 = 12872
2025-09-26 17:09:12,644 - midi.connection - DEBUG - Parameter update: 23 = 12872
2025-09-26 17:09:12,644 - midi.connection - DEBUG - Query successful: param 23 = 12872
2025-09-26 17:09:13,049 - midi.connection - DEBUG - Sending query for parameter 24: SysEx: F0 04 17 3E 18 00 00 00 00 00 00 00 00 00 00 00 F7
2025-09-26 17:09:13,083 - midi.sysex - DEBUG - SysEx parse: param_id=24, value=1, is_response=True, unit_id=1
2025-09-26 17:09:13,083 - midi.sysex - DEBUG - Received response: param 24 = 1
2025-09-26 17:09:13,083 - midi.connection - DEBUG - Parameter update: 24 = 1
2025-09-26 17:09:13,083 - midi.connection - DEBUG - Query successful: param 24 = 1
2025-09-26 17:09:13,489 - midi.connection - DEBUG - Sending query for parameter 25: SysEx: F0 04 17 3E 19 00 00 00 00 00 00 00 00 00 00 00 F7
2025-09-26 17:09:13,522 - midi.sysex - DEBUG - SysEx parse: param_id=25, value=0, is_response=True, unit_id=1
2025-09-26 17:09:13,522 - midi.sysex - DEBUG - Received response: param 25 = 0
2025-09-26 17:09:13,522 - midi.connection - DEBUG - Parameter update: 25 = 0
2025-09-26 17:09:13,522 - midi.connection - DEBUG - Query successful: param 25 = 0
2025-09-26 17:09:13,926 - midi.connection - DEBUG - Sending query for parameter 26: SysEx: F0 04 17 3E 1A 00 00 00 00 00 00 00 00 00 00 00 F7
2025-09-26 17:09:13,960 - midi.sysex - DEBUG - SysEx parse: param_id=26, value=1, is_response=True, unit_id=1
2025-09-26 17:09:13,960 - midi.sysex - DEBUG - Received response: param 26 = 1
2025-09-26 17:09:13,961 - midi.connection - DEBUG - Parameter update: 26 = 1
2025-09-26 17:09:13,961 - midi.connection - DEBUG - Query successful: param 26 = 1
2025-09-26 17:09:14,366 - midi.connection - DEBUG - Sending query for parameter 27: SysEx: F0 04 17 3E 1B 00 00 00 00 00 00 00 00 00 00 00 F7
2025-09-26 17:09:14,399 - midi.sysex - DEBUG - SysEx parse: param_id=27, value=0, is_response=True, unit_id=1
2025-09-26 17:09:14,399 - midi.sysex - DEBUG - Received response: param 27 = 0
2025-09-26 17:09:14,399 - midi.connection - DEBUG - Parameter update: 27 = 0
2025-09-26 17:09:14,399 - midi.connection - DEBUG - Query successful: param 27 = 0
2025-09-26 17:09:14,805 - midi.connection - DEBUG - Sending query for parameter 28: SysEx: F0 04 17 3E 1C 00 00 00 00 00 00 00 00 00 00 00 F7
2025-09-26 17:09:14,837 - midi.sysex - DEBUG - SysEx parse: param_id=28, value=1, is_response=True, unit_id=1
2025-09-26 17:09:14,838 - midi.sysex - DEBUG - Received response: param 28 = 1
2025-09-26 17:09:14,838 - midi.connection - DEBUG - Parameter update: 28 = 1
2025-09-26 17:09:14,838 - midi.connection - DEBUG - Query successful: param 28 = 1
2025-09-26 17:09:15,241 - midi.connection - DEBUG - Sending query for parameter 29: SysEx: F0 04 17 3E 1D 00 00 00 00 00 00 00 00 00 00 00 F7
2025-09-26 17:09:15,272 - midi.sysex - DEBUG - SysEx parse: param_id=29, value=0, is_response=True, unit_id=1
2025-09-26 17:09:15,273 - midi.sysex - DEBUG - Received response: param 29 = 0
2025-09-26 17:09:15,273 - midi.connection - DEBUG - Parameter update: 29 = 0
2025-09-26 17:09:15,273 - midi.connection - DEBUG - Query successful: param 29 = 0
2025-09-26 17:09:15,678 - midi.connection - DEBUG - Sending query for parameter 30: SysEx: F0 04 17 3E 1E 00 00 00 00 00 00 00 00 00 00 00 F7
2025-09-26 17:09:15,709 - midi.sysex - DEBUG - SysEx parse: param_id=30, value=0, is_response=True, unit_id=1
2025-09-26 17:09:15,709 - midi.sysex - DEBUG - Received response: param 30 = 0
2025-09-26 17:09:15,709 - midi.connection - DEBUG - Parameter update: 30 = 0
2025-09-26 17:09:15,709 - midi.connection - DEBUG - Query successful: param 30 = 0
2025-09-26 17:09:16,112 - midi.connection - DEBUG - Sending query for parameter 31: SysEx: F0 04 17 3E 1F 00 00 00 00 00 00 00 00 00 00 00 F7
2025-09-26 17:09:16,147 - midi.sysex - DEBUG - SysEx parse: param_id=31, value=0, is_response=True, unit_id=1
2025-09-26 17:09:16,147 - midi.sysex - DEBUG - Received response: param 31 = 0
2025-09-26 17:09:16,148 - midi.connection - DEBUG - Parameter update: 31 = 0
2025-09-26 17:09:16,148 - midi.connection - DEBUG - Query successful: param 31 = 0
2025-09-26 17:09:16,554 - midi.connection - DEBUG - Sending query for parameter 32: SysEx: F0 04 17 3E 20 00 00 00 00 00 00 00 00 00 00 00 F7
2025-09-26 17:09:16,589 - midi.sysex - DEBUG - SysEx parse: param_id=32, value=1, is_response=True, unit_id=1
2025-09-26 17:09:16,589 - midi.sysex - DEBUG - Received response: param 32 = 1
2025-09-26 17:09:16,590 - midi.connection - DEBUG - Parameter update: 32 = 1
2025-09-26 17:09:16,590 - midi.connection - DEBUG - Query successful: param 32 = 1
2025-09-26 17:09:16,995 - midi.connection - DEBUG - Sending query for parameter 35: SysEx: F0 04 17 3E 23 00 00 00 00 00 00 00 00 00 00 00 F7
2025-09-26 17:09:17,028 - midi.sysex - DEBUG - SysEx parse: param_id=35, value=12, is_response=True, unit_id=1
2025-09-26 17:09:17,028 - midi.sysex - DEBUG - Received response: param 35 = 12
2025-09-26 17:09:17,029 - midi.connection - DEBUG - Parameter update: 35 = 12
2025-09-26 17:09:17,029 - midi.connection - DEBUG - Query successful: param 35 = 12
2025-09-26 17:09:17,432 - midi.connection - DEBUG - Sending query for parameter 36: SysEx: F0 04 17 3E 24 00 00 00 00 00 00 00 00 00 00 00 F7
2025-09-26 17:09:17,464 - midi.sysex - DEBUG - SysEx parse: param_id=36, value=12, is_response=True, unit_id=1
2025-09-26 17:09:17,465 - midi.sysex - DEBUG - Received response: param 36 = 12
2025-09-26 17:09:17,465 - midi.connection - DEBUG - Parameter update: 36 = 12
2025-09-26 17:09:17,465 - midi.connection - DEBUG - Query successful: param 36 = 12
2025-09-26 17:09:17,870 - midi.connection - DEBUG - Sending query for parameter 37: SysEx: F0 04 17 3E 25 00 00 00 00 00 00 00 00 00 00 00 F7
2025-09-26 17:09:17,902 - midi.sysex - DEBUG - SysEx parse: param_id=37, value=2, is_response=True, unit_id=1
2025-09-26 17:09:17,902 - midi.sysex - DEBUG - Received response: param 37 = 2
2025-09-26 17:09:17,902 - midi.connection - DEBUG - Parameter update: 37 = 2
2025-09-26 17:09:17,902 - midi.connection - DEBUG - Query successful: param 37 = 2
2025-09-26 17:09:18,307 - midi.connection - DEBUG - Sending query for parameter 38: SysEx: F0 04 17 3E 26 00 00 00 00 00 00 00 00 00 00 00 F7
2025-09-26 17:09:18,338 - midi.sysex - DEBUG - SysEx parse: param_id=38, value=2, is_response=True, unit_id=1
2025-09-26 17:09:18,339 - midi.sysex - DEBUG - Received response: param 38 = 2
2025-09-26 17:09:18,339 - midi.connection - DEBUG - Parameter update: 38 = 2
2025-09-26 17:09:18,339 - midi.connection - DEBUG - Query successful: param 38 = 2
2025-09-26 17:09:18,744 - midi.connection - DEBUG - Sending query for parameter 39: SysEx: F0 04 17 3E 27 00 00 00 00 00 00 00 00 00 00 00 F7
2025-09-26 17:09:18,777 - midi.sysex - DEBUG - SysEx parse: param_id=39, value=1, is_response=True, unit_id=1
2025-09-26 17:09:18,777 - midi.sysex - DEBUG - Received response: param 39 = 1
2025-09-26 17:09:18,778 - midi.connection - DEBUG - Parameter update: 39 = 1
2025-09-26 17:09:18,778 - midi.connection - DEBUG - Query successful: param 39 = 1
2025-09-26 17:09:19,179 - midi.connection - DEBUG - Sending query for parameter 40: SysEx: F0 04 17 3E 28 00 00 00 00 00 00 00 00 00 00 00 F7
2025-09-26 17:09:19,214 - midi.sysex - DEBUG - SysEx parse: param_id=40, value=0, is_response=True, unit_id=1
2025-09-26 17:09:19,214 - midi.sysex - DEBUG - Received response: param 40 = 0
2025-09-26 17:09:19,214 - midi.connection - DEBUG - Parameter update: 40 = 0
2025-09-26 17:09:19,214 - midi.connection - DEBUG - Query successful: param 40 = 0
2025-09-26 17:09:19,617 - midi.connection - DEBUG - Sending query for parameter 41: SysEx: F0 04 17 3E 29 00 00 00 00 00 00 00 00 00 00 00 F7
2025-09-26 17:09:19,654 - midi.sysex - DEBUG - SysEx parse: param_id=41, value=0, is_response=True, unit_id=1
2025-09-26 17:09:19,654 - midi.sysex - DEBUG - Received response: param 41 = 0
2025-09-26 17:09:19,654 - midi.connection - DEBUG - Parameter update: 41 = 0
2025-09-26 17:09:19,655 - midi.connection - DEBUG - Query successful: param 41 = 0
2025-09-26 17:09:20,060 - midi.connection - DEBUG - Sending query for parameter 42: SysEx: F0 04 17 3E 2A 00 00 00 00 00 00 00 00 00 00 00 F7
2025-09-26 17:09:20,088 - midi.sysex - DEBUG - SysEx parse: param_id=42, value=0, is_response=True, unit_id=1
2025-09-26 17:09:20,089 - midi.sysex - DEBUG - Received response: param 42 = 0
2025-09-26 17:09:20,089 - midi.connection - DEBUG - Parameter update: 42 = 0
2025-09-26 17:09:20,089 - midi.connection - DEBUG - Query successful: param 42 = 0
2025-09-26 17:09:20,494 - midi.connection - DEBUG - Sending query for parameter 43: SysEx: F0 04 17 3E 2B 00 00 00 00 00 00 00 00 00 00 00 F7
2025-09-26 17:09:20,524 - midi.sysex - DEBUG - SysEx parse: param_id=43, value=7, is_response=True, unit_id=1
2025-09-26 17:09:20,525 - midi.sysex - DEBUG - Received response: param 43 = 7
2025-09-26 17:09:20,525 - midi.connection - DEBUG - Parameter update: 43 = 7
2025-09-26 17:09:20,525 - midi.connection - DEBUG - Query successful: param 43 = 7
2025-09-26 17:09:20,930 - midi.connection - DEBUG - Sending query for parameter 44: SysEx: F0 04 17 3E 2C 00 00 00 00 00 00 00 00 00 00 00 F7
2025-09-26 17:09:20,964 - midi.sysex - DEBUG - SysEx parse: param_id=44, value=7, is_response=True, unit_id=1
2025-09-26 17:09:20,964 - midi.sysex - DEBUG - Received response: param 44 = 7
2025-09-26 17:09:20,964 - midi.connection - DEBUG - Parameter update: 44 = 7
2025-09-26 17:09:20,965 - midi.connection - DEBUG - Query successful: param 44 = 7
2025-09-26 17:09:21,369 - midi.connection - DEBUG - Sending query for parameter 45: SysEx: F0 04 17 3E 2D 00 00 00 00 00 00 00 00 00 00 00 F7
2025-09-26 17:09:21,404 - midi.sysex - DEBUG - SysEx parse: param_id=45, value=7, is_response=True, unit_id=1
2025-09-26 17:09:21,405 - midi.sysex - DEBUG - Received response: param 45 = 7
2025-09-26 17:09:21,405 - midi.connection - DEBUG - Parameter update: 45 = 7
2025-09-26 17:09:21,405 - midi.connection - DEBUG - Query successful: param 45 = 7
2025-09-26 17:09:21,814 - midi.connection - DEBUG - Sending query for parameter 46: SysEx: F0 04 17 3E 2E 00 00 00 00 00 00 00 00 00 00 00 F7
2025-09-26 17:09:21,848 - midi.sysex - DEBUG - SysEx parse: param_id=46, value=0, is_response=True, unit_id=1
2025-09-26 17:09:21,848 - midi.sysex - DEBUG - Received response: param 46 = 0
2025-09-26 17:09:21,849 - midi.connection - DEBUG - Parameter update: 46 = 0
2025-09-26 17:09:21,849 - midi.connection - DEBUG - Query successful: param 46 = 0
2025-09-26 17:09:22,252 - midi.connection - DEBUG - Sending query for parameter 47: SysEx: F0 04 17 3E 2F 00 00 00 00 00 00 00 00 00 00 00 F7
2025-09-26 17:09:22,288 - midi.sysex - DEBUG - SysEx parse: param_id=47, value=0, is_response=True, unit_id=1
2025-09-26 17:09:22,289 - midi.sysex - DEBUG - Received response: param 47 = 0
2025-09-26 17:09:22,289 - midi.connection - DEBUG - Parameter update: 47 = 0
2025-09-26 17:09:22,289 - midi.connection - DEBUG - Query successful: param 47 = 0
2025-09-26 17:09:22,694 - midi.connection - DEBUG - Sending query for parameter 48: SysEx: F0 04 17 3E 30 00 00 00 00 00 00 00 00 00 00 00 F7
2025-09-26 17:09:22,728 - midi.sysex - DEBUG - SysEx parse: param_id=48, value=0, is_response=True, unit_id=1
2025-09-26 17:09:22,728 - midi.sysex - DEBUG - Received response: param 48 = 0
2025-09-26 17:09:22,728 - midi.connection - DEBUG - Parameter update: 48 = 0
2025-09-26 17:09:22,729 - midi.connection - DEBUG - Query successful: param 48 = 0
2025-09-26 17:09:23,132 - midi.connection - DEBUG - Sending query for parameter 49: SysEx: F0 04 17 3E 31 00 00 00 00 00 00 00 00 00 00 00 F7
2025-09-26 17:09:23,163 - midi.sysex - DEBUG - SysEx parse: param_id=49, value=0, is_response=True, unit_id=1
2025-09-26 17:09:23,163 - midi.sysex - DEBUG - Received response: param 49 = 0
2025-09-26 17:09:23,163 - midi.connection - DEBUG - Parameter update: 49 = 0
2025-09-26 17:09:23,163 - midi.connection - DEBUG - Query successful: param 49 = 0
2025-09-26 17:09:23,568 - midi.connection - DEBUG - Sending query for parameter 50: SysEx: F0 04 17 3E 32 00 00 00 00 00 00 00 00 00 00 00 F7
2025-09-26 17:09:23,600 - midi.sysex - DEBUG - SysEx parse: param_id=50, value=0, is_response=True, unit_id=1
2025-09-26 17:09:23,600 - midi.sysex - DEBUG - Received response: param 50 = 0
2025-09-26 17:09:23,600 - midi.connection - DEBUG - Parameter update: 50 = 0
2025-09-26 17:09:23,600 - midi.connection - DEBUG - Query successful: param 50 = 0
2025-09-26 17:09:24,005 - midi.connection - DEBUG - Sending query for parameter 51: SysEx: F0 04 17 3E 33 00 00 00 00 00 00 00 00 00 00 00 F7
2025-09-26 17:09:24,040 - midi.sysex - DEBUG - SysEx parse: param_id=51, value=0, is_response=True, unit_id=1
2025-09-26 17:09:24,040 - midi.sysex - DEBUG - Received response: param 51 = 0
2025-09-26 17:09:24,040 - midi.connection - DEBUG - Parameter update: 51 = 0
2025-09-26 17:09:24,040 - midi.connection - DEBUG - Query successful: param 51 = 0
2025-09-26 17:09:24,445 - midi.connection - DEBUG - Sending query for parameter 52: SysEx: F0 04 17 3E 34 00 00 00 00 00 00 00 00 00 00 00 F7
2025-09-26 17:09:24,477 - midi.sysex - DEBUG - SysEx parse: param_id=52, value=1, is_response=True, unit_id=1
2025-09-26 17:09:24,477 - midi.sysex - DEBUG - Received response: param 52 = 1
2025-09-26 17:09:24,477 - midi.connection - DEBUG - Parameter update: 52 = 1
2025-09-26 17:09:24,477 - midi.connection - DEBUG - Query successful: param 52 = 1
2025-09-26 17:09:24,883 - midi.connection - DEBUG - Sending query for parameter 53: SysEx: F0 04 17 3E 35 00 00 00 00 00 00 00 00 00 00 00 F7
2025-09-26 17:09:24,919 - midi.sysex - DEBUG - SysEx parse: param_id=53, value=0, is_response=True, unit_id=1
2025-09-26 17:09:24,920 - midi.sysex - DEBUG - Received response: param 53 = 0
2025-09-26 17:09:24,920 - midi.connection - DEBUG - Parameter update: 53 = 0
2025-09-26 17:09:24,920 - midi.connection - DEBUG - Query successful: param 53 = 0
2025-09-26 17:09:25,325 - midi.connection - DEBUG - Sending query for parameter 54: SysEx: F0 04 17 3E 36 00 00 00 00 00 00 00 00 00 00 00 F7
2025-09-26 17:09:25,362 - midi.sysex - DEBUG - SysEx parse: param_id=54, value=0, is_response=True, unit_id=1
2025-09-26 17:09:25,362 - midi.sysex - DEBUG - Received response: param 54 = 0
2025-09-26 17:09:25,362 - midi.connection - DEBUG - Parameter update: 54 = 0
2025-09-26 17:09:25,362 - midi.connection - DEBUG - Query successful: param 54 = 0
2025-09-26 17:09:25,767 - midi.connection - DEBUG - Sending query for parameter 55: SysEx: F0 04 17 3E 37 00 00 00 00 00 00 00 00 00 00 00 F7
2025-09-26 17:09:25,801 - midi.sysex - DEBUG - SysEx parse: param_id=55, value=0, is_response=True, unit_id=1
2025-09-26 17:09:25,802 - midi.sysex - DEBUG - Received response: param 55 = 0
2025-09-26 17:09:25,802 - midi.connection - DEBUG - Parameter update: 55 = 0
2025-09-26 17:09:25,802 - midi.connection - DEBUG - Query successful: param 55 = 0
2025-09-26 17:09:26,203 - midi.connection - DEBUG - Sending query for parameter 56: SysEx: F0 04 17 3E 38 00 00 00 00 00 00 00 00 00 00 00 F7
2025-09-26 17:09:26,238 - midi.sysex - DEBUG - SysEx parse: param_id=56, value=0, is_response=True, unit_id=1
2025-09-26 17:09:26,238 - midi.sysex - DEBUG - Received response: param 56 = 0
2025-09-26 17:09:26,238 - midi.connection - DEBUG - Parameter update: 56 = 0
2025-09-26 17:09:26,238 - midi.connection - DEBUG - Query successful: param 56 = 0
2025-09-26 17:09:26,645 - midi.connection - DEBUG - Sending query for parameter 57: SysEx: F0 04 17 3E 39 00 00 00 00 00 00 00 00 00 00 00 F7
2025-09-26 17:09:26,676 - midi.sysex - DEBUG - SysEx parse: param_id=57, value=1, is_response=True, unit_id=1
2025-09-26 17:09:26,676 - midi.sysex - DEBUG - Received response: param 57 = 1
2025-09-26 17:09:26,676 - midi.connection - DEBUG - Parameter update: 57 = 1
2025-09-26 17:09:26,676 - midi.connection - DEBUG - Query successful: param 57 = 1
2025-09-26 17:09:27,081 - midi.connection - DEBUG - Sending query for parameter 58: SysEx: F0 04 17 3E 3A 00 00 00 00 00 00 00 00 00 00 00 F7
2025-09-26 17:09:27,119 - midi.sysex - DEBUG - SysEx parse: param_id=58, value=0, is_response=True, unit_id=1
2025-09-26 17:09:27,119 - midi.sysex - DEBUG - Received response: param 58 = 0
2025-09-26 17:09:27,119 - midi.connection - DEBUG - Parameter update: 58 = 0
2025-09-26 17:09:27,119 - midi.connection - DEBUG - Query successful: param 58 = 0
2025-09-26 17:09:27,524 - midi.connection - DEBUG - Sending query for parameter 59: SysEx: F0 04 17 3E 3B 00 00 00 00 00 00 00 00 00 00 00 F7
2025-09-26 17:09:27,560 - midi.sysex - DEBUG - SysEx parse: param_id=59, value=0, is_response=True, unit_id=1
2025-09-26 17:09:27,561 - midi.sysex - DEBUG - Received response: param 59 = 0
2025-09-26 17:09:27,561 - midi.connection - DEBUG - Parameter update: 59 = 0
2025-09-26 17:09:27,561 - midi.connection - DEBUG - Query successful: param 59 = 0
2025-09-26 17:09:27,967 - midi.connection - DEBUG - Sending query for parameter 60: SysEx: F0 04 17 3E 3C 00 00 00 00 00 00 00 00 00 00 00 F7
2025-09-26 17:09:27,999 - midi.sysex - DEBUG - SysEx parse: param_id=60, value=0, is_response=True, unit_id=1
2025-09-26 17:09:27,999 - midi.sysex - DEBUG - Received response: param 60 = 0
2025-09-26 17:09:27,999 - midi.connection - DEBUG - Parameter update: 60 = 0
2025-09-26 17:09:27,999 - midi.connection - DEBUG - Query successful: param 60 = 0
2025-09-26 17:09:28,406 - midi.connection - DEBUG - Sending query for parameter 61: SysEx: F0 04 17 3E 3D 00 00 00 00 00 00 00 00 00 00 00 F7
2025-09-26 17:09:28,443 - midi.sysex - DEBUG - SysEx parse: param_id=61, value=0, is_response=True, unit_id=1
2025-09-26 17:09:28,443 - midi.sysex - DEBUG - Received response: param 61 = 0
2025-09-26 17:09:28,444 - midi.connection - DEBUG - Parameter update: 61 = 0
2025-09-26 17:09:28,444 - midi.connection - DEBUG - Query successful: param 61 = 0
2025-09-26 17:09:28,849 - midi.connection - DEBUG - Sending query for parameter 62: SysEx: F0 04 17 3E 3E 00 00 00 00 00 00 00 00 00 00 00 F7
2025-09-26 17:09:28,881 - midi.sysex - DEBUG - SysEx parse: param_id=62, value=0, is_response=True, unit_id=1
2025-09-26 17:09:28,882 - midi.sysex - DEBUG - Received response: param 62 = 0
2025-09-26 17:09:28,882 - midi.connection - DEBUG - Parameter update: 62 = 0
2025-09-26 17:09:28,883 - midi.connection - DEBUG - Query successful: param 62 = 0
2025-09-26 17:09:29,288 - midi.connection - DEBUG - Sending query for parameter 63: SysEx: F0 04 17 3E 3F 00 00 00 00 00 00 00 00 00 00 00 F7
2025-09-26 17:09:29,322 - midi.sysex - DEBUG - SysEx parse: param_id=63, value=0, is_response=True, unit_id=1
2025-09-26 17:09:29,322 - midi.sysex - DEBUG - Received response: param 63 = 0
2025-09-26 17:09:29,322 - midi.connection - DEBUG - Parameter update: 63 = 0
2025-09-26 17:09:29,322 - midi.connection - DEBUG - Query successful: param 63 = 0
2025-09-26 17:09:29,726 - midi.connection - DEBUG - Sending query for parameter 64: SysEx: F0 04 17 3E 40 00 00 00 00 00 00 00 00 00 00 00 F7
2025-09-26 17:09:29,757 - midi.sysex - DEBUG - SysEx parse: param_id=64, value=0, is_response=True, unit_id=1
2025-09-26 17:09:29,757 - midi.sysex - DEBUG - Received response: param 64 = 0
2025-09-26 17:09:29,757 - midi.connection - DEBUG - Parameter update: 64 = 0
2025-09-26 17:09:29,757 - midi.connection - DEBUG - Query successful: param 64 = 0
2025-09-26 17:09:30,163 - midi.connection - DEBUG - Sending query for parameter 65: SysEx: F0 04 17 3E 41 00 00 00 00 00 00 00 00 00 00 00 F7
2025-09-26 17:09:30,194 - midi.sysex - DEBUG - SysEx parse: param_id=65, value=0, is_response=True, unit_id=1
2025-09-26 17:09:30,195 - midi.sysex - DEBUG - Received response: param 65 = 0
2025-09-26 17:09:30,195 - midi.connection - DEBUG - Parameter update: 65 = 0
2025-09-26 17:09:30,195 - midi.connection - DEBUG - Query successful: param 65 = 0
2025-09-26 17:09:30,600 - midi.connection - DEBUG - Sending query for parameter 66: SysEx: F0 04 17 3E 42 00 00 00 00 00 00 00 00 00 00 00 F7
2025-09-26 17:09:30,635 - midi.sysex - DEBUG - SysEx parse: param_id=66, value=1, is_response=True, unit_id=1
2025-09-26 17:09:30,636 - midi.sysex - DEBUG - Received response: param 66 = 1
2025-09-26 17:09:30,636 - midi.connection - DEBUG - Parameter update: 66 = 1
2025-09-26 17:09:30,636 - midi.connection - DEBUG - Query successful: param 66 = 1
2025-09-26 17:09:31,043 - midi.connection - DEBUG - Sending query for parameter 67: SysEx: F0 04 17 3E 43 00 00 00 00 00 00 00 00 00 00 00 F7
2025-09-26 17:09:31,078 - midi.sysex - DEBUG - SysEx parse: param_id=67, value=2, is_response=True, unit_id=1
2025-09-26 17:09:31,079 - midi.sysex - DEBUG - Received response: param 67 = 2
2025-09-26 17:09:31,079 - midi.connection - DEBUG - Parameter update: 67 = 2
2025-09-26 17:09:31,079 - midi.connection - DEBUG - Query successful: param 67 = 2
2025-09-26 17:09:31,484 - midi.connection - DEBUG - Sending query for parameter 68: SysEx: F0 04 17 3E 44 00 00 00 00 00 00 00 00 00 00 00 F7
2025-09-26 17:09:31,515 - midi.sysex - DEBUG - SysEx parse: param_id=68, value=0, is_response=True, unit_id=1
2025-09-26 17:09:31,516 - midi.sysex - DEBUG - Received response: param 68 = 0
2025-09-26 17:09:31,516 - midi.connection - DEBUG - Parameter update: 68 = 0
2025-09-26 17:09:31,516 - midi.connection - DEBUG - Query successful: param 68 = 0
2025-09-26 17:09:31,921 - midi.connection - DEBUG - Sending query for parameter 69: SysEx: F0 04 17 3E 45 00 00 00 00 00 00 00 00 00 00 00 F7
2025-09-26 17:09:31,952 - midi.sysex - DEBUG - SysEx parse: param_id=69, value=0, is_response=True, unit_id=1
2025-09-26 17:09:31,953 - midi.sysex - DEBUG - Received response: param 69 = 0
2025-09-26 17:09:31,953 - midi.connection - DEBUG - Parameter update: 69 = 0
2025-09-26 17:09:31,953 - midi.connection - DEBUG - Query successful: param 69 = 0
2025-09-26 17:09:32,358 - midi.connection - DEBUG - Sending query for parameter 70: SysEx: F0 04 17 3E 46 00 00 00 00 00 00 00 00 00 00 00 F7
2025-09-26 17:09:32,391 - midi.sysex - DEBUG - SysEx parse: param_id=70, value=0, is_response=True, unit_id=1
2025-09-26 17:09:32,391 - midi.sysex - DEBUG - Received response: param 70 = 0
2025-09-26 17:09:32,391 - midi.connection - DEBUG - Parameter update: 70 = 0
2025-09-26 17:09:32,392 - midi.connection - DEBUG - Query successful: param 70 = 0
2025-09-26 17:09:32,797 - midi.connection - DEBUG - Sending query for parameter 71: SysEx: F0 04 17 3E 47 00 00 00 00 00 00 00 00 00 00 00 F7
2025-09-26 17:09:32,831 - midi.sysex - DEBUG - SysEx parse: param_id=71, value=0, is_response=True, unit_id=1
2025-09-26 17:09:32,832 - midi.sysex - DEBUG - Received response: param 71 = 0
2025-09-26 17:09:32,832 - midi.connection - DEBUG - Parameter update: 71 = 0
2025-09-26 17:09:32,832 - midi.connection - DEBUG - Query successful: param 71 = 0
2025-09-26 17:09:33,236 - midi.connection - DEBUG - Sending query for parameter 72: SysEx: F0 04 17 3E 48 00 00 00 00 00 00 00 00 00 00 00 F7
2025-09-26 17:09:33,267 - midi.sysex - DEBUG - SysEx parse: param_id=72, value=1, is_response=True, unit_id=1
2025-09-26 17:09:33,267 - midi.sysex - DEBUG - Received response: param 72 = 1
2025-09-26 17:09:33,267 - midi.connection - DEBUG - Parameter update: 72 = 1
2025-09-26 17:09:33,267 - midi.connection - DEBUG - Query successful: param 72 = 1
2025-09-26 17:09:33,673 - midi.connection - DEBUG - Sending query for parameter 73: SysEx: F0 04 17 3E 49 00 00 00 00 00 00 00 00 00 00 00 F7
2025-09-26 17:09:33,705 - midi.sysex - DEBUG - SysEx parse: param_id=73, value=0, is_response=True, unit_id=1
2025-09-26 17:09:33,706 - midi.sysex - DEBUG - Received response: param 73 = 0
2025-09-26 17:09:33,706 - midi.connection - DEBUG - Parameter update: 73 = 0
2025-09-26 17:09:33,706 - midi.connection - DEBUG - Query successful: param 73 = 0
2025-09-26 17:09:34,111 - midi.connection - DEBUG - Sending query for parameter 74: SysEx: F0 04 17 3E 4A 00 00 00 00 00 00 00 00 00 00 00 F7
2025-09-26 17:09:34,147 - midi.sysex - DEBUG - SysEx parse: param_id=74, value=0, is_response=True, unit_id=1
2025-09-26 17:09:34,147 - midi.sysex - DEBUG - Received response: param 74 = 0
2025-09-26 17:09:34,148 - midi.connection - DEBUG - Parameter update: 74 = 0
2025-09-26 17:09:34,148 - midi.connection - DEBUG - Query successful: param 74 = 0
2025-09-26 17:09:34,552 - midi.connection - DEBUG - Sending query for parameter 75: SysEx: F0 04 17 3E 4B 00 00 00 00 00 00 00 00 00 00 00 F7
2025-09-26 17:09:37,557 - midi.connection - WARNING - Timeout querying parameter 75
2025-09-26 17:09:37,557 - midi.connection - WARNING - Query attempt 1 failed for parameter 75
2025-09-26 17:09:37,962 - midi.connection - DEBUG - Sending query for parameter 75: SysEx: F0 04 17 3E 4B 00 00 00 00 00 00 00 00 00 00 00 F7
2025-09-26 17:09:40,966 - midi.connection - WARNING - Timeout querying parameter 75
2025-09-26 17:09:40,966 - midi.connection - WARNING - Query attempt 2 failed for parameter 75
2025-09-26 17:09:41,370 - midi.connection - DEBUG - Sending query for parameter 75: SysEx: F0 04 17 3E 4B 00 00 00 00 00 00 00 00 00 00 00 F7
2025-09-26 17:09:44,375 - midi.connection - WARNING - Timeout querying parameter 75
2025-09-26 17:09:44,376 - midi.connection - WARNING - Query attempt 3 failed for parameter 75
2025-09-26 17:09:44,376 - midi.connection - ERROR - Failed to query parameter 75 after 3 attempts
2025-09-26 17:09:44,381 - ui.main_window - DEBUG - Parameter 0 updated to 0
2025-09-26 17:09:44,381 - ui.main_window - DEBUG - Parameter 1 updated to 0
2025-09-26 17:09:44,382 - ui.main_window - DEBUG - Parameter 2 updated to 0
2025-09-26 17:09:44,383 - ui.main_window - DEBUG - Parameter 3 updated to 2
2025-09-26 17:09:44,383 - ui.main_window - DEBUG - Parameter 4 updated to 0
2025-09-26 17:09:44,384 - ui.main_window - DEBUG - Parameter 5 updated to 1
2025-09-26 17:09:44,384 - ui.main_window - DEBUG - Parameter 6 updated to 3
2025-09-26 17:09:44,385 - ui.main_window - DEBUG - Parameter 7 updated to 3
2025-09-26 17:09:44,385 - ui.main_window - DEBUG - Parameter 8 updated to 0
2025-09-26 17:09:44,386 - ui.main_window - DEBUG - Parameter 9 updated to 2
2025-09-26 17:09:44,387 - ui.main_window - DEBUG - Parameter 10 updated to 0
2025-09-26 17:09:44,387 - ui.main_window - DEBUG - Parameter 11 updated to 0
2025-09-26 17:09:44,388 - ui.main_window - DEBUG - Parameter 12 updated to 0
2025-09-26 17:09:44,388 - ui.main_window - DEBUG - Parameter 13 updated to 1
2025-09-26 17:09:44,388 - ui.main_window - DEBUG - Parameter 14 updated to 1
2025-09-26 17:09:44,388 - ui.main_window - DEBUG - Parameter 15 updated to 0
2025-09-26 17:09:44,388 - ui.main_window - DEBUG - Parameter 16 updated to 1
2025-09-26 17:09:44,388 - ui.main_window - DEBUG - Parameter 17 updated to 0
2025-09-26 17:09:44,389 - ui.main_window - DEBUG - Parameter 18 updated to 0
2025-09-26 17:09:44,389 - ui.main_window - DEBUG - Parameter 19 updated to 1
2025-09-26 17:09:44,389 - ui.main_window - DEBUG - Parameter 20 updated to 1
2025-09-26 17:09:44,390 - ui.main_window - DEBUG - Parameter 21 updated to 1
2025-09-26 17:09:44,390 - ui.main_window - DEBUG - Parameter 22 updated to 1
2025-09-26 17:09:44,390 - ui.main_window - DEBUG - Parameter 23 updated to 12872
2025-09-26 17:09:44,390 - ui.main_window - DEBUG - Parameter 24 updated to 1
2025-09-26 17:09:44,391 - ui.main_window - DEBUG - Parameter 25 updated to 0
2025-09-26 17:09:44,391 - ui.main_window - DEBUG - Parameter 26 updated to 1
2025-09-26 17:09:44,391 - ui.main_window - DEBUG - Parameter 27 updated to 0
2025-09-26 17:09:44,392 - ui.main_window - DEBUG - Parameter 28 updated to 1
2025-09-26 17:09:44,392 - ui.main_window - DEBUG - Parameter 29 updated to 0
2025-09-26 17:09:44,392 - ui.main_window - DEBUG - Parameter 30 updated to 0
2025-09-26 17:09:44,392 - ui.main_window - DEBUG - Parameter 31 updated to 0
2025-09-26 17:09:44,393 - ui.main_window - DEBUG - Parameter 32 updated to 1
2025-09-26 17:09:44,393 - ui.main_window - DEBUG - Parameter 35 updated to 12
2025-09-26 17:09:44,394 - ui.main_window - DEBUG - Parameter 36 updated to 12
2025-09-26 17:09:44,394 - ui.main_window - DEBUG - Parameter 37 updated to 2
2025-09-26 17:09:44,395 - ui.main_window - DEBUG - Parameter 38 updated to 2
2025-09-26 17:09:44,395 - ui.main_window - DEBUG - Parameter 39 updated to 1
2025-09-26 17:09:44,395 - ui.main_window - DEBUG - Parameter 40 updated to 0
2025-09-26 17:09:44,395 - ui.main_window - DEBUG - Parameter 41 updated to 0
2025-09-26 17:09:44,395 - ui.main_window - DEBUG - Parameter 42 updated to 0
2025-09-26 17:09:44,396 - ui.main_window - DEBUG - Parameter 43 updated to 7
2025-09-26 17:09:44,396 - ui.main_window - DEBUG - Parameter 44 updated to 7
2025-09-26 17:09:44,396 - ui.main_window - DEBUG - Parameter 45 updated to 7
2025-09-26 17:09:44,396 - ui.main_window - DEBUG - Parameter 46 updated to 0
2025-09-26 17:09:44,396 - ui.main_window - DEBUG - Parameter 47 updated to 0
2025-09-26 17:09:44,396 - ui.main_window - DEBUG - Parameter 48 updated to 0
2025-09-26 17:09:44,396 - ui.main_window - DEBUG - Parameter 49 updated to 0
2025-09-26 17:09:44,397 - ui.main_window - DEBUG - Parameter 50 updated to 0
2025-09-26 17:09:44,397 - ui.main_window - DEBUG - Parameter 51 updated to 0
2025-09-26 17:09:44,397 - ui.main_window - DEBUG - Parameter 52 updated to 1
2025-09-26 17:09:44,397 - ui.main_window - DEBUG - Parameter 53 updated to 0
2025-09-26 17:09:44,397 - ui.main_window - DEBUG - Parameter 54 updated to 0
2025-09-26 17:09:44,397 - ui.main_window - DEBUG - Parameter 55 updated to 0
2025-09-26 17:09:44,397 - ui.main_window - DEBUG - Parameter 56 updated to 0
2025-09-26 17:09:44,398 - ui.main_window - DEBUG - Parameter 57 updated to 1
2025-09-26 17:09:44,398 - ui.main_window - DEBUG - Parameter 58 updated to 0
2025-09-26 17:09:44,398 - ui.main_window - DEBUG - Parameter 59 updated to 0
2025-09-26 17:09:44,398 - ui.main_window - DEBUG - Parameter 60 updated to 0
2025-09-26 17:09:44,399 - ui.main_window - DEBUG - Parameter 61 updated to 0
2025-09-26 17:09:44,399 - ui.main_window - DEBUG - Parameter 62 updated to 0
2025-09-26 17:09:44,399 - ui.main_window - DEBUG - Parameter 63 updated to 0
2025-09-26 17:09:44,400 - ui.main_window - DEBUG - Parameter 64 updated to 0
2025-09-26 17:09:44,400 - ui.main_window - DEBUG - Parameter 65 updated to 0
2025-09-26 17:09:44,400 - ui.main_window - DEBUG - Parameter 66 updated to 1
2025-09-26 17:09:44,401 - ui.main_window - DEBUG - Parameter 67 updated to 2
2025-09-26 17:09:44,401 - ui.main_window - DEBUG - Parameter 68 updated to 0
2025-09-26 17:09:44,401 - ui.main_window - DEBUG - Parameter 69 updated to 0
2025-09-26 17:09:44,401 - ui.main_window - DEBUG - Parameter 70 updated to 0
2025-09-26 17:09:44,402 - ui.main_window - DEBUG - Parameter 71 updated to 0
2025-09-26 17:09:44,402 - ui.main_window - DEBUG - Parameter 72 updated to 1
2025-09-26 17:09:44,402 - ui.main_window - DEBUG - Parameter 73 updated to 0
2025-09-26 17:09:44,402 - ui.main_window - DEBUG - Parameter 74 updated to 0
2025-09-26 17:09:56,589 - ui.main_window - DEBUG - Sent parameter 23 = 12929
2025-09-26 17:09:56,807 - ui.main_window - DEBUG - Sent parameter 23 = 12894
2025-09-26 17:09:56,823 - ui.main_window - DEBUG - Sent parameter 23 = 12877
2025-09-26 17:09:56,840 - ui.main_window - DEBUG - Sent parameter 23 = 12843
2025-09-26 17:09:56,858 - ui.main_window - DEBUG - Sent parameter 23 = 12775
2025-09-26 17:09:56,874 - ui.main_window - DEBUG - Sent parameter 23 = 12689
2025-09-26 17:09:56,891 - ui.main_window - DEBUG - Sent parameter 23 = 12569
2025-09-26 17:09:56,912 - ui.main_window - DEBUG - Sent parameter 23 = 12450
2025-09-26 17:09:56,923 - ui.main_window - DEBUG - Sent parameter 23 = 12313
2025-09-26 17:09:56,939 - ui.main_window - DEBUG - Sent parameter 23 = 12176
2025-09-26 17:09:56,957 - ui.main_window - DEBUG - Sent parameter 23 = 12022
2025-09-26 17:09:56,972 - ui.main_window - DEBUG - Sent parameter 23 = 11885
2025-09-26 17:09:56,989 - ui.main_window - DEBUG - Sent parameter 23 = 11749
2025-09-26 17:09:57,005 - ui.main_window - DEBUG - Sent parameter 23 = 11629
2025-09-26 17:09:57,024 - ui.main_window - DEBUG - Sent parameter 23 = 11509
2025-09-26 17:09:57,039 - ui.main_window - DEBUG - Sent parameter 23 = 11424
2025-09-26 17:09:57,057 - ui.main_window - DEBUG - Sent parameter 23 = 11338
2025-09-26 17:09:57,073 - ui.main_window - DEBUG - Sent parameter 23 = 11253
2025-09-26 17:09:57,090 - ui.main_window - DEBUG - Sent parameter 23 = 11167
2025-09-26 17:09:57,106 - ui.main_window - DEBUG - Sent parameter 23 = 11082
2025-09-26 17:09:57,124 - ui.main_window - DEBUG - Sent parameter 23 = 11030
2025-09-26 17:09:57,140 - ui.main_window - DEBUG - Sent parameter 23 = 10962
2025-09-26 17:09:57,157 - ui.main_window - DEBUG - Sent parameter 23 = 10911
2025-09-26 17:09:57,174 - ui.main_window - DEBUG - Sent parameter 23 = 10859
2025-09-26 17:09:57,190 - ui.main_window - DEBUG - Sent parameter 23 = 10808
2025-09-26 17:09:57,206 - ui.main_window - DEBUG - Sent parameter 23 = 10757
2025-09-26 17:09:57,224 - ui.main_window - DEBUG - Sent parameter 23 = 10705
2025-09-26 17:09:57,239 - ui.main_window - DEBUG - Sent parameter 23 = 10654
2025-09-26 17:09:57,256 - ui.main_window - DEBUG - Sent parameter 23 = 10603
2025-09-26 17:09:57,272 - ui.main_window - DEBUG - Sent parameter 23 = 10551
2025-09-26 17:09:57,290 - ui.main_window - DEBUG - Sent parameter 23 = 10517
2025-09-26 17:09:57,305 - ui.main_window - DEBUG - Sent parameter 23 = 10483
2025-09-26 17:09:57,324 - ui.main_window - DEBUG - Sent parameter 23 = 10449
2025-09-26 17:09:57,339 - ui.main_window - DEBUG - Sent parameter 23 = 10415
2025-09-26 17:09:57,356 - ui.main_window - DEBUG - Sent parameter 23 = 10398
2025-09-26 17:09:57,372 - ui.main_window - DEBUG - Sent parameter 23 = 10363
2025-09-26 17:09:57,390 - ui.main_window - DEBUG - Sent parameter 23 = 10329
2025-09-26 17:09:57,409 - ui.main_window - DEBUG - Sent parameter 23 = 10295
2025-09-26 17:09:57,424 - ui.main_window - DEBUG - Sent parameter 23 = 10278
2025-09-26 17:09:57,439 - ui.main_window - DEBUG - Sent parameter 23 = 10244
2025-09-26 17:09:57,456 - ui.main_window - DEBUG - Sent parameter 23 = 10227
2025-09-26 17:09:57,472 - ui.main_window - DEBUG - Sent parameter 23 = 10192
2025-09-26 17:09:57,490 - ui.main_window - DEBUG - Sent parameter 23 = 10175
2025-09-26 17:09:57,506 - ui.main_window - DEBUG - Sent parameter 23 = 10158
2025-09-26 17:09:57,525 - ui.main_window - DEBUG - Sent parameter 23 = 10141
2025-09-26 17:09:57,540 - ui.main_window - DEBUG - Sent parameter 23 = 10107
2025-09-26 17:09:57,557 - ui.main_window - DEBUG - Sent parameter 23 = 10090
2025-09-26 17:09:57,573 - ui.main_window - DEBUG - Sent parameter 23 = 10056
2025-09-26 17:09:57,590 - ui.main_window - DEBUG - Sent parameter 23 = 10038
2025-09-26 17:09:57,606 - ui.main_window - DEBUG - Sent parameter 23 = 10021
2025-09-26 17:09:57,639 - ui.main_window - DEBUG - Sent parameter 23 = 10004
2025-09-26 17:09:57,657 - ui.main_window - DEBUG - Sent parameter 23 = 9987
2025-09-26 17:09:57,673 - ui.main_window - DEBUG - Sent parameter 23 = 9970
2025-09-26 17:09:57,691 - ui.main_window - DEBUG - Sent parameter 23 = 9936
2025-09-26 17:09:57,707 - ui.main_window - DEBUG - Sent parameter 23 = 9919
2025-09-26 17:09:57,725 - ui.main_window - DEBUG - Sent parameter 23 = 9902
2025-09-26 17:09:57,740 - ui.main_window - DEBUG - Sent parameter 23 = 9867
2025-09-26 17:09:57,758 - ui.main_window - DEBUG - Sent parameter 23 = 9850
2025-09-26 17:09:57,773 - ui.main_window - DEBUG - Sent parameter 23 = 9816
2025-09-26 17:09:57,791 - ui.main_window - DEBUG - Sent parameter 23 = 9799
2025-09-26 17:09:57,806 - ui.main_window - DEBUG - Sent parameter 23 = 9765
2025-09-26 17:09:57,824 - ui.main_window - DEBUG - Sent parameter 23 = 9748
2025-09-26 17:09:57,840 - ui.main_window - DEBUG - Sent parameter 23 = 9731
2025-09-26 17:09:57,857 - ui.main_window - DEBUG - Sent parameter 23 = 9714
2025-09-26 17:09:57,873 - ui.main_window - DEBUG - Sent parameter 23 = 9696
2025-09-26 17:09:57,890 - ui.main_window - DEBUG - Sent parameter 23 = 9679
2025-09-26 17:09:57,906 - ui.main_window - DEBUG - Sent parameter 23 = 9645
2025-09-26 17:09:57,924 - ui.main_window - DEBUG - Sent parameter 23 = 9628
2025-09-26 17:09:57,939 - ui.main_window - DEBUG - Sent parameter 23 = 9611
2025-09-26 17:09:57,957 - ui.main_window - DEBUG - Sent parameter 23 = 9577
2025-09-26 17:09:57,973 - ui.main_window - DEBUG - Sent parameter 23 = 9560
2025-09-26 17:09:57,990 - ui.main_window - DEBUG - Sent parameter 23 = 9525
2025-09-26 17:09:58,006 - ui.main_window - DEBUG - Sent parameter 23 = 9508
2025-09-26 17:09:58,024 - ui.main_window - DEBUG - Sent parameter 23 = 9491
2025-09-26 17:09:58,055 - ui.main_window - DEBUG - Sent parameter 23 = 9474
2025-09-26 17:09:58,105 - ui.main_window - DEBUG - Sent parameter 23 = 9457
2025-09-26 17:09:58,221 - ui.main_window - DEBUG - Sent parameter 23 = 9440
2025-09-26 17:09:58,271 - ui.main_window - DEBUG - Sent parameter 23 = 9423
2025-09-26 17:09:58,305 - ui.main_window - DEBUG - Sent parameter 23 = 9406
2025-09-26 17:09:58,323 - ui.main_window - DEBUG - Sent parameter 23 = 9389
2025-09-26 17:09:58,340 - ui.main_window - DEBUG - Sent parameter 23 = 9371
2025-09-26 17:09:58,356 - ui.main_window - DEBUG - Sent parameter 23 = 9354
2025-09-26 17:09:58,373 - ui.main_window - DEBUG - Sent parameter 23 = 9337
2025-09-26 17:09:58,390 - ui.main_window - DEBUG - Sent parameter 23 = 9320
2025-09-26 17:09:58,407 - ui.main_window - DEBUG - Sent parameter 23 = 9303
2025-09-26 17:09:58,423 - ui.main_window - DEBUG - Sent parameter 23 = 9286
2025-09-26 17:09:58,439 - ui.main_window - DEBUG - Sent parameter 23 = 9269
2025-09-26 17:09:58,472 - ui.main_window - DEBUG - Sent parameter 23 = 9252
2025-09-26 17:09:58,490 - ui.main_window - DEBUG - Sent parameter 23 = 9235
2025-09-26 17:09:58,522 - ui.main_window - DEBUG - Sent parameter 23 = 9218
2025-09-26 17:09:58,541 - ui.main_window - DEBUG - Sent parameter 23 = 9200
2025-09-26 17:09:58,572 - ui.main_window - DEBUG - Sent parameter 23 = 9183
2025-09-26 17:09:58,622 - ui.main_window - DEBUG - Sent parameter 23 = 9166
2025-09-26 17:09:58,723 - ui.main_window - DEBUG - Sent parameter 23 = 9149
2025-09-26 17:09:58,756 - ui.main_window - DEBUG - Sent parameter 23 = 9132
2025-09-26 17:09:58,775 - ui.main_window - DEBUG - Sent parameter 23 = 9115
2025-09-26 17:09:58,807 - ui.main_window - DEBUG - Sent parameter 23 = 9098
2025-09-26 17:09:58,839 - ui.main_window - DEBUG - Sent parameter 23 = 9081
2025-09-26 17:09:58,859 - ui.main_window - DEBUG - Sent parameter 23 = 9064
2025-09-26 17:09:58,890 - ui.main_window - DEBUG - Sent parameter 23 = 9047
2025-09-26 17:09:58,923 - ui.main_window - DEBUG - Sent parameter 23 = 9029
2025-09-26 17:09:58,956 - ui.main_window - DEBUG - Sent parameter 23 = 9012
2025-09-26 17:09:58,990 - ui.main_window - DEBUG - Sent parameter 23 = 8995
2025-09-26 17:09:59,007 - ui.main_window - DEBUG - Sent parameter 23 = 8978
2025-09-26 17:09:59,038 - ui.main_window - DEBUG - Sent parameter 23 = 8961
2025-09-26 17:09:59,072 - ui.main_window - DEBUG - Sent parameter 23 = 8944
2025-09-26 17:09:59,092 - ui.main_window - DEBUG - Sent parameter 23 = 8927
2025-09-26 17:09:59,123 - ui.main_window - DEBUG - Sent parameter 23 = 8910
2025-09-26 17:09:59,156 - ui.main_window - DEBUG - Sent parameter 23 = 8893
2025-09-26 17:09:59,174 - ui.main_window - DEBUG - Sent parameter 23 = 8876
2025-09-26 17:09:59,222 - ui.main_window - DEBUG - Sent parameter 23 = 8858
2025-09-26 17:09:59,289 - ui.main_window - DEBUG - Sent parameter 23 = 8841
2025-09-26 17:09:59,338 - ui.main_window - DEBUG - Sent parameter 23 = 8824
2025-09-26 17:09:59,389 - ui.main_window - DEBUG - Sent parameter 23 = 8807
2025-09-26 17:09:59,522 - ui.main_window - DEBUG - Sent parameter 23 = 8790
2025-09-26 17:09:59,589 - ui.main_window - DEBUG - Sent parameter 23 = 8773
2025-09-26 17:09:59,675 - ui.main_window - DEBUG - Sent parameter 23 = 8756
2025-09-26 17:09:59,740 - ui.main_window - DEBUG - Sent parameter 23 = 8739
2025-09-26 17:09:59,905 - ui.main_window - DEBUG - Sent parameter 23 = 8722
2025-09-26 17:09:59,957 - ui.main_window - DEBUG - Sent parameter 23 = 8705
2025-09-26 17:10:00,036 - ui.main_window - DEBUG - Sent parameter 23 = 8687
2025-09-26 17:10:00,105 - ui.main_window - DEBUG - Sent parameter 23 = 8670
2025-09-26 17:10:00,356 - ui.main_window - DEBUG - Sent parameter 23 = 8653
2025-09-26 17:10:00,422 - ui.main_window - DEBUG - Sent parameter 23 = 8636
2025-09-26 17:10:00,607 - ui.main_window - DEBUG - Sent parameter 23 = 8619
2025-09-26 17:10:00,672 - ui.main_window - DEBUG - Sent parameter 23 = 8602
2025-09-26 17:10:00,771 - ui.main_window - DEBUG - Sent parameter 23 = 8585
2025-09-26 17:10:00,805 - ui.main_window - DEBUG - Sent parameter 23 = 8568
2025-09-26 17:10:00,841 - ui.main_window - DEBUG - Sent parameter 23 = 8551
2025-09-26 17:10:00,892 - ui.main_window - DEBUG - Sent parameter 23 = 8534
2025-09-26 17:10:00,972 - ui.main_window - DEBUG - Sent parameter 23 = 8516
2025-09-26 17:10:01,005 - ui.main_window - DEBUG - Sent parameter 23 = 8499
2025-09-26 17:10:01,039 - ui.main_window - DEBUG - Sent parameter 23 = 8482
2025-09-26 17:10:01,089 - ui.main_window - DEBUG - Sent parameter 23 = 8465
2025-09-26 17:10:01,205 - ui.main_window - DEBUG - Sent parameter 23 = 8448
2025-09-26 17:10:01,389 - ui.main_window - DEBUG - Sent parameter 23 = 8431
2025-09-26 17:10:01,472 - ui.main_window - DEBUG - Sent parameter 23 = 8414
2025-09-26 17:10:01,522 - ui.main_window - DEBUG - Sent parameter 23 = 8397
2025-09-26 17:10:01,588 - ui.main_window - DEBUG - Sent parameter 23 = 8380
2025-09-26 17:10:01,673 - ui.main_window - DEBUG - Sent parameter 23 = 8363
2025-09-26 17:10:01,873 - ui.main_window - DEBUG - Sent parameter 23 = 8345
2025-09-26 17:10:02,074 - ui.main_window - DEBUG - Sent parameter 23 = 8328
2025-09-26 17:10:02,174 - ui.main_window - DEBUG - Sent parameter 23 = 8311
2025-09-26 17:10:03,339 - ui.main_window - DEBUG - Sent parameter 23 = 8294
2025-09-26 17:10:03,972 - ui.main_window - DEBUG - Sent parameter 23 = 8277
2025-09-26 17:10:05,089 - ui.main_window - DEBUG - Sent parameter 23 = 8260
2025-09-26 17:10:06,939 - ui.main_window - DEBUG - Sent parameter 23 = 8243
2025-09-26 17:10:06,991 - ui.main_window - DEBUG - Sent parameter 23 = 8226
2025-09-26 17:10:07,023 - ui.main_window - DEBUG - Sent parameter 23 = 8209
2025-09-26 17:10:07,056 - ui.main_window - DEBUG - Sent parameter 23 = 8192
2025-09-26 17:10:10,675 - ui.main_window - DEBUG - Sent parameter 23 = 12872
2025-09-26 17:10:12,790 - ui.main_window - DEBUG - Sent parameter 23 = 8756
2025-09-26 17:10:14,739 - ui.main_window - DEBUG - Sent parameter 23 = 8739
2025-09-26 17:10:14,807 - ui.main_window - DEBUG - Sent parameter 23 = 8722
2025-09-26 17:10:14,907 - ui.main_window - DEBUG - Sent parameter 23 = 8705
2025-09-26 17:10:15,007 - ui.main_window - DEBUG - Sent parameter 23 = 8687
2025-09-26 17:10:15,024 - ui.main_window - DEBUG - Sent parameter 23 = 8670
2025-09-26 17:10:15,056 - ui.main_window - DEBUG - Sent parameter 23 = 8653
2025-09-26 17:10:15,074 - ui.main_window - DEBUG - Sent parameter 23 = 8636
2025-09-26 17:10:15,174 - ui.main_window - DEBUG - Sent parameter 23 = 8619
2025-09-26 17:10:15,294 - ui.main_window - DEBUG - Sent parameter 23 = 8602
2025-09-26 17:10:15,356 - ui.main_window - DEBUG - Sent parameter 23 = 8585
2025-09-26 17:10:15,391 - ui.main_window - DEBUG - Sent parameter 23 = 8568
2025-09-26 17:10:15,424 - ui.main_window - DEBUG - Sent parameter 23 = 8551
2025-09-26 17:10:15,441 - ui.main_window - DEBUG - Sent parameter 23 = 8534
2025-09-26 17:10:15,458 - ui.main_window - DEBUG - Sent parameter 23 = 8516
2025-09-26 17:10:15,475 - ui.main_window - DEBUG - Sent parameter 23 = 8499
2025-09-26 17:10:15,492 - ui.main_window - DEBUG - Sent parameter 23 = 8482
2025-09-26 17:10:15,523 - ui.main_window - DEBUG - Sent parameter 23 = 8465
2025-09-26 17:10:15,541 - ui.main_window - DEBUG - Sent parameter 23 = 8448
2025-09-26 17:10:15,559 - ui.main_window - DEBUG - Sent parameter 23 = 8431
2025-09-26 17:10:15,574 - ui.main_window - DEBUG - Sent parameter 23 = 8414
2025-09-26 17:10:15,590 - ui.main_window - DEBUG - Sent parameter 23 = 8380
2025-09-26 17:10:15,625 - ui.main_window - DEBUG - Sent parameter 23 = 8363
2025-09-26 17:10:15,656 - ui.main_window - DEBUG - Sent parameter 23 = 8345
2025-09-26 17:10:16,223 - ui.main_window - DEBUG - Sent parameter 23 = 8328
2025-09-26 17:10:16,290 - ui.main_window - DEBUG - Sent parameter 23 = 8311
2025-09-26 17:10:16,325 - ui.main_window - DEBUG - Sent parameter 23 = 8294
2025-09-26 17:10:16,358 - ui.main_window - DEBUG - Sent parameter 23 = 8277
2025-09-26 17:10:16,374 - ui.main_window - DEBUG - Sent parameter 23 = 8260
2025-09-26 17:10:16,390 - ui.main_window - DEBUG - Sent parameter 23 = 8243
2025-09-26 17:10:16,439 - ui.main_window - DEBUG - Sent parameter 23 = 8226
2025-09-26 17:10:18,723 - ui.main_window - DEBUG - Sent parameter 23 = 8209
2025-09-26 17:10:18,956 - ui.main_window - DEBUG - Sent parameter 23 = 8192
2025-09-26 17:10:18,989 - ui.main_window - DEBUG - Sent parameter 23 = 8174
2025-09-26 17:10:19,009 - ui.main_window - DEBUG - Sent parameter 23 = 8157
2025-09-26 17:10:19,026 - ui.main_window - DEBUG - Sent parameter 23 = 8140
2025-09-26 17:10:19,706 - ui.main_window - DEBUG - Sent parameter 23 = 8157
2025-09-26 17:10:20,356 - ui.main_window - DEBUG - Sent parameter 23 = 8174
2025-09-26 17:10:20,890 - ui.main_window - DEBUG - Sent parameter 23 = 8192
2025-09-26 23:35:55,314 - midi.connection - DEBUG - MIDI listen thread stopped
2025-09-26 23:35:55,326 - midi.connection - INFO - Disconnected from MIDI ports
2025-09-26 23:36:05,693 - __main__ - INFO - Starting Matriarch Controller...
2025-09-26 23:36:05,825 - __main__ - INFO - MIDI system OK: 23 inputs, 23 outputs
2025-09-26 23:36:05,987 - __main__ - ERROR - Unexpected error in main application
Traceback (most recent call last):
  File "/Users/mini4/matriarch_controller/main.py", line 123, in main
    from ui.main_window import MatriarchMainWindow
  File "/Users/mini4/matriarch_controller/ui/__init__.py", line 7, in <module>
    from .main_window import MatriarchMainWindow
  File "/Users/mini4/matriarch_controller/ui/main_window.py", line 18, in <module>
    from data.parameter_definitions import (
    ...<2 lines>...
    )
  File "/Users/mini4/matriarch_controller/data/__init__.py", line 7, in <module>
    from .parameter_definitions import (
    ...<7 lines>...
    )
  File "/Users/mini4/matriarch_controller/data/parameter_definitions.py", line 132, in <module>
    Parameter(
    ~~~~~~~~~^
        param_id=0,
        ^^^^^^^^^^^
    ...<6 lines>...
        tooltip="MIDI Unit ID (0-15)"
        ^^^^^^^^^^^^^^^^^^^^^^^^^^^^^
    ),
    ^
TypeError: Parameter.__init__() got an unexpected keyword argument 'tab'
2025-09-26 23:39:53,065 - __main__ - INFO - Starting Matriarch Controller...
2025-09-26 23:39:53,222 - __main__ - INFO - MIDI system OK: 23 inputs, 23 outputs
2025-09-26 23:39:53,384 - __main__ - ERROR - Unexpected error in main application
Traceback (most recent call last):
  File "/Users/mini4/matriarch_controller/main.py", line 123, in main
    from ui.main_window import MatriarchMainWindow
  File "/Users/mini4/matriarch_controller/ui/__init__.py", line 7, in <module>
    from .main_window import MatriarchMainWindow
  File "/Users/mini4/matriarch_controller/ui/main_window.py", line 18, in <module>
    from data.parameter_definitions import (
    ...<2 lines>...
    )
  File "/Users/mini4/matriarch_controller/data/__init__.py", line 7, in <module>
    from .parameter_definitions import (
    ...<7 lines>...
    )
  File "/Users/mini4/matriarch_controller/data/parameter_definitions.py", line 132, in <module>
    Parameter(
    ~~~~~~~~~^
        param_id=0,
        ^^^^^^^^^^^
    ...<6 lines>...
        tooltip="MIDI Unit ID (0-15)"
        ^^^^^^^^^^^^^^^^^^^^^^^^^^^^^
    ),
    ^
TypeError: Parameter.__init__() missing 1 required positional argument: 'description'
2025-09-26 23:42:37,695 - __main__ - INFO - Starting Matriarch Controller...
2025-09-26 23:42:37,843 - __main__ - INFO - MIDI system OK: 23 inputs, 23 outputs
2025-09-26 23:42:37,964 - __main__ - ERROR - Import error: cannot import name 'PARAMETERS' from 'data.parameter_definitions' (/Users/mini4/matriarch_controller/data/parameter_definitions.py)
2025-09-26 23:49:57,575 - __main__ - INFO - Starting Matriarch Controller...
2025-09-26 23:49:57,733 - __main__ - INFO - MIDI system OK: 23 inputs, 23 outputs
2025-09-26 23:49:57,992 - __main__ - ERROR - Unexpected error in main application
Traceback (most recent call last):
  File "/Users/mini4/matriarch_controller/main.py", line 125, in main
    main_window = MatriarchMainWindow()
  File "/Users/mini4/matriarch_controller/ui/main_window.py", line 80, in __init__
    self.init_ui()
    ~~~~~~~~~~~~^^
  File "/Users/mini4/matriarch_controller/ui/main_window.py", line 110, in init_ui
    self.create_parameter_tabs()
    ~~~~~~~~~~~~~~~~~~~~~~~~~~^^
  File "/Users/mini4/matriarch_controller/ui/main_window.py", line 193, in create_parameter_tabs
    categories = get_parameters_by_category()
  File "/Users/mini4/matriarch_controller/data/parameter_definitions.py", line 868, in get_parameters_by_category
    for param in PARAMETERS.values():
                 ^^^^^^^^^^^^^^^^^
AttributeError: 'list' object has no attribute 'values'
2025-09-26 23:54:59,562 - __main__ - INFO - Starting Matriarch Controller...
2025-09-26 23:54:59,701 - __main__ - INFO - MIDI system OK: 23 inputs, 23 outputs
2025-09-26 23:54:59,857 - __main__ - ERROR - Unexpected error in main application
Traceback (most recent call last):
  File "/Users/mini4/matriarch_controller/main.py", line 125, in main
    main_window = MatriarchMainWindow()
  File "/Users/mini4/matriarch_controller/ui/main_window.py", line 80, in __init__
    self.init_ui()
    ~~~~~~~~~~~~^^
  File "/Users/mini4/matriarch_controller/ui/main_window.py", line 110, in init_ui
    self.create_parameter_tabs()
    ~~~~~~~~~~~~~~~~~~~~~~~~~~^^
  File "/Users/mini4/matriarch_controller/ui/main_window.py", line 199, in create_parameter_tabs
    self.tab_widget.addTab(tab_widget, category.value)
                                       ^^^^^^^^^^^^^^
AttributeError: 'str' object has no attribute 'value'
2025-09-27 00:01:11,651 - __main__ - INFO - Starting Matriarch Controller...
2025-09-27 00:01:11,847 - __main__ - INFO - MIDI system OK: 23 inputs, 23 outputs
2025-09-27 00:01:12,194 - ui.main_window - DEBUG - Auto-reconnect disabled
2025-09-27 00:01:12,199 - __main__ - INFO - Main window created and shown
2025-09-27 00:08:40,034 - __main__ - INFO - Starting Matriarch Controller...
2025-09-27 00:08:40,150 - __main__ - INFO - MIDI system OK: 23 inputs, 23 outputs
2025-09-27 00:08:40,308 - ui.main_window - DEBUG - Auto-reconnect disabled
2025-09-27 00:08:40,316 - __main__ - INFO - Main window created and shown
2025-09-27 00:46:41,075 - __main__ - INFO - Starting Matriarch Controller...
2025-09-27 00:46:41,206 - __main__ - INFO - MIDI system OK: 23 inputs, 23 outputs
2025-09-27 00:46:41,460 - ui.main_window - DEBUG - Auto-reconnect disabled
2025-09-27 00:46:41,464 - __main__ - INFO - Main window created and shown
2025-09-27 00:52:19,659 - __main__ - INFO - Starting Matriarch Controller...
2025-09-27 00:52:19,816 - __main__ - INFO - MIDI system OK: 23 inputs, 23 outputs
2025-09-27 00:52:20,168 - ui.main_window - DEBUG - Auto-reconnect disabled
2025-09-27 00:52:20,174 - __main__ - INFO - Main window created and shown
2025-09-27 00:58:39,438 - __main__ - INFO - Starting Matriarch Controller...
2025-09-27 00:58:39,614 - __main__ - INFO - MIDI system OK: 23 inputs, 23 outputs
2025-09-27 00:58:39,890 - ui.main_window - DEBUG - Auto-reconnect disabled
2025-09-27 00:58:39,896 - __main__ - INFO - Main window created and shown
2025-09-27 01:16:06,603 - __main__ - INFO - Starting Matriarch Controller...
2025-09-27 01:16:06,756 - __main__ - INFO - MIDI system OK: 23 inputs, 23 outputs
2025-09-27 01:16:07,057 - ui.main_window - DEBUG - Auto-reconnect disabled
2025-09-27 01:16:07,064 - __main__ - INFO - Main window created and shown
2025-09-27 01:30:26,850 - __main__ - INFO - Starting Matriarch Controller...
2025-09-27 01:30:27,007 - __main__ - INFO - MIDI system OK: 23 inputs, 23 outputs
2025-09-27 01:30:27,370 - ui.main_window - DEBUG - Auto-reconnect disabled
2025-09-27 01:30:27,378 - __main__ - INFO - Main window created and shown
2025-09-27 01:36:13,631 - __main__ - INFO - Starting Matriarch Controller...
2025-09-27 01:36:13,783 - __main__ - INFO - MIDI system OK: 23 inputs, 23 outputs
2025-09-27 01:36:14,057 - ui.main_window - DEBUG - Auto-reconnect disabled
2025-09-27 01:36:14,065 - __main__ - INFO - Main window created and shown
2025-09-27 01:45:46,657 - __main__ - INFO - Starting Matriarch Controller...
2025-09-27 01:45:46,810 - __main__ - INFO - MIDI system OK: 23 inputs, 23 outputs
2025-09-27 01:45:47,134 - ui.main_window - DEBUG - Auto-reconnect disabled
2025-09-27 01:45:47,141 - __main__ - INFO - Main window created and shown
2025-09-27 01:48:48,870 - __main__ - INFO - Starting Matriarch Controller...
2025-09-27 01:48:48,984 - __main__ - INFO - MIDI system OK: 23 inputs, 23 outputs
2025-09-27 01:48:49,144 - ui.main_window - DEBUG - Auto-reconnect disabled
2025-09-27 01:48:49,149 - __main__ - INFO - Main window created and shown
2025-09-27 01:50:51,455 - midi.connection - WARNING - Cannot send message: not connected
2025-09-27 01:50:51,456 - ui.main_window - WARNING - Failed to send parameter 23 = 12872
2025-09-27 01:51:08,851 - midi.connection - WARNING - Cannot send message: not connected
2025-09-27 01:51:08,852 - ui.main_window - WARNING - Failed to send parameter 23 = 12963
2025-09-27 01:51:08,955 - midi.connection - WARNING - Cannot send message: not connected
2025-09-27 01:51:08,956 - ui.main_window - WARNING - Failed to send parameter 23 = 12946
2025-09-27 01:51:08,989 - midi.connection - WARNING - Cannot send message: not connected
2025-09-27 01:51:08,990 - ui.main_window - WARNING - Failed to send parameter 23 = 12894
2025-09-27 01:51:09,008 - midi.connection - WARNING - Cannot send message: not connected
2025-09-27 01:51:09,008 - ui.main_window - WARNING - Failed to send parameter 23 = 12775
2025-09-27 01:51:09,023 - midi.connection - WARNING - Cannot send message: not connected
2025-09-27 01:51:09,023 - ui.main_window - WARNING - Failed to send parameter 23 = 12552
2025-09-27 01:51:09,040 - midi.connection - WARNING - Cannot send message: not connected
2025-09-27 01:51:09,040 - ui.main_window - WARNING - Failed to send parameter 23 = 12210
2025-09-27 01:51:09,056 - midi.connection - WARNING - Cannot send message: not connected
2025-09-27 01:51:09,056 - ui.main_window - WARNING - Failed to send parameter 23 = 11800
2025-09-27 01:51:09,073 - midi.connection - WARNING - Cannot send message: not connected
2025-09-27 01:51:09,073 - ui.main_window - WARNING - Failed to send parameter 23 = 11321
2025-09-27 01:51:09,090 - midi.connection - WARNING - Cannot send message: not connected
2025-09-27 01:51:09,090 - ui.main_window - WARNING - Failed to send parameter 23 = 10928
2025-09-27 01:51:09,106 - midi.connection - WARNING - Cannot send message: not connected
2025-09-27 01:51:09,106 - ui.main_window - WARNING - Failed to send parameter 23 = 10551
2025-09-27 01:51:09,122 - midi.connection - WARNING - Cannot send message: not connected
2025-09-27 01:51:09,122 - ui.main_window - WARNING - Failed to send parameter 23 = 10141
2025-09-27 01:51:09,139 - midi.connection - WARNING - Cannot send message: not connected
2025-09-27 01:51:09,139 - ui.main_window - WARNING - Failed to send parameter 23 = 9765
2025-09-27 01:51:09,156 - midi.connection - WARNING - Cannot send message: not connected
2025-09-27 01:51:09,156 - ui.main_window - WARNING - Failed to send parameter 23 = 9406
2025-09-27 01:51:09,173 - midi.connection - WARNING - Cannot send message: not connected
2025-09-27 01:51:09,173 - ui.main_window - WARNING - Failed to send parameter 23 = 9064
2025-09-27 01:51:09,190 - midi.connection - WARNING - Cannot send message: not connected
2025-09-27 01:51:09,190 - ui.main_window - WARNING - Failed to send parameter 23 = 8756
2025-09-27 01:51:09,209 - midi.connection - WARNING - Cannot send message: not connected
2025-09-27 01:51:09,210 - ui.main_window - WARNING - Failed to send parameter 23 = 8534
2025-09-27 01:51:09,225 - midi.connection - WARNING - Cannot send message: not connected
2025-09-27 01:51:09,226 - ui.main_window - WARNING - Failed to send parameter 23 = 8328
2025-09-27 01:51:09,240 - midi.connection - WARNING - Cannot send message: not connected
2025-09-27 01:51:09,240 - ui.main_window - WARNING - Failed to send parameter 23 = 8174
2025-09-27 01:51:09,257 - midi.connection - WARNING - Cannot send message: not connected
2025-09-27 01:51:09,257 - ui.main_window - WARNING - Failed to send parameter 23 = 8072
2025-09-27 01:51:09,274 - midi.connection - WARNING - Cannot send message: not connected
2025-09-27 01:51:09,274 - ui.main_window - WARNING - Failed to send parameter 23 = 7986
2025-09-27 01:51:09,293 - midi.connection - WARNING - Cannot send message: not connected
2025-09-27 01:51:09,293 - ui.main_window - WARNING - Failed to send parameter 23 = 7952
2025-09-27 01:51:09,307 - midi.connection - WARNING - Cannot send message: not connected
2025-09-27 01:51:09,308 - ui.main_window - WARNING - Failed to send parameter 23 = 7935
2025-09-27 01:51:09,325 - midi.connection - WARNING - Cannot send message: not connected
2025-09-27 01:51:09,325 - ui.main_window - WARNING - Failed to send parameter 23 = 7918
2025-09-27 01:51:09,706 - midi.connection - WARNING - Cannot send message: not connected
2025-09-27 01:51:09,706 - ui.main_window - WARNING - Failed to send parameter 23 = 7935
2025-09-27 01:51:09,922 - midi.connection - WARNING - Cannot send message: not connected
2025-09-27 01:51:09,922 - ui.main_window - WARNING - Failed to send parameter 23 = 7952
2025-09-27 01:51:09,955 - midi.connection - WARNING - Cannot send message: not connected
2025-09-27 01:51:09,956 - ui.main_window - WARNING - Failed to send parameter 23 = 7969
2025-09-27 01:51:09,979 - midi.connection - WARNING - Cannot send message: not connected
2025-09-27 01:51:09,979 - ui.main_window - WARNING - Failed to send parameter 23 = 7986
2025-09-27 01:51:09,990 - midi.connection - WARNING - Cannot send message: not connected
2025-09-27 01:51:09,990 - ui.main_window - WARNING - Failed to send parameter 23 = 8003
2025-09-27 01:51:10,005 - midi.connection - WARNING - Cannot send message: not connected
2025-09-27 01:51:10,006 - ui.main_window - WARNING - Failed to send parameter 23 = 8020
2025-09-27 01:51:10,022 - midi.connection - WARNING - Cannot send message: not connected
2025-09-27 01:51:10,022 - ui.main_window - WARNING - Failed to send parameter 23 = 8038
2025-09-27 01:51:10,040 - midi.connection - WARNING - Cannot send message: not connected
2025-09-27 01:51:10,040 - ui.main_window - WARNING - Failed to send parameter 23 = 8055
2025-09-27 01:51:10,089 - midi.connection - WARNING - Cannot send message: not connected
2025-09-27 01:51:10,089 - ui.main_window - WARNING - Failed to send parameter 23 = 8072
2025-09-27 01:51:10,323 - midi.connection - WARNING - Cannot send message: not connected
2025-09-27 01:51:10,323 - ui.main_window - WARNING - Failed to send parameter 23 = 8089
2025-09-27 01:51:10,341 - midi.connection - WARNING - Cannot send message: not connected
2025-09-27 01:51:10,341 - ui.main_window - WARNING - Failed to send parameter 23 = 8106
2025-09-27 01:51:10,372 - midi.connection - WARNING - Cannot send message: not connected
2025-09-27 01:51:10,373 - ui.main_window - WARNING - Failed to send parameter 23 = 8123
2025-09-27 01:51:10,406 - midi.connection - WARNING - Cannot send message: not connected
2025-09-27 01:51:10,406 - ui.main_window - WARNING - Failed to send parameter 23 = 8140
2025-09-27 01:51:10,456 - midi.connection - WARNING - Cannot send message: not connected
2025-09-27 01:51:10,456 - ui.main_window - WARNING - Failed to send parameter 23 = 8157
2025-09-27 01:51:10,523 - midi.connection - WARNING - Cannot send message: not connected
2025-09-27 01:51:10,523 - ui.main_window - WARNING - Failed to send parameter 23 = 8174
2025-09-27 01:51:10,623 - midi.connection - WARNING - Cannot send message: not connected
2025-09-27 01:51:10,623 - ui.main_window - WARNING - Failed to send parameter 23 = 8192
2025-09-28 21:59:04,782 - midi.connection - WARNING - Cannot send message: not connected
2025-09-28 21:59:04,788 - ui.main_window - WARNING - Failed to send parameter 40 = 2
2025-09-28 21:59:11,553 - midi.connection - WARNING - Cannot send message: not connected
2025-09-28 21:59:11,554 - ui.main_window - WARNING - Failed to send parameter 40 = 0
2025-09-28 22:03:53,321 - midi.connection - WARNING - Cannot send message: not connected
2025-09-28 22:03:53,322 - ui.main_window - WARNING - Failed to send parameter 44 = 6
2025-09-28 22:03:53,356 - midi.connection - WARNING - Cannot send message: not connected
2025-09-28 22:03:53,356 - ui.main_window - WARNING - Failed to send parameter 44 = 5
2025-09-28 22:03:53,387 - midi.connection - WARNING - Cannot send message: not connected
2025-09-28 22:03:53,387 - ui.main_window - WARNING - Failed to send parameter 44 = 4
2025-09-28 22:03:53,404 - midi.connection - WARNING - Cannot send message: not connected
2025-09-28 22:03:53,404 - ui.main_window - WARNING - Failed to send parameter 44 = 3
2025-09-28 22:03:53,433 - midi.connection - WARNING - Cannot send message: not connected
2025-09-28 22:03:53,433 - ui.main_window - WARNING - Failed to send parameter 44 = 2
2025-09-28 22:03:53,484 - midi.connection - WARNING - Cannot send message: not connected
2025-09-28 22:03:53,484 - ui.main_window - WARNING - Failed to send parameter 44 = 1
2025-09-28 22:03:53,584 - midi.connection - WARNING - Cannot send message: not connected
2025-09-28 22:03:53,584 - ui.main_window - WARNING - Failed to send parameter 44 = 0
2025-09-28 22:03:55,702 - midi.connection - WARNING - Cannot send message: not connected
2025-09-28 22:03:55,702 - ui.main_window - WARNING - Failed to send parameter 44 = 1
2025-09-28 22:03:55,968 - midi.connection - WARNING - Cannot send message: not connected
2025-09-28 22:03:55,968 - ui.main_window - WARNING - Failed to send parameter 44 = 2
2025-09-28 22:03:56,235 - midi.connection - WARNING - Cannot send message: not connected
2025-09-28 22:03:56,235 - ui.main_window - WARNING - Failed to send parameter 44 = 3
2025-09-28 22:03:56,535 - midi.connection - WARNING - Cannot send message: not connected
2025-09-28 22:03:56,536 - ui.main_window - WARNING - Failed to send parameter 44 = 4
2025-09-28 22:03:56,819 - midi.connection - WARNING - Cannot send message: not connected
2025-09-28 22:03:56,819 - ui.main_window - WARNING - Failed to send parameter 44 = 5
2025-09-28 22:03:57,603 - midi.connection - WARNING - Cannot send message: not connected
2025-09-28 22:03:57,603 - ui.main_window - WARNING - Failed to send parameter 44 = 6
2025-09-28 22:03:57,952 - midi.connection - WARNING - Cannot send message: not connected
2025-09-28 22:03:57,953 - ui.main_window - WARNING - Failed to send parameter 44 = 7
2025-09-29 01:15:38,977 - __main__ - INFO - Starting Matriarch Controller...
2025-09-29 01:15:39,148 - __main__ - INFO - MIDI system OK: 23 inputs, 23 outputs
2025-09-29 01:15:39,480 - ui.main_window - DEBUG - Auto-reconnect disabled
2025-09-29 01:15:39,486 - __main__ - INFO - Main window created and shown
2025-09-29 01:16:01,228 - midi.connection - WARNING - Cannot send message: not connected
2025-09-29 01:16:01,229 - ui.main_window - WARNING - Failed to send parameter 43 = 4
2025-09-29 01:16:01,241 - midi.connection - WARNING - Cannot send message: not connected
2025-09-29 01:16:01,241 - ui.main_window - WARNING - Failed to send parameter 43 = 0
2025-09-29 01:16:29,598 - midi.connection - WARNING - Cannot send message: not connected
2025-09-29 01:16:29,599 - ui.main_window - WARNING - Failed to send parameter 60 = 1
2025-09-29 01:16:32,800 - midi.connection - WARNING - Cannot send message: not connected
2025-09-29 01:16:32,800 - ui.main_window - WARNING - Failed to send parameter 60 = 0
2025-09-29 01:31:41,699 - __main__ - INFO - Starting Matriarch Controller...
2025-09-29 01:31:41,855 - __main__ - INFO - MIDI system OK: 23 inputs, 23 outputs
2025-09-29 01:31:42,193 - ui.main_window - DEBUG - Auto-reconnect disabled
2025-09-29 01:31:42,198 - __main__ - INFO - Main window created and shown
2025-09-29 01:48:57,816 - __main__ - INFO - Starting Matriarch Controller...
2025-09-29 01:48:57,951 - __main__ - INFO - MIDI system OK: 23 inputs, 23 outputs
2025-09-29 01:48:58,092 - __main__ - ERROR - Unexpected error in main application
Traceback (most recent call last):
  File "/Users/mini4/matriarch_controller/main.py", line 123, in main
    from ui.main_window import MatriarchMainWindow
  File "/Users/mini4/matriarch_controller/ui/__init__.py", line 7, in <module>
    from .main_window import MatriarchMainWindow
  File "/Users/mini4/matriarch_controller/ui/main_window.py", line 233
    license_text.setPlainText(
                             ^
SyntaxError: '(' was never closed
2025-09-29 01:49:33,574 - __main__ - INFO - Starting Matriarch Controller...
2025-09-29 01:49:33,712 - __main__ - INFO - MIDI system OK: 23 inputs, 23 outputs
2025-09-29 01:49:33,916 - ui.main_window - DEBUG - Auto-reconnect disabled
2025-09-29 01:49:33,922 - __main__ - INFO - Main window created and shown
2025-09-29 02:36:12,706 - __main__ - INFO - Starting Matriarch Controller...
2025-09-29 02:36:12,845 - __main__ - INFO - MIDI system OK: 23 inputs, 23 outputs
2025-09-29 02:36:13,040 - __main__ - ERROR - Unexpected error in main application
Traceback (most recent call last):
  File "/Users/mini4/matriarch_controller/main.py", line 123, in main
    from ui.main_window import MatriarchMainWindow
  File "/Users/mini4/matriarch_controller/ui/__init__.py", line 7, in <module>
    from .main_window import MatriarchMainWindow
  File "/Users/mini4/matriarch_controller/ui/main_window.py", line 791
    def show_license_dialog(self):
                                  ^
IndentationError: unindent does not match any outer indentation level
2025-09-29 02:38:42,303 - __main__ - INFO - Starting Matriarch Controller...
2025-09-29 02:38:42,439 - __main__ - INFO - MIDI system OK: 23 inputs, 23 outputs
2025-09-29 02:38:42,682 - ui.main_window - DEBUG - Auto-reconnect disabled
2025-09-29 02:38:42,687 - __main__ - INFO - Main window created and shown
2025-09-29 02:41:05,357 - __main__ - INFO - Starting Matriarch Controller...
2025-09-29 02:41:05,507 - __main__ - INFO - MIDI system OK: 23 inputs, 23 outputs
2025-09-29 02:41:05,732 - ui.main_window - DEBUG - Auto-reconnect disabled
2025-09-29 02:41:05,739 - __main__ - INFO - Main window created and shown
2025-09-29 02:43:30,178 - __main__ - INFO - Starting Matriarch Controller...
2025-09-29 02:43:30,306 - __main__ - INFO - MIDI system OK: 23 inputs, 23 outputs
2025-09-29 02:43:30,472 - ui.main_window - DEBUG - Auto-reconnect disabled
2025-09-29 02:43:30,476 - __main__ - INFO - Main window created and shown
2025-09-29 02:46:02,279 - __main__ - INFO - Starting Matriarch Controller...
2025-09-29 02:46:02,486 - __main__ - INFO - MIDI system OK: 23 inputs, 23 outputs
2025-09-29 02:46:02,733 - ui.main_window - DEBUG - Auto-reconnect disabled
2025-09-29 02:46:02,742 - __main__ - INFO - Main window created and shown
2025-09-29 02:50:05,029 - __main__ - INFO - Starting Matriarch Controller...
2025-09-29 02:50:05,191 - __main__ - INFO - MIDI system OK: 23 inputs, 23 outputs
2025-09-29 02:50:05,515 - ui.main_window - DEBUG - Auto-reconnect disabled
2025-09-29 02:50:05,524 - __main__ - INFO - Main window created and shown
2025-09-29 02:52:52,117 - __main__ - INFO - Starting Matriarch Controller...
2025-09-29 02:52:52,274 - __main__ - INFO - MIDI system OK: 23 inputs, 23 outputs
2025-09-29 02:52:52,519 - ui.main_window - DEBUG - Auto-reconnect disabled
2025-09-29 02:52:52,524 - __main__ - INFO - Main window created and shown
2025-09-29 02:54:08,315 - __main__ - INFO - Starting Matriarch Controller...
2025-09-29 02:54:08,449 - __main__ - INFO - MIDI system OK: 23 inputs, 23 outputs
2025-09-29 02:54:08,689 - ui.main_window - DEBUG - Auto-reconnect disabled
2025-09-29 02:54:08,693 - __main__ - INFO - Main window created and shown
2025-09-29 02:55:05,249 - __main__ - INFO - Starting Matriarch Controller...
2025-09-29 02:55:05,376 - __main__ - INFO - MIDI system OK: 23 inputs, 23 outputs
2025-09-29 02:55:05,574 - ui.main_window - DEBUG - Auto-reconnect disabled
2025-09-29 02:55:05,579 - __main__ - INFO - Main window created and shown
2025-09-29 02:59:04,346 - __main__ - INFO - Starting Matriarch Controller...
2025-09-29 02:59:04,482 - __main__ - INFO - MIDI system OK: 23 inputs, 23 outputs
2025-09-29 02:59:04,678 - ui.main_window - DEBUG - Auto-reconnect disabled
2025-09-29 02:59:04,681 - __main__ - INFO - Main window created and shown
2025-09-29 02:59:54,630 - __main__ - INFO - Starting Matriarch Controller...
2025-09-29 02:59:54,749 - __main__ - INFO - MIDI system OK: 23 inputs, 23 outputs
2025-09-29 02:59:54,899 - ui.main_window - DEBUG - Auto-reconnect disabled
2025-09-29 02:59:54,902 - __main__ - INFO - Main window created and shown
2025-09-29 03:04:49,614 - __main__ - INFO - Starting Matriarch Controller...
2025-09-29 03:04:49,736 - __main__ - INFO - MIDI system OK: 23 inputs, 23 outputs
2025-09-29 03:04:49,909 - ui.main_window - DEBUG - Auto-reconnect disabled
2025-09-29 03:04:49,913 - __main__ - INFO - Main window created and shown
2025-09-29 03:06:33,931 - __main__ - INFO - Starting Matriarch Controller...
2025-09-29 03:06:34,050 - __main__ - INFO - MIDI system OK: 23 inputs, 23 outputs
2025-09-29 03:06:34,214 - ui.main_window - DEBUG - Auto-reconnect disabled
2025-09-29 03:06:34,217 - __main__ - INFO - Main window created and shown
2025-09-29 03:28:20,751 - midi.connection - WARNING - Cannot send message: not connected
2025-09-29 03:28:20,755 - ui.main_window - WARNING - Failed to send parameter 50 = 1
2025-09-29 03:28:23,624 - midi.connection - WARNING - Cannot send message: not connected
2025-09-29 03:28:23,625 - ui.main_window - WARNING - Failed to send parameter 50 = 0
2025-09-29 03:29:35,636 - midi.connection - WARNING - Cannot send message: not connected
2025-09-29 03:29:35,637 - ui.main_window - WARNING - Failed to send parameter 52 = 0
2025-09-29 03:29:36,868 - midi.connection - WARNING - Cannot send message: not connected
2025-09-29 03:29:36,868 - ui.main_window - WARNING - Failed to send parameter 52 = 0
2025-09-29 03:29:39,053 - midi.connection - WARNING - Cannot send message: not connected
2025-09-29 03:29:39,053 - ui.main_window - WARNING - Failed to send parameter 52 = 0
2025-09-29 03:29:40,325 - midi.connection - WARNING - Cannot send message: not connected
2025-09-29 03:29:40,325 - ui.main_window - WARNING - Failed to send parameter 52 = 1
2025-09-29 03:29:48,844 - midi.connection - DEBUG - MIDI listen thread started
2025-09-29 03:29:48,844 - midi.connection - INFO - Connected to MIDI ports: mioXL MATRIARCH -> mioXL MATRIARCH
2025-09-29 03:29:48,887 - midi.connection - DEBUG - Sending query for parameter 0: SysEx: F0 04 17 3E 00 00 00 00 00 00 00 00 00 00 00 00 F7
2025-09-29 03:29:48,932 - midi.sysex - DEBUG - SysEx parse: param_id=0, value=0, is_response=True, unit_id=1
2025-09-29 03:29:48,932 - midi.sysex - DEBUG - Received response: param 0 = 0
2025-09-29 03:29:48,932 - midi.connection - DEBUG - Parameter update: 0 = 0
2025-09-29 03:29:48,932 - midi.connection - DEBUG - Query successful: param 0 = 0
2025-09-29 03:29:48,932 - midi.connection - DEBUG - Sending query for parameter 0: SysEx: F0 04 17 3E 00 00 00 00 00 00 00 00 00 00 00 00 F7
2025-09-29 03:29:48,968 - midi.sysex - DEBUG - SysEx parse: param_id=0, value=0, is_response=True, unit_id=1
2025-09-29 03:29:48,968 - midi.sysex - DEBUG - Received response: param 0 = 0
2025-09-29 03:29:48,968 - midi.connection - DEBUG - Parameter update: 0 = 0
2025-09-29 03:29:48,968 - midi.connection - DEBUG - Query successful: param 0 = 0
2025-09-29 03:29:48,968 - midi.connection - DEBUG - Sending query for parameter 10: SysEx: F0 04 17 3E 0A 00 00 00 00 00 00 00 00 00 00 00 F7
2025-09-29 03:29:48,999 - midi.sysex - DEBUG - SysEx parse: param_id=10, value=0, is_response=True, unit_id=1
2025-09-29 03:29:48,999 - midi.sysex - DEBUG - Received response: param 10 = 0
2025-09-29 03:29:48,999 - midi.connection - DEBUG - Parameter update: 10 = 0
2025-09-29 03:29:48,999 - midi.connection - DEBUG - Query successful: param 10 = 0
2025-09-29 03:29:49,000 - midi.connection - DEBUG - Sending query for parameter 37: SysEx: F0 04 17 3E 25 00 00 00 00 00 00 00 00 00 00 00 F7
2025-09-29 03:29:49,035 - midi.sysex - DEBUG - SysEx parse: param_id=37, value=2, is_response=True, unit_id=1
2025-09-29 03:29:49,035 - midi.sysex - DEBUG - Received response: param 37 = 2
2025-09-29 03:29:49,035 - midi.connection - DEBUG - Parameter update: 37 = 2
2025-09-29 03:29:49,035 - midi.connection - DEBUG - Query successful: param 37 = 2
2025-09-29 03:29:49,037 - midi.connection - DEBUG - MIDI listen thread stopped
2025-09-29 03:29:49,037 - midi.connection - INFO - Disconnected from MIDI ports
2025-09-29 03:29:56,638 - midi.connection - DEBUG - MIDI listen thread started
2025-09-29 03:29:56,638 - midi.connection - INFO - Connected to MIDI ports: mioXL MATRIARCH -> mioXL MATRIARCH
2025-09-29 03:29:56,647 - midi.connection - DEBUG - Sending query for parameter 0: SysEx: F0 04 17 3E 00 00 00 00 00 00 00 00 00 00 00 00 F7
2025-09-29 03:29:56,683 - midi.sysex - DEBUG - SysEx parse: param_id=0, value=0, is_response=True, unit_id=1
2025-09-29 03:29:56,684 - midi.sysex - DEBUG - Received response: param 0 = 0
2025-09-29 03:29:56,684 - midi.connection - DEBUG - Parameter update: 0 = 0
2025-09-29 03:29:56,684 - midi.connection - DEBUG - Query successful: param 0 = 0
2025-09-29 03:29:57,089 - midi.connection - DEBUG - Sending query for parameter 1: SysEx: F0 04 17 3E 01 00 00 00 00 00 00 00 00 00 00 00 F7
2025-09-29 03:29:57,127 - midi.sysex - DEBUG - SysEx parse: param_id=1, value=0, is_response=True, unit_id=1
2025-09-29 03:29:57,127 - midi.sysex - DEBUG - Received response: param 1 = 0
2025-09-29 03:29:57,127 - midi.connection - DEBUG - Parameter update: 1 = 0
2025-09-29 03:29:57,128 - midi.connection - DEBUG - Query successful: param 1 = 0
2025-09-29 03:29:57,533 - midi.connection - DEBUG - Sending query for parameter 2: SysEx: F0 04 17 3E 02 00 00 00 00 00 00 00 00 00 00 00 F7
2025-09-29 03:29:57,569 - midi.sysex - DEBUG - SysEx parse: param_id=2, value=0, is_response=True, unit_id=1
2025-09-29 03:29:57,569 - midi.sysex - DEBUG - Received response: param 2 = 0
2025-09-29 03:29:57,569 - midi.connection - DEBUG - Parameter update: 2 = 0
2025-09-29 03:29:57,569 - midi.connection - DEBUG - Query successful: param 2 = 0
2025-09-29 03:29:57,975 - midi.connection - DEBUG - Sending query for parameter 3: SysEx: F0 04 17 3E 03 00 00 00 00 00 00 00 00 00 00 00 F7
2025-09-29 03:29:58,012 - midi.sysex - DEBUG - SysEx parse: param_id=3, value=2, is_response=True, unit_id=1
2025-09-29 03:29:58,012 - midi.sysex - DEBUG - Received response: param 3 = 2
2025-09-29 03:29:58,012 - midi.connection - DEBUG - Parameter update: 3 = 2
2025-09-29 03:29:58,012 - midi.connection - DEBUG - Query successful: param 3 = 2
2025-09-29 03:29:58,414 - midi.connection - DEBUG - Sending query for parameter 37: SysEx: F0 04 17 3E 25 00 00 00 00 00 00 00 00 00 00 00 F7
2025-09-29 03:29:58,446 - midi.sysex - DEBUG - SysEx parse: param_id=37, value=2, is_response=True, unit_id=1
2025-09-29 03:29:58,447 - midi.sysex - DEBUG - Received response: param 37 = 2
2025-09-29 03:29:58,447 - midi.connection - DEBUG - Parameter update: 37 = 2
2025-09-29 03:29:58,447 - midi.connection - DEBUG - Query successful: param 37 = 2
2025-09-29 03:29:58,852 - midi.connection - DEBUG - Sending query for parameter 38: SysEx: F0 04 17 3E 26 00 00 00 00 00 00 00 00 00 00 00 F7
2025-09-29 03:29:58,882 - midi.sysex - DEBUG - SysEx parse: param_id=38, value=2, is_response=True, unit_id=1
2025-09-29 03:29:58,882 - midi.sysex - DEBUG - Received response: param 38 = 2
2025-09-29 03:29:58,882 - midi.connection - DEBUG - Parameter update: 38 = 2
2025-09-29 03:29:58,882 - midi.connection - DEBUG - Query successful: param 38 = 2
2025-09-29 03:29:59,285 - midi.connection - DEBUG - Sending query for parameter 39: SysEx: F0 04 17 3E 27 00 00 00 00 00 00 00 00 00 00 00 F7
2025-09-29 03:29:59,321 - midi.sysex - DEBUG - SysEx parse: param_id=39, value=1, is_response=True, unit_id=1
2025-09-29 03:29:59,321 - midi.sysex - DEBUG - Received response: param 39 = 1
2025-09-29 03:29:59,322 - midi.connection - DEBUG - Parameter update: 39 = 1
2025-09-29 03:29:59,322 - midi.connection - DEBUG - Query successful: param 39 = 1
2025-09-29 03:29:59,727 - midi.connection - DEBUG - Sending query for parameter 40: SysEx: F0 04 17 3E 28 00 00 00 00 00 00 00 00 00 00 00 F7
2025-09-29 03:29:59,766 - midi.sysex - DEBUG - SysEx parse: param_id=40, value=0, is_response=True, unit_id=1
2025-09-29 03:29:59,767 - midi.sysex - DEBUG - Received response: param 40 = 0
2025-09-29 03:29:59,767 - midi.connection - DEBUG - Parameter update: 40 = 0
2025-09-29 03:29:59,767 - midi.connection - DEBUG - Query successful: param 40 = 0
2025-09-29 03:30:00,172 - midi.connection - DEBUG - Sending query for parameter 41: SysEx: F0 04 17 3E 29 00 00 00 00 00 00 00 00 00 00 00 F7
2025-09-29 03:30:00,206 - midi.sysex - DEBUG - SysEx parse: param_id=41, value=0, is_response=True, unit_id=1
2025-09-29 03:30:00,206 - midi.sysex - DEBUG - Received response: param 41 = 0
2025-09-29 03:30:00,206 - midi.connection - DEBUG - Parameter update: 41 = 0
2025-09-29 03:30:00,207 - midi.connection - DEBUG - Query successful: param 41 = 0
2025-09-29 03:30:00,610 - midi.connection - DEBUG - Sending query for parameter 42: SysEx: F0 04 17 3E 2A 00 00 00 00 00 00 00 00 00 00 00 F7
2025-09-29 03:30:00,645 - midi.sysex - DEBUG - SysEx parse: param_id=42, value=0, is_response=True, unit_id=1
2025-09-29 03:30:00,646 - midi.sysex - DEBUG - Received response: param 42 = 0
2025-09-29 03:30:00,646 - midi.connection - DEBUG - Parameter update: 42 = 0
2025-09-29 03:30:00,646 - midi.connection - DEBUG - Query successful: param 42 = 0
2025-09-29 03:30:01,051 - midi.connection - DEBUG - Sending query for parameter 43: SysEx: F0 04 17 3E 2B 00 00 00 00 00 00 00 00 00 00 00 F7
2025-09-29 03:30:01,085 - midi.sysex - DEBUG - SysEx parse: param_id=43, value=7, is_response=True, unit_id=1
2025-09-29 03:30:01,085 - midi.sysex - DEBUG - Received response: param 43 = 7
2025-09-29 03:30:01,086 - midi.connection - DEBUG - Parameter update: 43 = 7
2025-09-29 03:30:01,086 - midi.connection - DEBUG - Query successful: param 43 = 7
2025-09-29 03:30:01,491 - midi.connection - DEBUG - Sending query for parameter 44: SysEx: F0 04 17 3E 2C 00 00 00 00 00 00 00 00 00 00 00 F7
2025-09-29 03:30:01,528 - midi.sysex - DEBUG - SysEx parse: param_id=44, value=7, is_response=True, unit_id=1
2025-09-29 03:30:01,529 - midi.sysex - DEBUG - Received response: param 44 = 7
2025-09-29 03:30:01,529 - midi.connection - DEBUG - Parameter update: 44 = 7
2025-09-29 03:30:01,529 - midi.connection - DEBUG - Query successful: param 44 = 7
2025-09-29 03:30:01,934 - midi.connection - DEBUG - Sending query for parameter 45: SysEx: F0 04 17 3E 2D 00 00 00 00 00 00 00 00 00 00 00 F7
2025-09-29 03:30:01,971 - midi.sysex - DEBUG - SysEx parse: param_id=45, value=7, is_response=True, unit_id=1
2025-09-29 03:30:01,971 - midi.sysex - DEBUG - Received response: param 45 = 7
2025-09-29 03:30:01,971 - midi.connection - DEBUG - Parameter update: 45 = 7
2025-09-29 03:30:01,971 - midi.connection - DEBUG - Query successful: param 45 = 7
2025-09-29 03:30:02,376 - midi.connection - DEBUG - Sending query for parameter 46: SysEx: F0 04 17 3E 2E 00 00 00 00 00 00 00 00 00 00 00 F7
2025-09-29 03:30:02,411 - midi.sysex - DEBUG - SysEx parse: param_id=46, value=0, is_response=True, unit_id=1
2025-09-29 03:30:02,411 - midi.sysex - DEBUG - Received response: param 46 = 0
2025-09-29 03:30:02,412 - midi.connection - DEBUG - Parameter update: 46 = 0
2025-09-29 03:30:02,412 - midi.connection - DEBUG - Query successful: param 46 = 0
2025-09-29 03:30:02,816 - midi.connection - DEBUG - Sending query for parameter 47: SysEx: F0 04 17 3E 2F 00 00 00 00 00 00 00 00 00 00 00 F7
2025-09-29 03:30:02,855 - midi.sysex - DEBUG - SysEx parse: param_id=47, value=0, is_response=True, unit_id=1
2025-09-29 03:30:02,856 - midi.sysex - DEBUG - Received response: param 47 = 0
2025-09-29 03:30:02,856 - midi.connection - DEBUG - Parameter update: 47 = 0
2025-09-29 03:30:02,856 - midi.connection - DEBUG - Query successful: param 47 = 0
2025-09-29 03:30:03,261 - midi.connection - DEBUG - Sending query for parameter 48: SysEx: F0 04 17 3E 30 00 00 00 00 00 00 00 00 00 00 00 F7
2025-09-29 03:30:03,298 - midi.sysex - DEBUG - SysEx parse: param_id=48, value=0, is_response=True, unit_id=1
2025-09-29 03:30:03,298 - midi.sysex - DEBUG - Received response: param 48 = 0
2025-09-29 03:30:03,298 - midi.connection - DEBUG - Parameter update: 48 = 0
2025-09-29 03:30:03,298 - midi.connection - DEBUG - Query successful: param 48 = 0
2025-09-29 03:30:03,702 - midi.connection - DEBUG - Sending query for parameter 49: SysEx: F0 04 17 3E 31 00 00 00 00 00 00 00 00 00 00 00 F7
2025-09-29 03:30:03,738 - midi.sysex - DEBUG - SysEx parse: param_id=49, value=0, is_response=True, unit_id=1
2025-09-29 03:30:03,738 - midi.sysex - DEBUG - Received response: param 49 = 0
2025-09-29 03:30:03,738 - midi.connection - DEBUG - Parameter update: 49 = 0
2025-09-29 03:30:03,738 - midi.connection - DEBUG - Query successful: param 49 = 0
2025-09-29 03:30:04,143 - midi.connection - DEBUG - Sending query for parameter 50: SysEx: F0 04 17 3E 32 00 00 00 00 00 00 00 00 00 00 00 F7
2025-09-29 03:30:04,181 - midi.sysex - DEBUG - SysEx parse: param_id=50, value=0, is_response=True, unit_id=1
2025-09-29 03:30:04,181 - midi.sysex - DEBUG - Received response: param 50 = 0
2025-09-29 03:30:04,181 - midi.connection - DEBUG - Parameter update: 50 = 0
2025-09-29 03:30:04,181 - midi.connection - DEBUG - Query successful: param 50 = 0
2025-09-29 03:30:04,587 - midi.connection - DEBUG - Sending query for parameter 51: SysEx: F0 04 17 3E 33 00 00 00 00 00 00 00 00 00 00 00 F7
2025-09-29 03:30:04,621 - midi.sysex - DEBUG - SysEx parse: param_id=51, value=0, is_response=True, unit_id=1
2025-09-29 03:30:04,622 - midi.sysex - DEBUG - Received response: param 51 = 0
2025-09-29 03:30:04,622 - midi.connection - DEBUG - Parameter update: 51 = 0
2025-09-29 03:30:04,622 - midi.connection - DEBUG - Query successful: param 51 = 0
2025-09-29 03:30:05,027 - midi.connection - DEBUG - Sending query for parameter 52: SysEx: F0 04 17 3E 34 00 00 00 00 00 00 00 00 00 00 00 F7
2025-09-29 03:30:05,062 - midi.sysex - DEBUG - SysEx parse: param_id=52, value=1, is_response=True, unit_id=1
2025-09-29 03:30:05,062 - midi.sysex - DEBUG - Received response: param 52 = 1
2025-09-29 03:30:05,062 - midi.connection - DEBUG - Parameter update: 52 = 1
2025-09-29 03:30:05,062 - midi.connection - DEBUG - Query successful: param 52 = 1
2025-09-29 03:30:05,464 - midi.connection - DEBUG - Sending query for parameter 53: SysEx: F0 04 17 3E 35 00 00 00 00 00 00 00 00 00 00 00 F7
2025-09-29 03:30:05,502 - midi.sysex - DEBUG - SysEx parse: param_id=53, value=0, is_response=True, unit_id=1
2025-09-29 03:30:05,502 - midi.sysex - DEBUG - Received response: param 53 = 0
2025-09-29 03:30:05,502 - midi.connection - DEBUG - Parameter update: 53 = 0
2025-09-29 03:30:05,502 - midi.connection - DEBUG - Query successful: param 53 = 0
2025-09-29 03:30:05,908 - midi.connection - DEBUG - Sending query for parameter 54: SysEx: F0 04 17 3E 36 00 00 00 00 00 00 00 00 00 00 00 F7
2025-09-29 03:30:05,944 - midi.sysex - DEBUG - SysEx parse: param_id=54, value=0, is_response=True, unit_id=1
2025-09-29 03:30:05,944 - midi.sysex - DEBUG - Received response: param 54 = 0
2025-09-29 03:30:05,944 - midi.connection - DEBUG - Parameter update: 54 = 0
2025-09-29 03:30:05,945 - midi.connection - DEBUG - Query successful: param 54 = 0
2025-09-29 03:30:06,347 - midi.connection - DEBUG - Sending query for parameter 55: SysEx: F0 04 17 3E 37 00 00 00 00 00 00 00 00 00 00 00 F7
2025-09-29 03:30:06,380 - midi.sysex - DEBUG - SysEx parse: param_id=55, value=0, is_response=True, unit_id=1
2025-09-29 03:30:06,380 - midi.sysex - DEBUG - Received response: param 55 = 0
2025-09-29 03:30:06,380 - midi.connection - DEBUG - Parameter update: 55 = 0
2025-09-29 03:30:06,380 - midi.connection - DEBUG - Query successful: param 55 = 0
2025-09-29 03:30:06,785 - midi.connection - DEBUG - Sending query for parameter 56: SysEx: F0 04 17 3E 38 00 00 00 00 00 00 00 00 00 00 00 F7
2025-09-29 03:30:06,822 - midi.sysex - DEBUG - SysEx parse: param_id=56, value=0, is_response=True, unit_id=1
2025-09-29 03:30:06,822 - midi.sysex - DEBUG - Received response: param 56 = 0
2025-09-29 03:30:06,823 - midi.connection - DEBUG - Parameter update: 56 = 0
2025-09-29 03:30:06,823 - midi.connection - DEBUG - Query successful: param 56 = 0
2025-09-29 03:30:07,228 - midi.connection - DEBUG - Sending query for parameter 57: SysEx: F0 04 17 3E 39 00 00 00 00 00 00 00 00 00 00 00 F7
2025-09-29 03:30:07,265 - midi.sysex - DEBUG - SysEx parse: param_id=57, value=1, is_response=True, unit_id=1
2025-09-29 03:30:07,265 - midi.sysex - DEBUG - Received response: param 57 = 1
2025-09-29 03:30:07,266 - midi.connection - DEBUG - Parameter update: 57 = 1
2025-09-29 03:30:07,266 - midi.connection - DEBUG - Query successful: param 57 = 1
2025-09-29 03:30:07,671 - midi.connection - DEBUG - Sending query for parameter 58: SysEx: F0 04 17 3E 3A 00 00 00 00 00 00 00 00 00 00 00 F7
2025-09-29 03:30:07,702 - midi.sysex - DEBUG - SysEx parse: param_id=58, value=0, is_response=True, unit_id=1
2025-09-29 03:30:07,702 - midi.sysex - DEBUG - Received response: param 58 = 0
2025-09-29 03:30:07,702 - midi.connection - DEBUG - Parameter update: 58 = 0
2025-09-29 03:30:07,702 - midi.connection - DEBUG - Query successful: param 58 = 0
2025-09-29 03:30:08,108 - midi.connection - DEBUG - Sending query for parameter 70: SysEx: F0 04 17 3E 46 00 00 00 00 00 00 00 00 00 00 00 F7
2025-09-29 03:30:08,150 - midi.sysex - DEBUG - SysEx parse: param_id=70, value=0, is_response=True, unit_id=1
2025-09-29 03:30:08,155 - midi.sysex - DEBUG - Received response: param 70 = 0
2025-09-29 03:30:08,155 - midi.connection - DEBUG - Parameter update: 70 = 0
2025-09-29 03:30:08,155 - midi.connection - DEBUG - Query successful: param 70 = 0
2025-09-29 03:30:08,559 - midi.connection - DEBUG - Sending query for parameter 71: SysEx: F0 04 17 3E 47 00 00 00 00 00 00 00 00 00 00 00 F7
2025-09-29 03:30:08,595 - midi.sysex - DEBUG - SysEx parse: param_id=71, value=0, is_response=True, unit_id=1
2025-09-29 03:30:08,595 - midi.sysex - DEBUG - Received response: param 71 = 0
2025-09-29 03:30:08,595 - midi.connection - DEBUG - Parameter update: 71 = 0
2025-09-29 03:30:08,595 - midi.connection - DEBUG - Query successful: param 71 = 0
2025-09-29 03:30:09,000 - midi.connection - DEBUG - Sending query for parameter 20: SysEx: F0 04 17 3E 14 00 00 00 00 00 00 00 00 00 00 00 F7
2025-09-29 03:30:09,036 - midi.sysex - DEBUG - SysEx parse: param_id=20, value=1, is_response=True, unit_id=1
2025-09-29 03:30:09,037 - midi.sysex - DEBUG - Received response: param 20 = 1
2025-09-29 03:30:09,037 - midi.connection - DEBUG - Parameter update: 20 = 1
2025-09-29 03:30:09,037 - midi.connection - DEBUG - Query successful: param 20 = 1
2025-09-29 03:30:09,440 - midi.connection - DEBUG - Sending query for parameter 21: SysEx: F0 04 17 3E 15 00 00 00 00 00 00 00 00 00 00 00 F7
2025-09-29 03:30:09,477 - midi.sysex - DEBUG - SysEx parse: param_id=21, value=1, is_response=True, unit_id=1
2025-09-29 03:30:09,477 - midi.sysex - DEBUG - Received response: param 21 = 1
2025-09-29 03:30:09,477 - midi.connection - DEBUG - Parameter update: 21 = 1
2025-09-29 03:30:09,477 - midi.connection - DEBUG - Query successful: param 21 = 1
2025-09-29 03:30:09,882 - midi.connection - DEBUG - Sending query for parameter 22: SysEx: F0 04 17 3E 16 00 00 00 00 00 00 00 00 00 00 00 F7
2025-09-29 03:30:09,920 - midi.sysex - DEBUG - SysEx parse: param_id=22, value=1, is_response=True, unit_id=1
2025-09-29 03:30:09,920 - midi.sysex - DEBUG - Received response: param 22 = 1
2025-09-29 03:30:09,920 - midi.connection - DEBUG - Parameter update: 22 = 1
2025-09-29 03:30:09,920 - midi.connection - DEBUG - Query successful: param 22 = 1
2025-09-29 03:30:10,325 - midi.connection - DEBUG - Sending query for parameter 23: SysEx: F0 04 17 3E 17 00 00 00 00 00 00 00 00 00 00 00 F7
2025-09-29 03:30:10,361 - midi.sysex - DEBUG - SysEx parse: param_id=23, value=8192, is_response=True, unit_id=1
2025-09-29 03:30:10,361 - midi.sysex - DEBUG - Received response: param 23 = 8192
2025-09-29 03:30:10,361 - midi.connection - DEBUG - Parameter update: 23 = 8192
2025-09-29 03:30:10,361 - midi.connection - DEBUG - Query successful: param 23 = 8192
2025-09-29 03:30:10,765 - midi.connection - DEBUG - Sending query for parameter 24: SysEx: F0 04 17 3E 18 00 00 00 00 00 00 00 00 00 00 00 F7
2025-09-29 03:30:10,802 - midi.sysex - DEBUG - SysEx parse: param_id=24, value=1, is_response=True, unit_id=1
2025-09-29 03:30:10,802 - midi.sysex - DEBUG - Received response: param 24 = 1
2025-09-29 03:30:10,802 - midi.connection - DEBUG - Parameter update: 24 = 1
2025-09-29 03:30:10,802 - midi.connection - DEBUG - Query successful: param 24 = 1
2025-09-29 03:30:11,203 - midi.connection - DEBUG - Sending query for parameter 25: SysEx: F0 04 17 3E 19 00 00 00 00 00 00 00 00 00 00 00 F7
2025-09-29 03:30:11,241 - midi.sysex - DEBUG - SysEx parse: param_id=25, value=0, is_response=True, unit_id=1
2025-09-29 03:30:11,241 - midi.sysex - DEBUG - Received response: param 25 = 0
2025-09-29 03:30:11,241 - midi.connection - DEBUG - Parameter update: 25 = 0
2025-09-29 03:30:11,241 - midi.connection - DEBUG - Query successful: param 25 = 0
2025-09-29 03:30:11,651 - midi.connection - DEBUG - Sending query for parameter 26: SysEx: F0 04 17 3E 1A 00 00 00 00 00 00 00 00 00 00 00 F7
2025-09-29 03:30:11,696 - midi.sysex - DEBUG - SysEx parse: param_id=26, value=1, is_response=True, unit_id=1
2025-09-29 03:30:11,696 - midi.sysex - DEBUG - Received response: param 26 = 1
2025-09-29 03:30:11,696 - midi.connection - DEBUG - Parameter update: 26 = 1
2025-09-29 03:30:11,696 - midi.connection - DEBUG - Query successful: param 26 = 1
2025-09-29 03:30:12,097 - midi.connection - DEBUG - Sending query for parameter 27: SysEx: F0 04 17 3E 1B 00 00 00 00 00 00 00 00 00 00 00 F7
2025-09-29 03:30:12,134 - midi.sysex - DEBUG - SysEx parse: param_id=27, value=0, is_response=True, unit_id=1
2025-09-29 03:30:12,134 - midi.sysex - DEBUG - Received response: param 27 = 0
2025-09-29 03:30:12,134 - midi.connection - DEBUG - Parameter update: 27 = 0
2025-09-29 03:30:12,134 - midi.connection - DEBUG - Query successful: param 27 = 0
2025-09-29 03:30:12,537 - midi.connection - DEBUG - Sending query for parameter 28: SysEx: F0 04 17 3E 1C 00 00 00 00 00 00 00 00 00 00 00 F7
2025-09-29 03:30:12,572 - midi.sysex - DEBUG - SysEx parse: param_id=28, value=1, is_response=True, unit_id=1
2025-09-29 03:30:12,573 - midi.sysex - DEBUG - Received response: param 28 = 1
2025-09-29 03:30:12,573 - midi.connection - DEBUG - Parameter update: 28 = 1
2025-09-29 03:30:12,573 - midi.connection - DEBUG - Query successful: param 28 = 1
2025-09-29 03:30:12,979 - midi.connection - DEBUG - Sending query for parameter 29: SysEx: F0 04 17 3E 1D 00 00 00 00 00 00 00 00 00 00 00 F7
2025-09-29 03:30:13,018 - midi.sysex - DEBUG - SysEx parse: param_id=29, value=0, is_response=True, unit_id=1
2025-09-29 03:30:13,019 - midi.sysex - DEBUG - Received response: param 29 = 0
2025-09-29 03:30:13,019 - midi.connection - DEBUG - Parameter update: 29 = 0
2025-09-29 03:30:13,019 - midi.connection - DEBUG - Query successful: param 29 = 0
2025-09-29 03:30:13,429 - midi.connection - DEBUG - Sending query for parameter 72: SysEx: F0 04 17 3E 48 00 00 00 00 00 00 00 00 00 00 00 F7
2025-09-29 03:30:13,469 - midi.sysex - DEBUG - SysEx parse: param_id=72, value=1, is_response=True, unit_id=1
2025-09-29 03:30:13,470 - midi.sysex - DEBUG - Received response: param 72 = 1
2025-09-29 03:30:13,470 - midi.connection - DEBUG - Parameter update: 72 = 1
2025-09-29 03:30:13,470 - midi.connection - DEBUG - Query successful: param 72 = 1
2025-09-29 03:30:13,878 - midi.connection - DEBUG - Sending query for parameter 73: SysEx: F0 04 17 3E 49 00 00 00 00 00 00 00 00 00 00 00 F7
2025-09-29 03:30:13,914 - midi.sysex - DEBUG - SysEx parse: param_id=73, value=0, is_response=True, unit_id=1
2025-09-29 03:30:13,915 - midi.sysex - DEBUG - Received response: param 73 = 0
2025-09-29 03:30:13,916 - midi.connection - DEBUG - Parameter update: 73 = 0
2025-09-29 03:30:13,916 - midi.connection - DEBUG - Query successful: param 73 = 0
2025-09-29 03:30:14,321 - midi.connection - DEBUG - Sending query for parameter 74: SysEx: F0 04 17 3E 4A 00 00 00 00 00 00 00 00 00 00 00 F7
2025-09-29 03:30:14,359 - midi.sysex - DEBUG - SysEx parse: param_id=74, value=0, is_response=True, unit_id=1
2025-09-29 03:30:14,369 - midi.sysex - DEBUG - Received response: param 74 = 0
2025-09-29 03:30:14,370 - midi.connection - DEBUG - Parameter update: 74 = 0
2025-09-29 03:30:14,370 - midi.connection - DEBUG - Query successful: param 74 = 0
2025-09-29 03:30:14,775 - midi.connection - DEBUG - Sending query for parameter 4: SysEx: F0 04 17 3E 04 00 00 00 00 00 00 00 00 00 00 00 F7
2025-09-29 03:30:14,810 - midi.sysex - DEBUG - SysEx parse: param_id=4, value=0, is_response=True, unit_id=1
2025-09-29 03:30:14,810 - midi.sysex - DEBUG - Received response: param 4 = 0
2025-09-29 03:30:14,810 - midi.connection - DEBUG - Parameter update: 4 = 0
2025-09-29 03:30:14,811 - midi.connection - DEBUG - Query successful: param 4 = 0
2025-09-29 03:30:15,211 - midi.connection - DEBUG - Sending query for parameter 5: SysEx: F0 04 17 3E 05 00 00 00 00 00 00 00 00 00 00 00 F7
2025-09-29 03:30:15,250 - midi.sysex - DEBUG - SysEx parse: param_id=5, value=1, is_response=True, unit_id=1
2025-09-29 03:30:15,263 - midi.sysex - DEBUG - Received response: param 5 = 1
2025-09-29 03:30:15,270 - midi.connection - DEBUG - Parameter update: 5 = 1
2025-09-29 03:30:15,270 - midi.connection - DEBUG - Query successful: param 5 = 1
2025-09-29 03:30:15,682 - midi.connection - DEBUG - Sending query for parameter 6: SysEx: F0 04 17 3E 06 00 00 00 00 00 00 00 00 00 00 00 F7
2025-09-29 03:30:15,727 - midi.sysex - DEBUG - SysEx parse: param_id=6, value=3, is_response=True, unit_id=1
2025-09-29 03:30:15,727 - midi.sysex - DEBUG - Received response: param 6 = 3
2025-09-29 03:30:15,727 - midi.connection - DEBUG - Parameter update: 6 = 3
2025-09-29 03:30:15,727 - midi.connection - DEBUG - Query successful: param 6 = 3
2025-09-29 03:30:16,131 - midi.connection - DEBUG - Sending query for parameter 7: SysEx: F0 04 17 3E 07 00 00 00 00 00 00 00 00 00 00 00 F7
2025-09-29 03:30:16,167 - midi.sysex - DEBUG - SysEx parse: param_id=7, value=3, is_response=True, unit_id=1
2025-09-29 03:30:16,178 - midi.sysex - DEBUG - Received response: param 7 = 3
2025-09-29 03:30:16,178 - midi.connection - DEBUG - Parameter update: 7 = 3
2025-09-29 03:30:16,178 - midi.connection - DEBUG - Query successful: param 7 = 3
2025-09-29 03:30:16,583 - midi.connection - DEBUG - Sending query for parameter 8: SysEx: F0 04 17 3E 08 00 00 00 00 00 00 00 00 00 00 00 F7
2025-09-29 03:30:16,619 - midi.sysex - DEBUG - SysEx parse: param_id=8, value=0, is_response=True, unit_id=1
2025-09-29 03:30:16,619 - midi.sysex - DEBUG - Received response: param 8 = 0
2025-09-29 03:30:16,619 - midi.connection - DEBUG - Parameter update: 8 = 0
2025-09-29 03:30:16,619 - midi.connection - DEBUG - Query successful: param 8 = 0
2025-09-29 03:30:17,023 - midi.connection - DEBUG - Sending query for parameter 9: SysEx: F0 04 17 3E 09 00 00 00 00 00 00 00 00 00 00 00 F7
2025-09-29 03:30:17,070 - midi.sysex - DEBUG - SysEx parse: param_id=9, value=2, is_response=True, unit_id=1
2025-09-29 03:30:17,082 - midi.sysex - DEBUG - Received response: param 9 = 2
2025-09-29 03:30:17,082 - midi.connection - DEBUG - Parameter update: 9 = 2
2025-09-29 03:30:17,082 - midi.connection - DEBUG - Query successful: param 9 = 2
2025-09-29 03:30:17,486 - midi.connection - DEBUG - Sending query for parameter 10: SysEx: F0 04 17 3E 0A 00 00 00 00 00 00 00 00 00 00 00 F7
2025-09-29 03:30:17,525 - midi.sysex - DEBUG - SysEx parse: param_id=10, value=0, is_response=True, unit_id=1
2025-09-29 03:30:17,525 - midi.sysex - DEBUG - Received response: param 10 = 0
2025-09-29 03:30:17,525 - midi.connection - DEBUG - Parameter update: 10 = 0
2025-09-29 03:30:17,525 - midi.connection - DEBUG - Query successful: param 10 = 0
2025-09-29 03:30:17,930 - midi.connection - DEBUG - Sending query for parameter 11: SysEx: F0 04 17 3E 0B 00 00 00 00 00 00 00 00 00 00 00 F7
2025-09-29 03:30:17,966 - midi.sysex - DEBUG - SysEx parse: param_id=11, value=0, is_response=True, unit_id=1
2025-09-29 03:30:17,980 - midi.sysex - DEBUG - Received response: param 11 = 0
2025-09-29 03:30:17,986 - midi.connection - DEBUG - Parameter update: 11 = 0
2025-09-29 03:30:17,986 - midi.connection - DEBUG - Query successful: param 11 = 0
2025-09-29 03:30:18,390 - midi.connection - DEBUG - Sending query for parameter 12: SysEx: F0 04 17 3E 0C 00 00 00 00 00 00 00 00 00 00 00 F7
2025-09-29 03:30:18,423 - midi.sysex - DEBUG - SysEx parse: param_id=12, value=0, is_response=True, unit_id=1
2025-09-29 03:30:18,423 - midi.sysex - DEBUG - Received response: param 12 = 0
2025-09-29 03:30:18,423 - midi.connection - DEBUG - Parameter update: 12 = 0
2025-09-29 03:30:18,423 - midi.connection - DEBUG - Query successful: param 12 = 0
2025-09-29 03:30:18,828 - midi.connection - DEBUG - Sending query for parameter 13: SysEx: F0 04 17 3E 0D 00 00 00 00 00 00 00 00 00 00 00 F7
2025-09-29 03:30:18,867 - midi.sysex - DEBUG - SysEx parse: param_id=13, value=1, is_response=True, unit_id=1
2025-09-29 03:30:18,874 - midi.sysex - DEBUG - Received response: param 13 = 1
2025-09-29 03:30:18,881 - midi.connection - DEBUG - Parameter update: 13 = 1
2025-09-29 03:30:18,881 - midi.connection - DEBUG - Query successful: param 13 = 1
2025-09-29 03:30:19,290 - midi.connection - DEBUG - Sending query for parameter 14: SysEx: F0 04 17 3E 0E 00 00 00 00 00 00 00 00 00 00 00 F7
2025-09-29 03:30:19,325 - midi.sysex - DEBUG - SysEx parse: param_id=14, value=1, is_response=True, unit_id=1
2025-09-29 03:30:19,325 - midi.sysex - DEBUG - Received response: param 14 = 1
2025-09-29 03:30:19,325 - midi.connection - DEBUG - Parameter update: 14 = 1
2025-09-29 03:30:19,325 - midi.connection - DEBUG - Query successful: param 14 = 1
2025-09-29 03:30:19,725 - midi.connection - DEBUG - Sending query for parameter 15: SysEx: F0 04 17 3E 0F 00 00 00 00 00 00 00 00 00 00 00 F7
2025-09-29 03:30:19,767 - midi.sysex - DEBUG - SysEx parse: param_id=15, value=0, is_response=True, unit_id=1
2025-09-29 03:30:19,781 - midi.sysex - DEBUG - Received response: param 15 = 0
2025-09-29 03:30:19,793 - midi.connection - DEBUG - Parameter update: 15 = 0
2025-09-29 03:30:19,793 - midi.connection - DEBUG - Query successful: param 15 = 0
2025-09-29 03:30:20,196 - midi.connection - DEBUG - Sending query for parameter 16: SysEx: F0 04 17 3E 10 00 00 00 00 00 00 00 00 00 00 00 F7
2025-09-29 03:30:20,226 - midi.sysex - DEBUG - SysEx parse: param_id=16, value=1, is_response=True, unit_id=1
2025-09-29 03:30:20,226 - midi.sysex - DEBUG - Received response: param 16 = 1
2025-09-29 03:30:20,226 - midi.connection - DEBUG - Parameter update: 16 = 1
2025-09-29 03:30:20,226 - midi.connection - DEBUG - Query successful: param 16 = 1
2025-09-29 03:30:20,630 - midi.connection - DEBUG - Sending query for parameter 17: SysEx: F0 04 17 3E 11 00 00 00 00 00 00 00 00 00 00 00 F7
2025-09-29 03:30:20,674 - midi.sysex - DEBUG - SysEx parse: param_id=17, value=0, is_response=True, unit_id=1
2025-09-29 03:30:20,687 - midi.sysex - DEBUG - Received response: param 17 = 0
2025-09-29 03:30:20,693 - midi.connection - DEBUG - Parameter update: 17 = 0
2025-09-29 03:30:20,693 - midi.connection - DEBUG - Query successful: param 17 = 0
2025-09-29 03:30:21,102 - midi.connection - DEBUG - Sending query for parameter 18: SysEx: F0 04 17 3E 12 00 00 00 00 00 00 00 00 00 00 00 F7
2025-09-29 03:30:21,136 - midi.sysex - DEBUG - SysEx parse: param_id=18, value=0, is_response=True, unit_id=1
2025-09-29 03:30:21,136 - midi.sysex - DEBUG - Received response: param 18 = 0
2025-09-29 03:30:21,136 - midi.connection - DEBUG - Parameter update: 18 = 0
2025-09-29 03:30:21,136 - midi.connection - DEBUG - Query successful: param 18 = 0
2025-09-29 03:30:21,537 - midi.connection - DEBUG - Sending query for parameter 19: SysEx: F0 04 17 3E 13 00 00 00 00 00 00 00 00 00 00 00 F7
2025-09-29 03:30:21,573 - midi.sysex - DEBUG - SysEx parse: param_id=19, value=1, is_response=True, unit_id=1
2025-09-29 03:30:21,586 - midi.sysex - DEBUG - Received response: param 19 = 1
2025-09-29 03:30:21,600 - midi.connection - DEBUG - Parameter update: 19 = 1
2025-09-29 03:30:21,600 - midi.connection - DEBUG - Query successful: param 19 = 1
2025-09-29 03:30:22,015 - midi.connection - DEBUG - Sending query for parameter 30: SysEx: F0 04 17 3E 1E 00 00 00 00 00 00 00 00 00 00 00 F7
2025-09-29 03:30:22,051 - midi.sysex - DEBUG - SysEx parse: param_id=30, value=0, is_response=True, unit_id=1
2025-09-29 03:30:22,063 - midi.sysex - DEBUG - Received response: param 30 = 0
2025-09-29 03:30:22,069 - midi.connection - DEBUG - Parameter update: 30 = 0
2025-09-29 03:30:22,069 - midi.connection - DEBUG - Query successful: param 30 = 0
2025-09-29 03:30:22,487 - midi.connection - DEBUG - Sending query for parameter 31: SysEx: F0 04 17 3E 1F 00 00 00 00 00 00 00 00 00 00 00 F7
2025-09-29 03:30:22,524 - midi.sysex - DEBUG - SysEx parse: param_id=31, value=0, is_response=True, unit_id=1
2025-09-29 03:30:22,525 - midi.sysex - DEBUG - Received response: param 31 = 0
2025-09-29 03:30:22,525 - midi.connection - DEBUG - Parameter update: 31 = 0
2025-09-29 03:30:22,525 - midi.connection - DEBUG - Query successful: param 31 = 0
2025-09-29 03:30:22,930 - midi.connection - DEBUG - Sending query for parameter 32: SysEx: F0 04 17 3E 20 00 00 00 00 00 00 00 00 00 00 00 F7
2025-09-29 03:30:22,967 - midi.sysex - DEBUG - SysEx parse: param_id=32, value=1, is_response=True, unit_id=1
2025-09-29 03:30:22,973 - midi.sysex - DEBUG - Received response: param 32 = 1
2025-09-29 03:30:22,979 - midi.connection - DEBUG - Parameter update: 32 = 1
2025-09-29 03:30:22,980 - midi.connection - DEBUG - Query successful: param 32 = 1
2025-09-29 03:30:23,408 - midi.connection - DEBUG - Sending query for parameter 35: SysEx: F0 04 17 3E 23 00 00 00 00 00 00 00 00 00 00 00 F7
2025-09-29 03:30:23,452 - midi.sysex - DEBUG - SysEx parse: param_id=35, value=12, is_response=True, unit_id=1
2025-09-29 03:30:23,465 - midi.sysex - DEBUG - Received response: param 35 = 12
2025-09-29 03:30:23,472 - midi.connection - DEBUG - Parameter update: 35 = 12
2025-09-29 03:30:23,472 - midi.connection - DEBUG - Query successful: param 35 = 12
2025-09-29 03:30:23,884 - midi.connection - DEBUG - Sending query for parameter 36: SysEx: F0 04 17 3E 24 00 00 00 00 00 00 00 00 00 00 00 F7
2025-09-29 03:30:23,942 - midi.sysex - DEBUG - SysEx parse: param_id=36, value=12, is_response=True, unit_id=1
2025-09-29 03:30:23,942 - midi.sysex - DEBUG - Received response: param 36 = 12
2025-09-29 03:30:23,942 - midi.connection - DEBUG - Parameter update: 36 = 12
2025-09-29 03:30:23,942 - midi.connection - DEBUG - Query successful: param 36 = 12
2025-09-29 03:30:24,351 - midi.connection - DEBUG - Sending query for parameter 67: SysEx: F0 04 17 3E 43 00 00 00 00 00 00 00 00 00 00 00 F7
2025-09-29 03:30:24,406 - midi.sysex - DEBUG - SysEx parse: param_id=67, value=2, is_response=True, unit_id=1
2025-09-29 03:30:24,412 - midi.sysex - DEBUG - Received response: param 67 = 2
2025-09-29 03:30:24,420 - midi.connection - DEBUG - Parameter update: 67 = 2
2025-09-29 03:30:24,421 - midi.connection - DEBUG - Query successful: param 67 = 2
2025-09-29 03:30:24,825 - midi.connection - DEBUG - Sending query for parameter 68: SysEx: F0 04 17 3E 44 00 00 00 00 00 00 00 00 00 00 00 F7
2025-09-29 03:30:24,873 - midi.sysex - DEBUG - SysEx parse: param_id=68, value=0, is_response=True, unit_id=1
2025-09-29 03:30:24,887 - midi.sysex - DEBUG - Received response: param 68 = 0
2025-09-29 03:30:24,894 - midi.connection - DEBUG - Parameter update: 68 = 0
2025-09-29 03:30:24,894 - midi.connection - DEBUG - Query successful: param 68 = 0
2025-09-29 03:30:25,306 - midi.connection - DEBUG - Sending query for parameter 69: SysEx: F0 04 17 3E 45 00 00 00 00 00 00 00 00 00 00 00 F7
2025-09-29 03:30:25,358 - midi.sysex - DEBUG - SysEx parse: param_id=69, value=0, is_response=True, unit_id=1
2025-09-29 03:30:25,371 - midi.sysex - DEBUG - Received response: param 69 = 0
2025-09-29 03:30:25,378 - midi.connection - DEBUG - Parameter update: 69 = 0
2025-09-29 03:30:25,378 - midi.connection - DEBUG - Query successful: param 69 = 0
2025-09-29 03:30:25,806 - midi.connection - DEBUG - Sending query for parameter 75: SysEx: F0 04 17 3E 4B 00 00 00 00 00 00 00 00 00 00 00 F7
2025-09-29 03:30:28,833 - midi.connection - WARNING - Timeout querying parameter 75
2025-09-29 03:30:28,834 - midi.connection - WARNING - Query attempt 1 failed for parameter 75
2025-09-29 03:30:29,236 - midi.connection - DEBUG - Sending query for parameter 75: SysEx: F0 04 17 3E 4B 00 00 00 00 00 00 00 00 00 00 00 F7
2025-09-29 03:30:32,242 - midi.connection - WARNING - Timeout querying parameter 75
2025-09-29 03:30:32,242 - midi.connection - WARNING - Query attempt 2 failed for parameter 75
2025-09-29 03:30:32,652 - midi.connection - DEBUG - Sending query for parameter 75: SysEx: F0 04 17 3E 4B 00 00 00 00 00 00 00 00 00 00 00 F7
2025-09-29 03:30:35,694 - midi.connection - WARNING - Timeout querying parameter 75
2025-09-29 03:30:35,709 - midi.connection - WARNING - Query attempt 3 failed for parameter 75
2025-09-29 03:30:35,731 - midi.connection - ERROR - Failed to query parameter 75 after 3 attempts
2025-09-29 03:30:36,143 - midi.connection - DEBUG - Sending query for parameter 59: SysEx: F0 04 17 3E 3B 00 00 00 00 00 00 00 00 00 00 00 F7
2025-09-29 03:30:36,184 - midi.sysex - DEBUG - SysEx parse: param_id=59, value=0, is_response=True, unit_id=1
2025-09-29 03:30:36,191 - midi.sysex - DEBUG - Received response: param 59 = 0
2025-09-29 03:30:36,198 - midi.connection - DEBUG - Parameter update: 59 = 0
2025-09-29 03:30:36,198 - midi.connection - DEBUG - Query successful: param 59 = 0
2025-09-29 03:30:36,641 - midi.connection - DEBUG - Sending query for parameter 60: SysEx: F0 04 17 3E 3C 00 00 00 00 00 00 00 00 00 00 00 F7
2025-09-29 03:30:36,683 - midi.sysex - DEBUG - SysEx parse: param_id=60, value=0, is_response=True, unit_id=1
2025-09-29 03:30:36,697 - midi.sysex - DEBUG - Received response: param 60 = 0
2025-09-29 03:30:36,702 - midi.connection - DEBUG - Parameter update: 60 = 0
2025-09-29 03:30:36,702 - midi.connection - DEBUG - Query successful: param 60 = 0
2025-09-29 03:30:37,149 - midi.connection - DEBUG - Sending query for parameter 61: SysEx: F0 04 17 3E 3D 00 00 00 00 00 00 00 00 00 00 00 F7
2025-09-29 03:30:37,200 - midi.sysex - DEBUG - SysEx parse: param_id=61, value=0, is_response=True, unit_id=1
2025-09-29 03:30:37,207 - midi.sysex - DEBUG - Received response: param 61 = 0
2025-09-29 03:30:37,215 - midi.connection - DEBUG - Parameter update: 61 = 0
2025-09-29 03:30:37,215 - midi.connection - DEBUG - Query successful: param 61 = 0
2025-09-29 03:30:37,640 - midi.connection - DEBUG - Sending query for parameter 62: SysEx: F0 04 17 3E 3E 00 00 00 00 00 00 00 00 00 00 00 F7
2025-09-29 03:30:37,688 - midi.sysex - DEBUG - SysEx parse: param_id=62, value=0, is_response=True, unit_id=1
2025-09-29 03:30:37,688 - midi.sysex - DEBUG - Received response: param 62 = 0
2025-09-29 03:30:37,688 - midi.connection - DEBUG - Parameter update: 62 = 0
2025-09-29 03:30:37,688 - midi.connection - DEBUG - Query successful: param 62 = 0
2025-09-29 03:30:38,101 - midi.connection - DEBUG - Sending query for parameter 63: SysEx: F0 04 17 3E 3F 00 00 00 00 00 00 00 00 00 00 00 F7
2025-09-29 03:30:38,172 - midi.sysex - DEBUG - SysEx parse: param_id=63, value=0, is_response=True, unit_id=1
2025-09-29 03:30:38,178 - midi.sysex - DEBUG - Received response: param 63 = 0
2025-09-29 03:30:38,185 - midi.connection - DEBUG - Parameter update: 63 = 0
2025-09-29 03:30:38,185 - midi.connection - DEBUG - Query successful: param 63 = 0
2025-09-29 03:30:38,659 - midi.connection - DEBUG - Sending query for parameter 64: SysEx: F0 04 17 3E 40 00 00 00 00 00 00 00 00 00 00 00 F7
2025-09-29 03:30:38,714 - midi.sysex - DEBUG - SysEx parse: param_id=64, value=0, is_response=True, unit_id=1
2025-09-29 03:30:38,720 - midi.sysex - DEBUG - Received response: param 64 = 0
2025-09-29 03:30:38,727 - midi.connection - DEBUG - Parameter update: 64 = 0
2025-09-29 03:30:38,727 - midi.connection - DEBUG - Query successful: param 64 = 0
2025-09-29 03:30:39,179 - midi.connection - DEBUG - Sending query for parameter 65: SysEx: F0 04 17 3E 41 00 00 00 00 00 00 00 00 00 00 00 F7
2025-09-29 03:30:39,217 - midi.sysex - DEBUG - SysEx parse: param_id=65, value=0, is_response=True, unit_id=1
2025-09-29 03:30:39,232 - midi.sysex - DEBUG - Received response: param 65 = 0
2025-09-29 03:30:39,239 - midi.connection - DEBUG - Parameter update: 65 = 0
2025-09-29 03:30:39,239 - midi.connection - DEBUG - Query successful: param 65 = 0
2025-09-29 03:30:39,656 - midi.connection - DEBUG - Sending query for parameter 66: SysEx: F0 04 17 3E 42 00 00 00 00 00 00 00 00 00 00 00 F7
2025-09-29 03:30:39,714 - midi.sysex - DEBUG - SysEx parse: param_id=66, value=1, is_response=True, unit_id=1
2025-09-29 03:30:39,721 - midi.sysex - DEBUG - Received response: param 66 = 1
2025-09-29 03:30:39,727 - midi.connection - DEBUG - Parameter update: 66 = 1
2025-09-29 03:30:39,727 - midi.connection - DEBUG - Query successful: param 66 = 1
2025-09-29 03:30:39,806 - ui.main_window - DEBUG - Parameter 0 updated to 0
2025-09-29 03:30:39,806 - ui.main_window - DEBUG - Parameter 1 updated to 0
2025-09-29 03:30:39,807 - ui.main_window - DEBUG - Parameter 2 updated to 0
2025-09-29 03:30:39,807 - ui.main_window - DEBUG - Parameter 3 updated to 2
2025-09-29 03:30:39,807 - ui.main_window - DEBUG - Parameter 37 updated to 2
2025-09-29 03:30:39,807 - ui.main_window - DEBUG - Parameter 38 updated to 2
2025-09-29 03:30:39,807 - ui.main_window - DEBUG - Parameter 39 updated to 1
2025-09-29 03:30:39,807 - ui.main_window - DEBUG - Parameter 40 updated to 0
2025-09-29 03:30:39,807 - ui.main_window - DEBUG - Parameter 41 updated to 0
2025-09-29 03:30:39,807 - ui.main_window - DEBUG - Parameter 42 updated to 0
2025-09-29 03:30:39,807 - ui.main_window - DEBUG - Parameter 43 updated to 7
2025-09-29 03:30:39,807 - ui.main_window - DEBUG - Parameter 44 updated to 7
2025-09-29 03:30:39,808 - ui.main_window - DEBUG - Parameter 45 updated to 7
2025-09-29 03:30:39,808 - ui.main_window - DEBUG - Parameter 46 updated to 0
2025-09-29 03:30:39,808 - ui.main_window - DEBUG - Parameter 47 updated to 0
2025-09-29 03:30:39,808 - ui.main_window - DEBUG - Parameter 48 updated to 0
2025-09-29 03:30:39,808 - ui.main_window - DEBUG - Parameter 49 updated to 0
2025-09-29 03:30:39,808 - ui.main_window - DEBUG - Parameter 50 updated to 0
2025-09-29 03:30:39,808 - ui.main_window - DEBUG - Parameter 51 updated to 0
2025-09-29 03:30:39,808 - ui.main_window - DEBUG - Parameter 52 updated to 1
2025-09-29 03:30:39,808 - ui.main_window - DEBUG - Parameter 53 updated to 0
2025-09-29 03:30:39,808 - ui.main_window - DEBUG - Parameter 54 updated to 0
2025-09-29 03:30:39,808 - ui.main_window - DEBUG - Parameter 55 updated to 0
2025-09-29 03:30:39,808 - ui.main_window - DEBUG - Parameter 56 updated to 0
2025-09-29 03:30:39,808 - ui.main_window - DEBUG - Parameter 57 updated to 1
2025-09-29 03:30:39,808 - ui.main_window - DEBUG - Parameter 58 updated to 0
2025-09-29 03:30:39,808 - ui.main_window - DEBUG - Parameter 70 updated to 0
2025-09-29 03:30:39,808 - ui.main_window - DEBUG - Parameter 71 updated to 0
2025-09-29 03:30:39,809 - ui.main_window - DEBUG - Parameter 20 updated to 1
2025-09-29 03:30:39,809 - ui.main_window - DEBUG - Parameter 21 updated to 1
2025-09-29 03:30:39,809 - ui.main_window - DEBUG - Parameter 22 updated to 1
2025-09-29 03:30:39,810 - ui.main_window - DEBUG - Parameter 23 updated to 8192
2025-09-29 03:30:39,810 - ui.main_window - DEBUG - Parameter 24 updated to 1
2025-09-29 03:30:39,810 - ui.main_window - DEBUG - Parameter 25 updated to 0
2025-09-29 03:30:39,810 - ui.main_window - DEBUG - Parameter 26 updated to 1
2025-09-29 03:30:39,810 - ui.main_window - DEBUG - Parameter 27 updated to 0
2025-09-29 03:30:39,810 - ui.main_window - DEBUG - Parameter 28 updated to 1
2025-09-29 03:30:39,810 - ui.main_window - DEBUG - Parameter 29 updated to 0
2025-09-29 03:30:39,810 - ui.main_window - DEBUG - Parameter 72 updated to 1
2025-09-29 03:30:39,810 - ui.main_window - DEBUG - Parameter 73 updated to 0
2025-09-29 03:30:39,810 - ui.main_window - DEBUG - Parameter 74 updated to 0
2025-09-29 03:30:39,810 - ui.main_window - DEBUG - Parameter 4 updated to 0
2025-09-29 03:30:39,810 - ui.main_window - DEBUG - Parameter 5 updated to 1
2025-09-29 03:30:39,811 - ui.main_window - DEBUG - Parameter 6 updated to 3
2025-09-29 03:30:39,811 - ui.main_window - DEBUG - Parameter 7 updated to 3
2025-09-29 03:30:39,811 - ui.main_window - DEBUG - Parameter 8 updated to 0
2025-09-29 03:30:39,811 - ui.main_window - DEBUG - Parameter 9 updated to 2
2025-09-29 03:30:39,811 - ui.main_window - DEBUG - Parameter 10 updated to 0
2025-09-29 03:30:39,811 - ui.main_window - DEBUG - Parameter 11 updated to 0
2025-09-29 03:30:39,811 - ui.main_window - DEBUG - Parameter 12 updated to 0
2025-09-29 03:30:39,811 - ui.main_window - DEBUG - Parameter 13 updated to 1
2025-09-29 03:30:39,812 - ui.main_window - DEBUG - Parameter 14 updated to 1
2025-09-29 03:30:39,812 - ui.main_window - DEBUG - Parameter 15 updated to 0
2025-09-29 03:30:39,812 - ui.main_window - DEBUG - Parameter 16 updated to 1
2025-09-29 03:30:39,812 - ui.main_window - DEBUG - Parameter 17 updated to 0
2025-09-29 03:30:39,812 - ui.main_window - DEBUG - Parameter 18 updated to 0
2025-09-29 03:30:39,812 - ui.main_window - DEBUG - Parameter 19 updated to 1
2025-09-29 03:30:39,812 - ui.main_window - DEBUG - Parameter 30 updated to 0
2025-09-29 03:30:39,812 - ui.main_window - DEBUG - Parameter 31 updated to 0
2025-09-29 03:30:39,812 - ui.main_window - DEBUG - Parameter 32 updated to 1
2025-09-29 03:30:39,812 - ui.main_window - DEBUG - Parameter 35 updated to 12
2025-09-29 03:30:39,813 - ui.main_window - DEBUG - Parameter 36 updated to 12
2025-09-29 03:30:39,813 - ui.main_window - DEBUG - Parameter 67 updated to 2
2025-09-29 03:30:39,813 - ui.main_window - DEBUG - Parameter 68 updated to 0
2025-09-29 03:30:39,813 - ui.main_window - DEBUG - Parameter 69 updated to 0
2025-09-29 03:30:39,813 - ui.main_window - DEBUG - Parameter 59 updated to 0
2025-09-29 03:30:39,813 - ui.main_window - DEBUG - Parameter 60 updated to 0
2025-09-29 03:30:39,813 - ui.main_window - DEBUG - Parameter 61 updated to 0
2025-09-29 03:30:39,813 - ui.main_window - DEBUG - Parameter 62 updated to 0
2025-09-29 03:30:39,813 - ui.main_window - DEBUG - Parameter 63 updated to 0
2025-09-29 03:30:39,813 - ui.main_window - DEBUG - Parameter 64 updated to 0
2025-09-29 03:30:39,813 - ui.main_window - DEBUG - Parameter 65 updated to 0
2025-09-29 03:30:39,813 - ui.main_window - DEBUG - Parameter 66 updated to 1
2025-09-29 03:30:58,902 - ui.main_window - DEBUG - Sent parameter 52 = 0
2025-09-29 03:31:01,134 - ui.main_window - DEBUG - Sent parameter 52 = 1
2025-09-29 03:31:02,201 - ui.main_window - DEBUG - Sent parameter 52 = 0
2025-09-29 03:31:10,503 - ui.main_window - DEBUG - Sent parameter 38 = 1
2025-09-29 03:31:25,800 - ui.main_window - DEBUG - Sent parameter 38 = 3
2025-09-29 03:31:45,708 - ui.main_window - DEBUG - Sent parameter 27 = 1
2025-09-29 03:31:49,192 - ui.main_window - DEBUG - Sent parameter 27 = 0
2025-09-29 03:32:11,672 - ui.main_window - DEBUG - Sent parameter 31 = 1
2025-09-29 03:32:17,623 - ui.main_window - DEBUG - Sent parameter 31 = 0
2025-09-29 03:32:54,982 - ui.main_window - DEBUG - Sent parameter 60 = 1
2025-09-29 03:32:58,669 - ui.main_window - DEBUG - Sent parameter 60 = 0
2025-09-29 03:42:14,847 - midi.connection - DEBUG - MIDI listen thread stopped
2025-09-29 03:42:14,850 - midi.connection - INFO - Disconnected from MIDI ports
2025-09-29 03:42:22,464 - __main__ - INFO - Starting Matriarch Controller...
2025-09-29 03:42:22,615 - __main__ - INFO - MIDI system OK: 23 inputs, 23 outputs
2025-09-29 03:42:22,901 - ui.main_window - DEBUG - Auto-reconnect disabled
2025-09-29 03:42:22,904 - __main__ - INFO - Main window created and shown
2025-09-29 03:42:35,089 - midi.connection - DEBUG - MIDI listen thread started
2025-09-29 03:42:35,089 - midi.connection - INFO - Connected to MIDI ports: mioXL MATRIARCH -> mioXL MATRIARCH
2025-09-29 03:42:35,123 - midi.connection - DEBUG - Sending query for parameter 0: SysEx: F0 04 17 3E 00 00 00 00 00 00 00 00 00 00 00 00 F7
2025-09-29 03:42:35,157 - midi.sysex - DEBUG - SysEx parse: param_id=0, value=0, is_response=True, unit_id=1
2025-09-29 03:42:35,157 - midi.sysex - DEBUG - Received response: param 0 = 0
2025-09-29 03:42:35,157 - midi.connection - DEBUG - Parameter update: 0 = 0
2025-09-29 03:42:35,157 - midi.connection - DEBUG - Query successful: param 0 = 0
2025-09-29 03:42:35,158 - midi.connection - DEBUG - Sending query for parameter 0: SysEx: F0 04 17 3E 00 00 00 00 00 00 00 00 00 00 00 00 F7
2025-09-29 03:42:35,192 - midi.sysex - DEBUG - SysEx parse: param_id=0, value=0, is_response=True, unit_id=1
2025-09-29 03:42:35,192 - midi.sysex - DEBUG - Received response: param 0 = 0
2025-09-29 03:42:35,192 - midi.connection - DEBUG - Parameter update: 0 = 0
2025-09-29 03:42:35,192 - midi.connection - DEBUG - Query successful: param 0 = 0
2025-09-29 03:42:35,193 - midi.connection - DEBUG - Sending query for parameter 10: SysEx: F0 04 17 3E 0A 00 00 00 00 00 00 00 00 00 00 00 F7
2025-09-29 03:42:35,229 - midi.sysex - DEBUG - SysEx parse: param_id=10, value=0, is_response=True, unit_id=1
2025-09-29 03:42:35,229 - midi.sysex - DEBUG - Received response: param 10 = 0
2025-09-29 03:42:35,229 - midi.connection - DEBUG - Parameter update: 10 = 0
2025-09-29 03:42:35,229 - midi.connection - DEBUG - Query successful: param 10 = 0
2025-09-29 03:42:35,230 - midi.connection - DEBUG - Sending query for parameter 37: SysEx: F0 04 17 3E 25 00 00 00 00 00 00 00 00 00 00 00 F7
2025-09-29 03:42:35,261 - midi.sysex - DEBUG - SysEx parse: param_id=37, value=2, is_response=True, unit_id=1
2025-09-29 03:42:35,261 - midi.sysex - DEBUG - Received response: param 37 = 2
2025-09-29 03:42:35,261 - midi.connection - DEBUG - Parameter update: 37 = 2
2025-09-29 03:42:35,261 - midi.connection - DEBUG - Query successful: param 37 = 2
2025-09-29 03:42:35,263 - midi.connection - DEBUG - MIDI listen thread stopped
2025-09-29 03:42:35,263 - midi.connection - INFO - Disconnected from MIDI ports
2025-09-29 03:42:45,886 - midi.connection - DEBUG - MIDI listen thread started
2025-09-29 03:42:45,888 - midi.connection - INFO - Connected to MIDI ports: mioXL MATRIARCH -> mioXL MATRIARCH
2025-09-29 03:42:45,901 - midi.connection - DEBUG - Sending query for parameter 0: SysEx: F0 04 17 3E 00 00 00 00 00 00 00 00 00 00 00 00 F7
2025-09-29 03:42:45,937 - midi.sysex - DEBUG - SysEx parse: param_id=0, value=0, is_response=True, unit_id=1
2025-09-29 03:42:45,937 - midi.sysex - DEBUG - Received response: param 0 = 0
2025-09-29 03:42:45,937 - midi.connection - DEBUG - Parameter update: 0 = 0
2025-09-29 03:42:45,944 - midi.connection - DEBUG - Query successful: param 0 = 0
2025-09-29 03:42:46,350 - midi.connection - DEBUG - Sending query for parameter 1: SysEx: F0 04 17 3E 01 00 00 00 00 00 00 00 00 00 00 00 F7
2025-09-29 03:42:46,389 - midi.sysex - DEBUG - SysEx parse: param_id=1, value=0, is_response=True, unit_id=1
2025-09-29 03:42:46,390 - midi.sysex - DEBUG - Received response: param 1 = 0
2025-09-29 03:42:46,390 - midi.connection - DEBUG - Parameter update: 1 = 0
2025-09-29 03:42:46,390 - midi.connection - DEBUG - Query successful: param 1 = 0
2025-09-29 03:42:46,802 - midi.connection - DEBUG - Sending query for parameter 2: SysEx: F0 04 17 3E 02 00 00 00 00 00 00 00 00 00 00 00 F7
2025-09-29 03:42:46,838 - midi.sysex - DEBUG - SysEx parse: param_id=2, value=0, is_response=True, unit_id=1
2025-09-29 03:42:46,838 - midi.sysex - DEBUG - Received response: param 2 = 0
2025-09-29 03:42:46,838 - midi.connection - DEBUG - Parameter update: 2 = 0
2025-09-29 03:42:46,838 - midi.connection - DEBUG - Query successful: param 2 = 0
2025-09-29 03:42:47,248 - midi.connection - DEBUG - Sending query for parameter 3: SysEx: F0 04 17 3E 03 00 00 00 00 00 00 00 00 00 00 00 F7
2025-09-29 03:42:47,283 - midi.sysex - DEBUG - SysEx parse: param_id=3, value=2, is_response=True, unit_id=1
2025-09-29 03:42:47,284 - midi.sysex - DEBUG - Received response: param 3 = 2
2025-09-29 03:42:47,285 - midi.connection - DEBUG - Parameter update: 3 = 2
2025-09-29 03:42:47,285 - midi.connection - DEBUG - Query successful: param 3 = 2
2025-09-29 03:42:47,695 - midi.connection - DEBUG - Sending query for parameter 37: SysEx: F0 04 17 3E 25 00 00 00 00 00 00 00 00 00 00 00 F7
2025-09-29 03:42:47,730 - midi.sysex - DEBUG - SysEx parse: param_id=37, value=2, is_response=True, unit_id=1
2025-09-29 03:42:47,731 - midi.sysex - DEBUG - Received response: param 37 = 2
2025-09-29 03:42:47,731 - midi.connection - DEBUG - Parameter update: 37 = 2
2025-09-29 03:42:47,731 - midi.connection - DEBUG - Query successful: param 37 = 2
2025-09-29 03:42:48,136 - midi.connection - DEBUG - Sending query for parameter 38: SysEx: F0 04 17 3E 26 00 00 00 00 00 00 00 00 00 00 00 F7
2025-09-29 03:42:48,171 - midi.sysex - DEBUG - SysEx parse: param_id=38, value=3, is_response=True, unit_id=1
2025-09-29 03:42:48,171 - midi.sysex - DEBUG - Received response: param 38 = 3
2025-09-29 03:42:48,171 - midi.connection - DEBUG - Parameter update: 38 = 3
2025-09-29 03:42:48,171 - midi.connection - DEBUG - Query successful: param 38 = 3
2025-09-29 03:42:48,577 - midi.connection - DEBUG - Sending query for parameter 39: SysEx: F0 04 17 3E 27 00 00 00 00 00 00 00 00 00 00 00 F7
2025-09-29 03:42:48,622 - midi.sysex - DEBUG - SysEx parse: param_id=39, value=1, is_response=True, unit_id=1
2025-09-29 03:42:48,623 - midi.sysex - DEBUG - Received response: param 39 = 1
2025-09-29 03:42:48,623 - midi.connection - DEBUG - Parameter update: 39 = 1
2025-09-29 03:42:48,623 - midi.connection - DEBUG - Query successful: param 39 = 1
2025-09-29 03:42:49,027 - midi.connection - DEBUG - Sending query for parameter 40: SysEx: F0 04 17 3E 28 00 00 00 00 00 00 00 00 00 00 00 F7
2025-09-29 03:42:49,064 - midi.sysex - DEBUG - SysEx parse: param_id=40, value=0, is_response=True, unit_id=1
2025-09-29 03:42:49,064 - midi.sysex - DEBUG - Received response: param 40 = 0
2025-09-29 03:42:49,064 - midi.connection - DEBUG - Parameter update: 40 = 0
2025-09-29 03:42:49,064 - midi.connection - DEBUG - Query successful: param 40 = 0
2025-09-29 03:42:49,469 - midi.connection - DEBUG - Sending query for parameter 41: SysEx: F0 04 17 3E 29 00 00 00 00 00 00 00 00 00 00 00 F7
2025-09-29 03:42:49,505 - midi.sysex - DEBUG - SysEx parse: param_id=41, value=0, is_response=True, unit_id=1
2025-09-29 03:42:49,506 - midi.sysex - DEBUG - Received response: param 41 = 0
2025-09-29 03:42:49,506 - midi.connection - DEBUG - Parameter update: 41 = 0
2025-09-29 03:42:49,506 - midi.connection - DEBUG - Query successful: param 41 = 0
2025-09-29 03:42:49,909 - midi.connection - DEBUG - Sending query for parameter 42: SysEx: F0 04 17 3E 2A 00 00 00 00 00 00 00 00 00 00 00 F7
2025-09-29 03:42:49,948 - midi.sysex - DEBUG - SysEx parse: param_id=42, value=0, is_response=True, unit_id=1
2025-09-29 03:42:49,948 - midi.sysex - DEBUG - Received response: param 42 = 0
2025-09-29 03:42:49,948 - midi.connection - DEBUG - Parameter update: 42 = 0
2025-09-29 03:42:49,948 - midi.connection - DEBUG - Query successful: param 42 = 0
2025-09-29 03:42:50,353 - midi.connection - DEBUG - Sending query for parameter 43: SysEx: F0 04 17 3E 2B 00 00 00 00 00 00 00 00 00 00 00 F7
2025-09-29 03:42:50,387 - midi.sysex - DEBUG - SysEx parse: param_id=43, value=7, is_response=True, unit_id=1
2025-09-29 03:42:50,388 - midi.sysex - DEBUG - Received response: param 43 = 7
2025-09-29 03:42:50,388 - midi.connection - DEBUG - Parameter update: 43 = 7
2025-09-29 03:42:50,388 - midi.connection - DEBUG - Query successful: param 43 = 7
2025-09-29 03:42:50,793 - midi.connection - DEBUG - Sending query for parameter 44: SysEx: F0 04 17 3E 2C 00 00 00 00 00 00 00 00 00 00 00 F7
2025-09-29 03:42:50,830 - midi.sysex - DEBUG - SysEx parse: param_id=44, value=7, is_response=True, unit_id=1
2025-09-29 03:42:50,830 - midi.sysex - DEBUG - Received response: param 44 = 7
2025-09-29 03:42:50,830 - midi.connection - DEBUG - Parameter update: 44 = 7
2025-09-29 03:42:50,830 - midi.connection - DEBUG - Query successful: param 44 = 7
2025-09-29 03:42:51,235 - midi.connection - DEBUG - Sending query for parameter 45: SysEx: F0 04 17 3E 2D 00 00 00 00 00 00 00 00 00 00 00 F7
2025-09-29 03:42:51,270 - midi.sysex - DEBUG - SysEx parse: param_id=45, value=7, is_response=True, unit_id=1
2025-09-29 03:42:51,270 - midi.sysex - DEBUG - Received response: param 45 = 7
2025-09-29 03:42:51,271 - midi.connection - DEBUG - Parameter update: 45 = 7
2025-09-29 03:42:51,271 - midi.connection - DEBUG - Query successful: param 45 = 7
2025-09-29 03:42:51,675 - midi.connection - DEBUG - Sending query for parameter 46: SysEx: F0 04 17 3E 2E 00 00 00 00 00 00 00 00 00 00 00 F7
2025-09-29 03:42:51,709 - midi.sysex - DEBUG - SysEx parse: param_id=46, value=0, is_response=True, unit_id=1
2025-09-29 03:42:51,709 - midi.sysex - DEBUG - Received response: param 46 = 0
2025-09-29 03:42:51,709 - midi.connection - DEBUG - Parameter update: 46 = 0
2025-09-29 03:42:51,709 - midi.connection - DEBUG - Query successful: param 46 = 0
2025-09-29 03:42:52,110 - midi.connection - DEBUG - Sending query for parameter 47: SysEx: F0 04 17 3E 2F 00 00 00 00 00 00 00 00 00 00 00 F7
2025-09-29 03:42:52,146 - midi.sysex - DEBUG - SysEx parse: param_id=47, value=0, is_response=True, unit_id=1
2025-09-29 03:42:52,147 - midi.sysex - DEBUG - Received response: param 47 = 0
2025-09-29 03:42:52,147 - midi.connection - DEBUG - Parameter update: 47 = 0
2025-09-29 03:42:52,147 - midi.connection - DEBUG - Query successful: param 47 = 0
2025-09-29 03:42:52,551 - midi.connection - DEBUG - Sending query for parameter 48: SysEx: F0 04 17 3E 30 00 00 00 00 00 00 00 00 00 00 00 F7
2025-09-29 03:42:52,589 - midi.sysex - DEBUG - SysEx parse: param_id=48, value=0, is_response=True, unit_id=1
2025-09-29 03:42:52,589 - midi.sysex - DEBUG - Received response: param 48 = 0
2025-09-29 03:42:52,589 - midi.connection - DEBUG - Parameter update: 48 = 0
2025-09-29 03:42:52,589 - midi.connection - DEBUG - Query successful: param 48 = 0
2025-09-29 03:42:52,993 - midi.connection - DEBUG - Sending query for parameter 49: SysEx: F0 04 17 3E 31 00 00 00 00 00 00 00 00 00 00 00 F7
2025-09-29 03:42:53,026 - midi.sysex - DEBUG - SysEx parse: param_id=49, value=0, is_response=True, unit_id=1
2025-09-29 03:42:53,026 - midi.sysex - DEBUG - Received response: param 49 = 0
2025-09-29 03:42:53,026 - midi.connection - DEBUG - Parameter update: 49 = 0
2025-09-29 03:42:53,026 - midi.connection - DEBUG - Query successful: param 49 = 0
2025-09-29 03:42:53,430 - midi.connection - DEBUG - Sending query for parameter 50: SysEx: F0 04 17 3E 32 00 00 00 00 00 00 00 00 00 00 00 F7
2025-09-29 03:42:53,464 - midi.sysex - DEBUG - SysEx parse: param_id=50, value=0, is_response=True, unit_id=1
2025-09-29 03:42:53,464 - midi.sysex - DEBUG - Received response: param 50 = 0
2025-09-29 03:42:53,464 - midi.connection - DEBUG - Parameter update: 50 = 0
2025-09-29 03:42:53,464 - midi.connection - DEBUG - Query successful: param 50 = 0
2025-09-29 03:42:53,870 - midi.connection - DEBUG - Sending query for parameter 51: SysEx: F0 04 17 3E 33 00 00 00 00 00 00 00 00 00 00 00 F7
2025-09-29 03:42:53,903 - midi.sysex - DEBUG - SysEx parse: param_id=51, value=0, is_response=True, unit_id=1
2025-09-29 03:42:53,903 - midi.sysex - DEBUG - Received response: param 51 = 0
2025-09-29 03:42:53,903 - midi.connection - DEBUG - Parameter update: 51 = 0
2025-09-29 03:42:53,904 - midi.connection - DEBUG - Query successful: param 51 = 0
2025-09-29 03:42:54,309 - midi.connection - DEBUG - Sending query for parameter 52: SysEx: F0 04 17 3E 34 00 00 00 00 00 00 00 00 00 00 00 F7
2025-09-29 03:42:54,345 - midi.sysex - DEBUG - SysEx parse: param_id=52, value=0, is_response=True, unit_id=1
2025-09-29 03:42:54,345 - midi.sysex - DEBUG - Received response: param 52 = 0
2025-09-29 03:42:54,345 - midi.connection - DEBUG - Parameter update: 52 = 0
2025-09-29 03:42:54,345 - midi.connection - DEBUG - Query successful: param 52 = 0
2025-09-29 03:42:54,929 - midi.connection - DEBUG - Sending query for parameter 53: SysEx: F0 04 17 3E 35 00 00 00 00 00 00 00 00 00 00 00 F7
2025-09-29 03:42:54,963 - midi.sysex - DEBUG - SysEx parse: param_id=53, value=0, is_response=True, unit_id=1
2025-09-29 03:42:54,963 - midi.sysex - DEBUG - Received response: param 53 = 0
2025-09-29 03:42:54,963 - midi.connection - DEBUG - Parameter update: 53 = 0
2025-09-29 03:42:54,963 - midi.connection - DEBUG - Query successful: param 53 = 0
2025-09-29 03:42:55,365 - midi.connection - DEBUG - Sending query for parameter 54: SysEx: F0 04 17 3E 36 00 00 00 00 00 00 00 00 00 00 00 F7
2025-09-29 03:42:55,402 - midi.sysex - DEBUG - SysEx parse: param_id=54, value=0, is_response=True, unit_id=1
2025-09-29 03:42:55,402 - midi.sysex - DEBUG - Received response: param 54 = 0
2025-09-29 03:42:55,402 - midi.connection - DEBUG - Parameter update: 54 = 0
2025-09-29 03:42:55,402 - midi.connection - DEBUG - Query successful: param 54 = 0
2025-09-29 03:42:55,809 - midi.connection - DEBUG - Sending query for parameter 55: SysEx: F0 04 17 3E 37 00 00 00 00 00 00 00 00 00 00 00 F7
2025-09-29 03:42:55,845 - midi.sysex - DEBUG - SysEx parse: param_id=55, value=0, is_response=True, unit_id=1
2025-09-29 03:42:55,846 - midi.sysex - DEBUG - Received response: param 55 = 0
2025-09-29 03:42:55,846 - midi.connection - DEBUG - Parameter update: 55 = 0
2025-09-29 03:42:55,846 - midi.connection - DEBUG - Query successful: param 55 = 0
2025-09-29 03:42:56,252 - midi.connection - DEBUG - Sending query for parameter 56: SysEx: F0 04 17 3E 38 00 00 00 00 00 00 00 00 00 00 00 F7
2025-09-29 03:42:56,288 - midi.sysex - DEBUG - SysEx parse: param_id=56, value=0, is_response=True, unit_id=1
2025-09-29 03:42:56,289 - midi.sysex - DEBUG - Received response: param 56 = 0
2025-09-29 03:42:56,289 - midi.connection - DEBUG - Parameter update: 56 = 0
2025-09-29 03:42:56,290 - midi.connection - DEBUG - Query successful: param 56 = 0
2025-09-29 03:42:56,694 - midi.connection - DEBUG - Sending query for parameter 57: SysEx: F0 04 17 3E 39 00 00 00 00 00 00 00 00 00 00 00 F7
2025-09-29 03:42:56,728 - midi.sysex - DEBUG - SysEx parse: param_id=57, value=1, is_response=True, unit_id=1
2025-09-29 03:42:56,728 - midi.sysex - DEBUG - Received response: param 57 = 1
2025-09-29 03:42:56,728 - midi.connection - DEBUG - Parameter update: 57 = 1
2025-09-29 03:42:56,728 - midi.connection - DEBUG - Query successful: param 57 = 1
2025-09-29 03:42:57,133 - midi.connection - DEBUG - Sending query for parameter 58: SysEx: F0 04 17 3E 3A 00 00 00 00 00 00 00 00 00 00 00 F7
2025-09-29 03:42:57,170 - midi.sysex - DEBUG - SysEx parse: param_id=58, value=0, is_response=True, unit_id=1
2025-09-29 03:42:57,171 - midi.sysex - DEBUG - Received response: param 58 = 0
2025-09-29 03:42:57,171 - midi.connection - DEBUG - Parameter update: 58 = 0
2025-09-29 03:42:57,171 - midi.connection - DEBUG - Query successful: param 58 = 0
2025-09-29 03:42:57,572 - midi.connection - DEBUG - Sending query for parameter 70: SysEx: F0 04 17 3E 46 00 00 00 00 00 00 00 00 00 00 00 F7
2025-09-29 03:42:57,608 - midi.sysex - DEBUG - SysEx parse: param_id=70, value=0, is_response=True, unit_id=1
2025-09-29 03:42:57,609 - midi.sysex - DEBUG - Received response: param 70 = 0
2025-09-29 03:42:57,610 - midi.connection - DEBUG - Parameter update: 70 = 0
2025-09-29 03:42:57,610 - midi.connection - DEBUG - Query successful: param 70 = 0
2025-09-29 03:42:58,016 - midi.connection - DEBUG - Sending query for parameter 71: SysEx: F0 04 17 3E 47 00 00 00 00 00 00 00 00 00 00 00 F7
2025-09-29 03:42:58,055 - midi.sysex - DEBUG - SysEx parse: param_id=71, value=0, is_response=True, unit_id=1
2025-09-29 03:42:58,062 - midi.sysex - DEBUG - Received response: param 71 = 0
2025-09-29 03:42:58,062 - midi.connection - DEBUG - Parameter update: 71 = 0
2025-09-29 03:42:58,062 - midi.connection - DEBUG - Query successful: param 71 = 0
2025-09-29 03:42:58,464 - midi.connection - DEBUG - Sending query for parameter 20: SysEx: F0 04 17 3E 14 00 00 00 00 00 00 00 00 00 00 00 F7
2025-09-29 03:42:58,498 - midi.sysex - DEBUG - SysEx parse: param_id=20, value=1, is_response=True, unit_id=1
2025-09-29 03:42:58,498 - midi.sysex - DEBUG - Received response: param 20 = 1
2025-09-29 03:42:58,498 - midi.connection - DEBUG - Parameter update: 20 = 1
2025-09-29 03:42:58,498 - midi.connection - DEBUG - Query successful: param 20 = 1
2025-09-29 03:42:58,903 - midi.connection - DEBUG - Sending query for parameter 21: SysEx: F0 04 17 3E 15 00 00 00 00 00 00 00 00 00 00 00 F7
2025-09-29 03:42:58,937 - midi.sysex - DEBUG - SysEx parse: param_id=21, value=1, is_response=True, unit_id=1
2025-09-29 03:42:58,937 - midi.sysex - DEBUG - Received response: param 21 = 1
2025-09-29 03:42:58,938 - midi.connection - DEBUG - Parameter update: 21 = 1
2025-09-29 03:42:58,938 - midi.connection - DEBUG - Query successful: param 21 = 1
2025-09-29 03:42:59,344 - midi.connection - DEBUG - Sending query for parameter 22: SysEx: F0 04 17 3E 16 00 00 00 00 00 00 00 00 00 00 00 F7
2025-09-29 03:42:59,380 - midi.sysex - DEBUG - SysEx parse: param_id=22, value=1, is_response=True, unit_id=1
2025-09-29 03:42:59,380 - midi.sysex - DEBUG - Received response: param 22 = 1
2025-09-29 03:42:59,380 - midi.connection - DEBUG - Parameter update: 22 = 1
2025-09-29 03:42:59,380 - midi.connection - DEBUG - Query successful: param 22 = 1
2025-09-29 03:42:59,784 - midi.connection - DEBUG - Sending query for parameter 23: SysEx: F0 04 17 3E 17 00 00 00 00 00 00 00 00 00 00 00 F7
2025-09-29 03:42:59,821 - midi.sysex - DEBUG - SysEx parse: param_id=23, value=8192, is_response=True, unit_id=1
2025-09-29 03:42:59,822 - midi.sysex - DEBUG - Received response: param 23 = 8192
2025-09-29 03:42:59,822 - midi.connection - DEBUG - Parameter update: 23 = 8192
2025-09-29 03:42:59,822 - midi.connection - DEBUG - Query successful: param 23 = 8192
2025-09-29 03:43:00,227 - midi.connection - DEBUG - Sending query for parameter 24: SysEx: F0 04 17 3E 18 00 00 00 00 00 00 00 00 00 00 00 F7
2025-09-29 03:43:00,272 - midi.sysex - DEBUG - SysEx parse: param_id=24, value=1, is_response=True, unit_id=1
2025-09-29 03:43:00,273 - midi.sysex - DEBUG - Received response: param 24 = 1
2025-09-29 03:43:00,273 - midi.connection - DEBUG - Parameter update: 24 = 1
2025-09-29 03:43:00,273 - midi.connection - DEBUG - Query successful: param 24 = 1
2025-09-29 03:43:00,675 - midi.connection - DEBUG - Sending query for parameter 25: SysEx: F0 04 17 3E 19 00 00 00 00 00 00 00 00 00 00 00 F7
2025-09-29 03:43:00,710 - midi.sysex - DEBUG - SysEx parse: param_id=25, value=0, is_response=True, unit_id=1
2025-09-29 03:43:00,711 - midi.sysex - DEBUG - Received response: param 25 = 0
2025-09-29 03:43:00,711 - midi.connection - DEBUG - Parameter update: 25 = 0
2025-09-29 03:43:00,711 - midi.connection - DEBUG - Query successful: param 25 = 0
2025-09-29 03:43:01,116 - midi.connection - DEBUG - Sending query for parameter 26: SysEx: F0 04 17 3E 1A 00 00 00 00 00 00 00 00 00 00 00 F7
2025-09-29 03:43:01,153 - midi.sysex - DEBUG - SysEx parse: param_id=26, value=1, is_response=True, unit_id=1
2025-09-29 03:43:01,160 - midi.sysex - DEBUG - Received response: param 26 = 1
2025-09-29 03:43:01,167 - midi.connection - DEBUG - Parameter update: 26 = 1
2025-09-29 03:43:01,167 - midi.connection - DEBUG - Query successful: param 26 = 1
2025-09-29 03:43:01,573 - midi.connection - DEBUG - Sending query for parameter 27: SysEx: F0 04 17 3E 1B 00 00 00 00 00 00 00 00 00 00 00 F7
2025-09-29 03:43:01,606 - midi.sysex - DEBUG - SysEx parse: param_id=27, value=0, is_response=True, unit_id=1
2025-09-29 03:43:01,606 - midi.sysex - DEBUG - Received response: param 27 = 0
2025-09-29 03:43:01,606 - midi.connection - DEBUG - Parameter update: 27 = 0
2025-09-29 03:43:01,606 - midi.connection - DEBUG - Query successful: param 27 = 0
2025-09-29 03:43:02,010 - midi.connection - DEBUG - Sending query for parameter 28: SysEx: F0 04 17 3E 1C 00 00 00 00 00 00 00 00 00 00 00 F7
2025-09-29 03:43:02,046 - midi.sysex - DEBUG - SysEx parse: param_id=28, value=1, is_response=True, unit_id=1
2025-09-29 03:43:02,046 - midi.sysex - DEBUG - Received response: param 28 = 1
2025-09-29 03:43:02,046 - midi.connection - DEBUG - Parameter update: 28 = 1
2025-09-29 03:43:02,046 - midi.connection - DEBUG - Query successful: param 28 = 1
2025-09-29 03:43:02,456 - midi.connection - DEBUG - Sending query for parameter 29: SysEx: F0 04 17 3E 1D 00 00 00 00 00 00 00 00 00 00 00 F7
2025-09-29 03:43:02,511 - midi.sysex - DEBUG - SysEx parse: param_id=29, value=0, is_response=True, unit_id=1
2025-09-29 03:43:02,511 - midi.sysex - DEBUG - Received response: param 29 = 0
2025-09-29 03:43:02,511 - midi.connection - DEBUG - Parameter update: 29 = 0
2025-09-29 03:43:02,511 - midi.connection - DEBUG - Query successful: param 29 = 0
2025-09-29 03:43:02,916 - midi.connection - DEBUG - Sending query for parameter 72: SysEx: F0 04 17 3E 48 00 00 00 00 00 00 00 00 00 00 00 F7
2025-09-29 03:43:02,956 - midi.sysex - DEBUG - SysEx parse: param_id=72, value=1, is_response=True, unit_id=1
2025-09-29 03:43:02,963 - midi.sysex - DEBUG - Received response: param 72 = 1
2025-09-29 03:43:02,970 - midi.connection - DEBUG - Parameter update: 72 = 1
2025-09-29 03:43:02,970 - midi.connection - DEBUG - Query successful: param 72 = 1
2025-09-29 03:43:03,382 - midi.connection - DEBUG - Sending query for parameter 73: SysEx: F0 04 17 3E 49 00 00 00 00 00 00 00 00 00 00 00 F7
2025-09-29 03:43:03,416 - midi.sysex - DEBUG - SysEx parse: param_id=73, value=0, is_response=True, unit_id=1
2025-09-29 03:43:03,417 - midi.sysex - DEBUG - Received response: param 73 = 0
2025-09-29 03:43:03,417 - midi.connection - DEBUG - Parameter update: 73 = 0
2025-09-29 03:43:03,417 - midi.connection - DEBUG - Query successful: param 73 = 0
2025-09-29 03:43:03,822 - midi.connection - DEBUG - Sending query for parameter 74: SysEx: F0 04 17 3E 4A 00 00 00 00 00 00 00 00 00 00 00 F7
2025-09-29 03:43:03,878 - midi.sysex - DEBUG - SysEx parse: param_id=74, value=0, is_response=True, unit_id=1
2025-09-29 03:43:03,878 - midi.sysex - DEBUG - Received response: param 74 = 0
2025-09-29 03:43:03,878 - midi.connection - DEBUG - Parameter update: 74 = 0
2025-09-29 03:43:03,878 - midi.connection - DEBUG - Query successful: param 74 = 0
2025-09-29 03:43:04,283 - midi.connection - DEBUG - Sending query for parameter 4: SysEx: F0 04 17 3E 04 00 00 00 00 00 00 00 00 00 00 00 F7
2025-09-29 03:43:04,319 - midi.sysex - DEBUG - SysEx parse: param_id=4, value=0, is_response=True, unit_id=1
2025-09-29 03:43:04,319 - midi.sysex - DEBUG - Received response: param 4 = 0
2025-09-29 03:43:04,319 - midi.connection - DEBUG - Parameter update: 4 = 0
2025-09-29 03:43:04,319 - midi.connection - DEBUG - Query successful: param 4 = 0
2025-09-29 03:43:04,723 - midi.connection - DEBUG - Sending query for parameter 5: SysEx: F0 04 17 3E 05 00 00 00 00 00 00 00 00 00 00 00 F7
2025-09-29 03:43:04,764 - midi.sysex - DEBUG - SysEx parse: param_id=5, value=1, is_response=True, unit_id=1
2025-09-29 03:43:04,777 - midi.sysex - DEBUG - Received response: param 5 = 1
2025-09-29 03:43:04,781 - midi.connection - DEBUG - Parameter update: 5 = 1
2025-09-29 03:43:04,781 - midi.connection - DEBUG - Query successful: param 5 = 1
2025-09-29 03:43:05,186 - midi.connection - DEBUG - Sending query for parameter 6: SysEx: F0 04 17 3E 06 00 00 00 00 00 00 00 00 00 00 00 F7
2025-09-29 03:43:05,222 - midi.sysex - DEBUG - SysEx parse: param_id=6, value=3, is_response=True, unit_id=1
2025-09-29 03:43:05,222 - midi.sysex - DEBUG - Received response: param 6 = 3
2025-09-29 03:43:05,222 - midi.connection - DEBUG - Parameter update: 6 = 3
2025-09-29 03:43:05,222 - midi.connection - DEBUG - Query successful: param 6 = 3
2025-09-29 03:43:05,627 - midi.connection - DEBUG - Sending query for parameter 7: SysEx: F0 04 17 3E 07 00 00 00 00 00 00 00 00 00 00 00 F7
2025-09-29 03:43:05,664 - midi.sysex - DEBUG - SysEx parse: param_id=7, value=3, is_response=True, unit_id=1
2025-09-29 03:43:05,676 - midi.sysex - DEBUG - Received response: param 7 = 3
2025-09-29 03:43:05,683 - midi.connection - DEBUG - Parameter update: 7 = 3
2025-09-29 03:43:05,683 - midi.connection - DEBUG - Query successful: param 7 = 3
2025-09-29 03:43:06,087 - midi.connection - DEBUG - Sending query for parameter 8: SysEx: F0 04 17 3E 08 00 00 00 00 00 00 00 00 00 00 00 F7
2025-09-29 03:43:06,121 - midi.sysex - DEBUG - SysEx parse: param_id=8, value=0, is_response=True, unit_id=1
2025-09-29 03:43:06,121 - midi.sysex - DEBUG - Received response: param 8 = 0
2025-09-29 03:43:06,121 - midi.connection - DEBUG - Parameter update: 8 = 0
2025-09-29 03:43:06,121 - midi.connection - DEBUG - Query successful: param 8 = 0
2025-09-29 03:43:06,526 - midi.connection - DEBUG - Sending query for parameter 9: SysEx: F0 04 17 3E 09 00 00 00 00 00 00 00 00 00 00 00 F7
2025-09-29 03:43:06,563 - midi.sysex - DEBUG - SysEx parse: param_id=9, value=2, is_response=True, unit_id=1
2025-09-29 03:43:06,569 - midi.sysex - DEBUG - Received response: param 9 = 2
2025-09-29 03:43:06,577 - midi.connection - DEBUG - Parameter update: 9 = 2
2025-09-29 03:43:06,577 - midi.connection - DEBUG - Query successful: param 9 = 2
2025-09-29 03:43:06,992 - midi.connection - DEBUG - Sending query for parameter 10: SysEx: F0 04 17 3E 0A 00 00 00 00 00 00 00 00 00 00 00 F7
2025-09-29 03:43:07,026 - midi.sysex - DEBUG - SysEx parse: param_id=10, value=0, is_response=True, unit_id=1
2025-09-29 03:43:07,026 - midi.sysex - DEBUG - Received response: param 10 = 0
2025-09-29 03:43:07,026 - midi.connection - DEBUG - Parameter update: 10 = 0
2025-09-29 03:43:07,026 - midi.connection - DEBUG - Query successful: param 10 = 0
2025-09-29 03:43:07,432 - midi.connection - DEBUG - Sending query for parameter 11: SysEx: F0 04 17 3E 0B 00 00 00 00 00 00 00 00 00 00 00 F7
2025-09-29 03:43:07,479 - midi.sysex - DEBUG - SysEx parse: param_id=11, value=0, is_response=True, unit_id=1
2025-09-29 03:43:07,491 - midi.sysex - DEBUG - Received response: param 11 = 0
2025-09-29 03:43:07,491 - midi.connection - DEBUG - Parameter update: 11 = 0
2025-09-29 03:43:07,491 - midi.connection - DEBUG - Query successful: param 11 = 0
2025-09-29 03:43:07,893 - midi.connection - DEBUG - Sending query for parameter 12: SysEx: F0 04 17 3E 0C 00 00 00 00 00 00 00 00 00 00 00 F7
2025-09-29 03:43:07,924 - midi.sysex - DEBUG - SysEx parse: param_id=12, value=0, is_response=True, unit_id=1
2025-09-29 03:43:07,924 - midi.sysex - DEBUG - Received response: param 12 = 0
2025-09-29 03:43:07,924 - midi.connection - DEBUG - Parameter update: 12 = 0
2025-09-29 03:43:07,924 - midi.connection - DEBUG - Query successful: param 12 = 0
2025-09-29 03:43:08,325 - midi.connection - DEBUG - Sending query for parameter 13: SysEx: F0 04 17 3E 0D 00 00 00 00 00 00 00 00 00 00 00 F7
2025-09-29 03:43:08,370 - midi.sysex - DEBUG - SysEx parse: param_id=13, value=1, is_response=True, unit_id=1
2025-09-29 03:43:08,376 - midi.sysex - DEBUG - Received response: param 13 = 1
2025-09-29 03:43:08,382 - midi.connection - DEBUG - Parameter update: 13 = 1
2025-09-29 03:43:08,391 - midi.connection - DEBUG - Query successful: param 13 = 1
2025-09-29 03:43:08,800 - midi.connection - DEBUG - Sending query for parameter 14: SysEx: F0 04 17 3E 0E 00 00 00 00 00 00 00 00 00 00 00 F7
2025-09-29 03:43:08,834 - midi.sysex - DEBUG - SysEx parse: param_id=14, value=1, is_response=True, unit_id=1
2025-09-29 03:43:08,834 - midi.sysex - DEBUG - Received response: param 14 = 1
2025-09-29 03:43:08,834 - midi.connection - DEBUG - Parameter update: 14 = 1
2025-09-29 03:43:08,834 - midi.connection - DEBUG - Query successful: param 14 = 1
2025-09-29 03:43:09,239 - midi.connection - DEBUG - Sending query for parameter 15: SysEx: F0 04 17 3E 0F 00 00 00 00 00 00 00 00 00 00 00 F7
2025-09-29 03:43:09,286 - midi.sysex - DEBUG - SysEx parse: param_id=15, value=0, is_response=True, unit_id=1
2025-09-29 03:43:09,294 - midi.sysex - DEBUG - Received response: param 15 = 0
2025-09-29 03:43:09,298 - midi.connection - DEBUG - Parameter update: 15 = 0
2025-09-29 03:43:09,298 - midi.connection - DEBUG - Query successful: param 15 = 0
2025-09-29 03:43:09,702 - midi.connection - DEBUG - Sending query for parameter 16: SysEx: F0 04 17 3E 10 00 00 00 00 00 00 00 00 00 00 00 F7
2025-09-29 03:43:09,731 - midi.sysex - DEBUG - SysEx parse: param_id=16, value=1, is_response=True, unit_id=1
2025-09-29 03:43:09,731 - midi.sysex - DEBUG - Received response: param 16 = 1
2025-09-29 03:43:09,731 - midi.connection - DEBUG - Parameter update: 16 = 1
2025-09-29 03:43:09,731 - midi.connection - DEBUG - Query successful: param 16 = 1
2025-09-29 03:43:10,132 - midi.connection - DEBUG - Sending query for parameter 17: SysEx: F0 04 17 3E 11 00 00 00 00 00 00 00 00 00 00 00 F7
2025-09-29 03:43:10,170 - midi.sysex - DEBUG - SysEx parse: param_id=17, value=0, is_response=True, unit_id=1
2025-09-29 03:43:10,177 - midi.sysex - DEBUG - Received response: param 17 = 0
2025-09-29 03:43:10,184 - midi.connection - DEBUG - Parameter update: 17 = 0
2025-09-29 03:43:10,184 - midi.connection - DEBUG - Query successful: param 17 = 0
2025-09-29 03:43:10,608 - midi.connection - DEBUG - Sending query for parameter 18: SysEx: F0 04 17 3E 12 00 00 00 00 00 00 00 00 00 00 00 F7
2025-09-29 03:43:10,641 - midi.sysex - DEBUG - SysEx parse: param_id=18, value=0, is_response=True, unit_id=1
2025-09-29 03:43:10,641 - midi.sysex - DEBUG - Received response: param 18 = 0
2025-09-29 03:43:10,641 - midi.connection - DEBUG - Parameter update: 18 = 0
2025-09-29 03:43:10,641 - midi.connection - DEBUG - Query successful: param 18 = 0
2025-09-29 03:43:11,046 - midi.connection - DEBUG - Sending query for parameter 19: SysEx: F0 04 17 3E 13 00 00 00 00 00 00 00 00 00 00 00 F7
2025-09-29 03:43:11,087 - midi.sysex - DEBUG - SysEx parse: param_id=19, value=1, is_response=True, unit_id=1
2025-09-29 03:43:11,093 - midi.sysex - DEBUG - Received response: param 19 = 1
2025-09-29 03:43:11,100 - midi.connection - DEBUG - Parameter update: 19 = 1
2025-09-29 03:43:11,100 - midi.connection - DEBUG - Query successful: param 19 = 1
2025-09-29 03:43:11,508 - midi.connection - DEBUG - Sending query for parameter 30: SysEx: F0 04 17 3E 1E 00 00 00 00 00 00 00 00 00 00 00 F7
2025-09-29 03:43:11,540 - midi.sysex - DEBUG - SysEx parse: param_id=30, value=0, is_response=True, unit_id=1
2025-09-29 03:43:11,541 - midi.sysex - DEBUG - Received response: param 30 = 0
2025-09-29 03:43:11,541 - midi.connection - DEBUG - Parameter update: 30 = 0
2025-09-29 03:43:11,541 - midi.connection - DEBUG - Query successful: param 30 = 0
2025-09-29 03:43:11,946 - midi.connection - DEBUG - Sending query for parameter 31: SysEx: F0 04 17 3E 1F 00 00 00 00 00 00 00 00 00 00 00 F7
2025-09-29 03:43:11,993 - midi.sysex - DEBUG - SysEx parse: param_id=31, value=0, is_response=True, unit_id=1
2025-09-29 03:43:12,007 - midi.sysex - DEBUG - Received response: param 31 = 0
2025-09-29 03:43:12,013 - midi.connection - DEBUG - Parameter update: 31 = 0
2025-09-29 03:43:12,013 - midi.connection - DEBUG - Query successful: param 31 = 0
2025-09-29 03:43:12,418 - midi.connection - DEBUG - Sending query for parameter 32: SysEx: F0 04 17 3E 20 00 00 00 00 00 00 00 00 00 00 00 F7
2025-09-29 03:43:12,457 - midi.sysex - DEBUG - SysEx parse: param_id=32, value=1, is_response=True, unit_id=1
2025-09-29 03:43:12,464 - midi.sysex - DEBUG - Received response: param 32 = 1
2025-09-29 03:43:12,470 - midi.connection - DEBUG - Parameter update: 32 = 1
2025-09-29 03:43:12,470 - midi.connection - DEBUG - Query successful: param 32 = 1
2025-09-29 03:43:12,908 - midi.connection - DEBUG - Sending query for parameter 35: SysEx: F0 04 17 3E 23 00 00 00 00 00 00 00 00 00 00 00 F7
2025-09-29 03:43:12,954 - midi.sysex - DEBUG - SysEx parse: param_id=35, value=12, is_response=True, unit_id=1
2025-09-29 03:43:12,968 - midi.sysex - DEBUG - Received response: param 35 = 12
2025-09-29 03:43:12,974 - midi.connection - DEBUG - Parameter update: 35 = 12
2025-09-29 03:43:12,974 - midi.connection - DEBUG - Query successful: param 35 = 12
2025-09-29 03:43:13,399 - midi.connection - DEBUG - Sending query for parameter 36: SysEx: F0 04 17 3E 24 00 00 00 00 00 00 00 00 00 00 00 F7
2025-09-29 03:43:13,461 - midi.sysex - DEBUG - SysEx parse: param_id=36, value=12, is_response=True, unit_id=1
2025-09-29 03:43:13,468 - midi.sysex - DEBUG - Received response: param 36 = 12
2025-09-29 03:43:13,474 - midi.connection - DEBUG - Parameter update: 36 = 12
2025-09-29 03:43:13,474 - midi.connection - DEBUG - Query successful: param 36 = 12
2025-09-29 03:43:13,912 - midi.connection - DEBUG - Sending query for parameter 67: SysEx: F0 04 17 3E 43 00 00 00 00 00 00 00 00 00 00 00 F7
2025-09-29 03:43:13,961 - midi.sysex - DEBUG - SysEx parse: param_id=67, value=2, is_response=True, unit_id=1
2025-09-29 03:43:13,975 - midi.sysex - DEBUG - Received response: param 67 = 2
2025-09-29 03:43:13,982 - midi.connection - DEBUG - Parameter update: 67 = 2
2025-09-29 03:43:13,982 - midi.connection - DEBUG - Query successful: param 67 = 2
2025-09-29 03:43:14,426 - midi.connection - DEBUG - Sending query for parameter 68: SysEx: F0 04 17 3E 44 00 00 00 00 00 00 00 00 00 00 00 F7
2025-09-29 03:43:14,470 - midi.sysex - DEBUG - SysEx parse: param_id=68, value=0, is_response=True, unit_id=1
2025-09-29 03:43:14,477 - midi.sysex - DEBUG - Received response: param 68 = 0
2025-09-29 03:43:14,484 - midi.connection - DEBUG - Parameter update: 68 = 0
2025-09-29 03:43:14,484 - midi.connection - DEBUG - Query successful: param 68 = 0
2025-09-29 03:43:14,919 - midi.connection - DEBUG - Sending query for parameter 69: SysEx: F0 04 17 3E 45 00 00 00 00 00 00 00 00 00 00 00 F7
2025-09-29 03:43:14,977 - midi.sysex - DEBUG - SysEx parse: param_id=69, value=0, is_response=True, unit_id=1
2025-09-29 03:43:14,992 - midi.sysex - DEBUG - Received response: param 69 = 0
2025-09-29 03:43:14,998 - midi.connection - DEBUG - Parameter update: 69 = 0
2025-09-29 03:43:14,999 - midi.connection - DEBUG - Query successful: param 69 = 0
2025-09-29 03:43:15,433 - midi.connection - DEBUG - Sending query for parameter 75: SysEx: F0 04 17 3E 4B 00 00 00 00 00 00 00 00 00 00 00 F7
2025-09-29 03:43:18,438 - midi.connection - WARNING - Timeout querying parameter 75
2025-09-29 03:43:18,439 - midi.connection - WARNING - Query attempt 1 failed for parameter 75
2025-09-29 03:43:18,843 - midi.connection - DEBUG - Sending query for parameter 75: SysEx: F0 04 17 3E 4B 00 00 00 00 00 00 00 00 00 00 00 F7
2025-09-29 03:43:21,861 - midi.connection - WARNING - Timeout querying parameter 75
2025-09-29 03:43:21,875 - midi.connection - WARNING - Query attempt 2 failed for parameter 75
2025-09-29 03:43:22,287 - midi.connection - DEBUG - Sending query for parameter 75: SysEx: F0 04 17 3E 4B 00 00 00 00 00 00 00 00 00 00 00 F7
2025-09-29 03:43:25,311 - midi.connection - WARNING - Timeout querying parameter 75
2025-09-29 03:43:25,326 - midi.connection - WARNING - Query attempt 3 failed for parameter 75
2025-09-29 03:43:25,333 - midi.connection - ERROR - Failed to query parameter 75 after 3 attempts
2025-09-29 03:43:25,743 - midi.connection - DEBUG - Sending query for parameter 59: SysEx: F0 04 17 3E 3B 00 00 00 00 00 00 00 00 00 00 00 F7
2025-09-29 03:43:25,794 - midi.sysex - DEBUG - SysEx parse: param_id=59, value=0, is_response=True, unit_id=1
2025-09-29 03:43:25,807 - midi.sysex - DEBUG - Received response: param 59 = 0
2025-09-29 03:43:25,814 - midi.connection - DEBUG - Parameter update: 59 = 0
2025-09-29 03:43:25,814 - midi.connection - DEBUG - Query successful: param 59 = 0
2025-09-29 03:43:26,242 - midi.connection - DEBUG - Sending query for parameter 60: SysEx: F0 04 17 3E 3C 00 00 00 00 00 00 00 00 00 00 00 F7
2025-09-29 03:43:26,279 - midi.sysex - DEBUG - SysEx parse: param_id=60, value=0, is_response=True, unit_id=1
2025-09-29 03:43:26,286 - midi.sysex - DEBUG - Received response: param 60 = 0
2025-09-29 03:43:26,292 - midi.connection - DEBUG - Parameter update: 60 = 0
2025-09-29 03:43:26,292 - midi.connection - DEBUG - Query successful: param 60 = 0
2025-09-29 03:43:26,727 - midi.connection - DEBUG - Sending query for parameter 61: SysEx: F0 04 17 3E 3D 00 00 00 00 00 00 00 00 00 00 00 F7
2025-09-29 03:43:26,782 - midi.sysex - DEBUG - SysEx parse: param_id=61, value=0, is_response=True, unit_id=1
2025-09-29 03:43:26,796 - midi.sysex - DEBUG - Received response: param 61 = 0
2025-09-29 03:43:26,804 - midi.connection - DEBUG - Parameter update: 61 = 0
2025-09-29 03:43:26,804 - midi.connection - DEBUG - Query successful: param 61 = 0
2025-09-29 03:43:27,230 - midi.connection - DEBUG - Sending query for parameter 62: SysEx: F0 04 17 3E 3E 00 00 00 00 00 00 00 00 00 00 00 F7
2025-09-29 03:43:27,279 - midi.sysex - DEBUG - SysEx parse: param_id=62, value=0, is_response=True, unit_id=1
2025-09-29 03:43:27,285 - midi.sysex - DEBUG - Received response: param 62 = 0
2025-09-29 03:43:27,285 - midi.connection - DEBUG - Parameter update: 62 = 0
2025-09-29 03:43:27,285 - midi.connection - DEBUG - Query successful: param 62 = 0
2025-09-29 03:43:27,698 - midi.connection - DEBUG - Sending query for parameter 63: SysEx: F0 04 17 3E 3F 00 00 00 00 00 00 00 00 00 00 00 F7
2025-09-29 03:43:27,751 - midi.sysex - DEBUG - SysEx parse: param_id=63, value=0, is_response=True, unit_id=1
2025-09-29 03:43:27,764 - midi.sysex - DEBUG - Received response: param 63 = 0
2025-09-29 03:43:27,770 - midi.connection - DEBUG - Parameter update: 63 = 0
2025-09-29 03:43:27,777 - midi.connection - DEBUG - Query successful: param 63 = 0
2025-09-29 03:43:28,211 - midi.connection - DEBUG - Sending query for parameter 64: SysEx: F0 04 17 3E 40 00 00 00 00 00 00 00 00 00 00 00 F7
2025-09-29 03:43:28,273 - midi.sysex - DEBUG - SysEx parse: param_id=64, value=0, is_response=True, unit_id=1
2025-09-29 03:43:28,280 - midi.sysex - DEBUG - Received response: param 64 = 0
2025-09-29 03:43:28,288 - midi.connection - DEBUG - Parameter update: 64 = 0
2025-09-29 03:43:28,288 - midi.connection - DEBUG - Query successful: param 64 = 0
2025-09-29 03:43:28,706 - midi.connection - DEBUG - Sending query for parameter 65: SysEx: F0 04 17 3E 41 00 00 00 00 00 00 00 00 00 00 00 F7
2025-09-29 03:43:28,762 - midi.sysex - DEBUG - SysEx parse: param_id=65, value=0, is_response=True, unit_id=1
2025-09-29 03:43:28,777 - midi.sysex - DEBUG - Received response: param 65 = 0
2025-09-29 03:43:28,784 - midi.connection - DEBUG - Parameter update: 65 = 0
2025-09-29 03:43:28,784 - midi.connection - DEBUG - Query successful: param 65 = 0
2025-09-29 03:43:29,213 - midi.connection - DEBUG - Sending query for parameter 66: SysEx: F0 04 17 3E 42 00 00 00 00 00 00 00 00 00 00 00 F7
2025-09-29 03:43:29,270 - midi.sysex - DEBUG - SysEx parse: param_id=66, value=1, is_response=True, unit_id=1
2025-09-29 03:43:29,276 - midi.sysex - DEBUG - Received response: param 66 = 1
2025-09-29 03:43:29,281 - midi.connection - DEBUG - Parameter update: 66 = 1
2025-09-29 03:43:29,281 - midi.connection - DEBUG - Query successful: param 66 = 1
2025-09-29 03:43:29,410 - ui.main_window - DEBUG - Parameter 0 updated to 0
2025-09-29 03:43:29,410 - ui.main_window - DEBUG - Parameter 1 updated to 0
2025-09-29 03:43:29,411 - ui.main_window - DEBUG - Parameter 2 updated to 0
2025-09-29 03:43:29,411 - ui.main_window - DEBUG - Parameter 3 updated to 2
2025-09-29 03:43:29,411 - ui.main_window - DEBUG - Parameter 37 updated to 2
2025-09-29 03:43:29,411 - ui.main_window - DEBUG - Parameter 38 updated to 3
2025-09-29 03:43:29,411 - ui.main_window - DEBUG - Parameter 39 updated to 1
2025-09-29 03:43:29,411 - ui.main_window - DEBUG - Parameter 40 updated to 0
2025-09-29 03:43:29,411 - ui.main_window - DEBUG - Parameter 41 updated to 0
2025-09-29 03:43:29,411 - ui.main_window - DEBUG - Parameter 42 updated to 0
2025-09-29 03:43:29,412 - ui.main_window - DEBUG - Parameter 43 updated to 7
2025-09-29 03:43:29,412 - ui.main_window - DEBUG - Parameter 44 updated to 7
2025-09-29 03:43:29,412 - ui.main_window - DEBUG - Parameter 45 updated to 7
2025-09-29 03:43:29,412 - ui.main_window - DEBUG - Parameter 46 updated to 0
2025-09-29 03:43:29,412 - ui.main_window - DEBUG - Parameter 47 updated to 0
2025-09-29 03:43:29,412 - ui.main_window - DEBUG - Parameter 48 updated to 0
2025-09-29 03:43:29,412 - ui.main_window - DEBUG - Parameter 49 updated to 0
2025-09-29 03:43:29,412 - ui.main_window - DEBUG - Parameter 50 updated to 0
2025-09-29 03:43:29,412 - ui.main_window - DEBUG - Parameter 51 updated to 0
2025-09-29 03:43:29,412 - ui.main_window - DEBUG - Parameter 52 updated to 0
2025-09-29 03:43:29,412 - ui.main_window - DEBUG - Parameter 53 updated to 0
2025-09-29 03:43:29,412 - ui.main_window - DEBUG - Parameter 54 updated to 0
2025-09-29 03:43:29,412 - ui.main_window - DEBUG - Parameter 55 updated to 0
2025-09-29 03:43:29,412 - ui.main_window - DEBUG - Parameter 56 updated to 0
2025-09-29 03:43:29,412 - ui.main_window - DEBUG - Parameter 57 updated to 1
2025-09-29 03:43:29,413 - ui.main_window - DEBUG - Parameter 58 updated to 0
2025-09-29 03:43:29,413 - ui.main_window - DEBUG - Parameter 70 updated to 0
2025-09-29 03:43:29,413 - ui.main_window - DEBUG - Parameter 71 updated to 0
2025-09-29 03:43:29,413 - ui.main_window - DEBUG - Parameter 20 updated to 1
2025-09-29 03:43:29,413 - ui.main_window - DEBUG - Parameter 21 updated to 1
2025-09-29 03:43:29,413 - ui.main_window - DEBUG - Parameter 22 updated to 1
2025-09-29 03:43:29,413 - ui.main_window - DEBUG - Parameter 23 updated to 8192
2025-09-29 03:43:29,413 - ui.main_window - DEBUG - Parameter 24 updated to 1
2025-09-29 03:43:29,413 - ui.main_window - DEBUG - Parameter 25 updated to 0
2025-09-29 03:43:29,413 - ui.main_window - DEBUG - Parameter 26 updated to 1
2025-09-29 03:43:29,413 - ui.main_window - DEBUG - Parameter 27 updated to 0
2025-09-29 03:43:29,413 - ui.main_window - DEBUG - Parameter 28 updated to 1
2025-09-29 03:43:29,414 - ui.main_window - DEBUG - Parameter 29 updated to 0
2025-09-29 03:43:29,414 - ui.main_window - DEBUG - Parameter 72 updated to 1
2025-09-29 03:43:29,414 - ui.main_window - DEBUG - Parameter 73 updated to 0
2025-09-29 03:43:29,414 - ui.main_window - DEBUG - Parameter 74 updated to 0
2025-09-29 03:43:29,414 - ui.main_window - DEBUG - Parameter 4 updated to 0
2025-09-29 03:43:29,414 - ui.main_window - DEBUG - Parameter 5 updated to 1
2025-09-29 03:43:29,414 - ui.main_window - DEBUG - Parameter 6 updated to 3
2025-09-29 03:43:29,414 - ui.main_window - DEBUG - Parameter 7 updated to 3
2025-09-29 03:43:29,414 - ui.main_window - DEBUG - Parameter 8 updated to 0
2025-09-29 03:43:29,414 - ui.main_window - DEBUG - Parameter 9 updated to 2
2025-09-29 03:43:29,415 - ui.main_window - DEBUG - Parameter 10 updated to 0
2025-09-29 03:43:29,415 - ui.main_window - DEBUG - Parameter 11 updated to 0
2025-09-29 03:43:29,415 - ui.main_window - DEBUG - Parameter 12 updated to 0
2025-09-29 03:43:29,415 - ui.main_window - DEBUG - Parameter 13 updated to 1
2025-09-29 03:43:29,415 - ui.main_window - DEBUG - Parameter 14 updated to 1
2025-09-29 03:43:29,415 - ui.main_window - DEBUG - Parameter 15 updated to 0
2025-09-29 03:43:29,415 - ui.main_window - DEBUG - Parameter 16 updated to 1
2025-09-29 03:43:29,415 - ui.main_window - DEBUG - Parameter 17 updated to 0
2025-09-29 03:43:29,415 - ui.main_window - DEBUG - Parameter 18 updated to 0
2025-09-29 03:43:29,415 - ui.main_window - DEBUG - Parameter 19 updated to 1
2025-09-29 03:43:29,415 - ui.main_window - DEBUG - Parameter 30 updated to 0
2025-09-29 03:43:29,415 - ui.main_window - DEBUG - Parameter 31 updated to 0
2025-09-29 03:43:29,415 - ui.main_window - DEBUG - Parameter 32 updated to 1
2025-09-29 03:43:29,416 - ui.main_window - DEBUG - Parameter 35 updated to 12
2025-09-29 03:43:29,416 - ui.main_window - DEBUG - Parameter 36 updated to 12
2025-09-29 03:43:29,416 - ui.main_window - DEBUG - Parameter 67 updated to 2
2025-09-29 03:43:29,416 - ui.main_window - DEBUG - Parameter 68 updated to 0
2025-09-29 03:43:29,416 - ui.main_window - DEBUG - Parameter 69 updated to 0
2025-09-29 03:43:29,416 - ui.main_window - DEBUG - Parameter 59 updated to 0
2025-09-29 03:43:29,416 - ui.main_window - DEBUG - Parameter 60 updated to 0
2025-09-29 03:43:29,416 - ui.main_window - DEBUG - Parameter 61 updated to 0
2025-09-29 03:43:29,416 - ui.main_window - DEBUG - Parameter 62 updated to 0
2025-09-29 03:43:29,416 - ui.main_window - DEBUG - Parameter 63 updated to 0
2025-09-29 03:43:29,416 - ui.main_window - DEBUG - Parameter 64 updated to 0
2025-09-29 03:43:29,416 - ui.main_window - DEBUG - Parameter 65 updated to 0
2025-09-29 03:43:29,417 - ui.main_window - DEBUG - Parameter 66 updated to 1
2025-09-29 03:43:50,255 - ui.main_window - DEBUG - Sent parameter 38 = 2
2025-09-29 03:43:51,839 - ui.main_window - DEBUG - Sent parameter 38 = 3
2025-09-29 03:45:56,262 - midi.connection - DEBUG - MIDI listen thread stopped
2025-09-29 03:45:56,265 - midi.connection - INFO - Disconnected from MIDI ports
2025-09-29 03:52:54,586 - __main__ - INFO - Starting Matriarch Controller...
2025-09-29 03:52:54,764 - __main__ - INFO - MIDI system OK: 23 inputs, 23 outputs
2025-09-29 03:52:55,207 - ui.main_window - DEBUG - Auto-reconnect disabled
2025-09-29 03:52:55,207 - __main__ - ERROR - Unexpected error in main application
Traceback (most recent call last):
  File "/Users/mini4/matriarch_controller/main.py", line 126, in main
    main_window.midi_manager = midi_manager
                               ^^^^^^^^^^^^
NameError: name 'midi_manager' is not defined
2025-09-29 04:01:59,405 - __main__ - INFO - Starting Matriarch Controller...
2025-09-29 04:01:59,560 - __main__ - INFO - MIDI system OK: 23 inputs, 23 outputs
2025-09-29 04:01:59,875 - ui.main_window - DEBUG - Auto-reconnect disabled
2025-09-29 04:01:59,880 - __main__ - INFO - Main window created and shown
2025-09-29 04:02:08,977 - midi.connection - DEBUG - MIDI listen thread started
2025-09-29 04:02:08,977 - midi.connection - INFO - Connected to MIDI ports: mioXL MATRIARCH -> mioXL MATRIARCH
2025-09-29 04:02:08,983 - midi.connection - DEBUG - Sending query for parameter 0: SysEx: F0 04 17 3E 00 00 00 00 00 00 00 00 00 00 00 00 F7
2025-09-29 04:02:09,017 - midi.sysex - DEBUG - SysEx parse: param_id=0, value=0, is_response=True, unit_id=1
2025-09-29 04:02:09,017 - midi.sysex - DEBUG - Received response: param 0 = 0
2025-09-29 04:02:09,017 - midi.connection - DEBUG - Parameter update: 0 = 0
2025-09-29 04:02:09,017 - midi.connection - DEBUG - Query successful: param 0 = 0
2025-09-29 04:02:09,422 - midi.connection - DEBUG - Sending query for parameter 1: SysEx: F0 04 17 3E 01 00 00 00 00 00 00 00 00 00 00 00 F7
2025-09-29 04:02:09,457 - midi.sysex - DEBUG - SysEx parse: param_id=1, value=0, is_response=True, unit_id=1
2025-09-29 04:02:09,457 - midi.sysex - DEBUG - Received response: param 1 = 0
2025-09-29 04:02:09,457 - midi.connection - DEBUG - Parameter update: 1 = 0
2025-09-29 04:02:09,457 - midi.connection - DEBUG - Query successful: param 1 = 0
2025-09-29 04:02:09,866 - midi.connection - DEBUG - Sending query for parameter 2: SysEx: F0 04 17 3E 02 00 00 00 00 00 00 00 00 00 00 00 F7
2025-09-29 04:02:09,904 - midi.sysex - DEBUG - SysEx parse: param_id=2, value=0, is_response=True, unit_id=1
2025-09-29 04:02:09,904 - midi.sysex - DEBUG - Received response: param 2 = 0
2025-09-29 04:02:09,904 - midi.connection - DEBUG - Parameter update: 2 = 0
2025-09-29 04:02:09,904 - midi.connection - DEBUG - Query successful: param 2 = 0
2025-09-29 04:02:10,309 - midi.connection - DEBUG - Sending query for parameter 3: SysEx: F0 04 17 3E 03 00 00 00 00 00 00 00 00 00 00 00 F7
2025-09-29 04:02:10,348 - midi.sysex - DEBUG - SysEx parse: param_id=3, value=2, is_response=True, unit_id=1
2025-09-29 04:02:10,348 - midi.sysex - DEBUG - Received response: param 3 = 2
2025-09-29 04:02:10,349 - midi.connection - DEBUG - Parameter update: 3 = 2
2025-09-29 04:02:10,349 - midi.connection - DEBUG - Query successful: param 3 = 2
2025-09-29 04:02:10,753 - midi.connection - DEBUG - Sending query for parameter 37: SysEx: F0 04 17 3E 25 00 00 00 00 00 00 00 00 00 00 00 F7
2025-09-29 04:02:10,788 - midi.sysex - DEBUG - SysEx parse: param_id=37, value=2, is_response=True, unit_id=1
2025-09-29 04:02:10,788 - midi.sysex - DEBUG - Received response: param 37 = 2
2025-09-29 04:02:10,788 - midi.connection - DEBUG - Parameter update: 37 = 2
2025-09-29 04:02:10,788 - midi.connection - DEBUG - Query successful: param 37 = 2
2025-09-29 04:02:11,192 - midi.connection - DEBUG - Sending query for parameter 38: SysEx: F0 04 17 3E 26 00 00 00 00 00 00 00 00 00 00 00 F7
2025-09-29 04:02:11,228 - midi.sysex - DEBUG - SysEx parse: param_id=38, value=3, is_response=True, unit_id=1
2025-09-29 04:02:11,228 - midi.sysex - DEBUG - Received response: param 38 = 3
2025-09-29 04:02:11,228 - midi.connection - DEBUG - Parameter update: 38 = 3
2025-09-29 04:02:11,228 - midi.connection - DEBUG - Query successful: param 38 = 3
2025-09-29 04:02:11,633 - midi.connection - DEBUG - Sending query for parameter 39: SysEx: F0 04 17 3E 27 00 00 00 00 00 00 00 00 00 00 00 F7
2025-09-29 04:02:11,668 - midi.sysex - DEBUG - SysEx parse: param_id=39, value=1, is_response=True, unit_id=1
2025-09-29 04:02:11,669 - midi.sysex - DEBUG - Received response: param 39 = 1
2025-09-29 04:02:11,669 - midi.connection - DEBUG - Parameter update: 39 = 1
2025-09-29 04:02:11,669 - midi.connection - DEBUG - Query successful: param 39 = 1
2025-09-29 04:02:12,074 - midi.connection - DEBUG - Sending query for parameter 40: SysEx: F0 04 17 3E 28 00 00 00 00 00 00 00 00 00 00 00 F7
2025-09-29 04:02:12,106 - midi.sysex - DEBUG - SysEx parse: param_id=40, value=0, is_response=True, unit_id=1
2025-09-29 04:02:12,106 - midi.sysex - DEBUG - Received response: param 40 = 0
2025-09-29 04:02:12,107 - midi.connection - DEBUG - Parameter update: 40 = 0
2025-09-29 04:02:12,107 - midi.connection - DEBUG - Query successful: param 40 = 0
2025-09-29 04:02:12,508 - midi.connection - DEBUG - Sending query for parameter 41: SysEx: F0 04 17 3E 29 00 00 00 00 00 00 00 00 00 00 00 F7
2025-09-29 04:02:12,540 - midi.sysex - DEBUG - SysEx parse: param_id=41, value=0, is_response=True, unit_id=1
2025-09-29 04:02:12,541 - midi.sysex - DEBUG - Received response: param 41 = 0
2025-09-29 04:02:12,541 - midi.connection - DEBUG - Parameter update: 41 = 0
2025-09-29 04:02:12,541 - midi.connection - DEBUG - Query successful: param 41 = 0
2025-09-29 04:02:12,946 - midi.connection - DEBUG - Sending query for parameter 42: SysEx: F0 04 17 3E 2A 00 00 00 00 00 00 00 00 00 00 00 F7
2025-09-29 04:02:12,981 - midi.sysex - DEBUG - SysEx parse: param_id=42, value=0, is_response=True, unit_id=1
2025-09-29 04:02:12,981 - midi.sysex - DEBUG - Received response: param 42 = 0
2025-09-29 04:02:12,981 - midi.connection - DEBUG - Parameter update: 42 = 0
2025-09-29 04:02:12,981 - midi.connection - DEBUG - Query successful: param 42 = 0
2025-09-29 04:02:13,386 - midi.connection - DEBUG - Sending query for parameter 43: SysEx: F0 04 17 3E 2B 00 00 00 00 00 00 00 00 00 00 00 F7
2025-09-29 04:02:13,421 - midi.sysex - DEBUG - SysEx parse: param_id=43, value=7, is_response=True, unit_id=1
2025-09-29 04:02:13,421 - midi.sysex - DEBUG - Received response: param 43 = 7
2025-09-29 04:02:13,421 - midi.connection - DEBUG - Parameter update: 43 = 7
2025-09-29 04:02:13,422 - midi.connection - DEBUG - Query successful: param 43 = 7
2025-09-29 04:02:13,827 - midi.connection - DEBUG - Sending query for parameter 44: SysEx: F0 04 17 3E 2C 00 00 00 00 00 00 00 00 00 00 00 F7
2025-09-29 04:02:13,859 - midi.sysex - DEBUG - SysEx parse: param_id=44, value=7, is_response=True, unit_id=1
2025-09-29 04:02:13,860 - midi.sysex - DEBUG - Received response: param 44 = 7
2025-09-29 04:02:13,860 - midi.connection - DEBUG - Parameter update: 44 = 7
2025-09-29 04:02:13,860 - midi.connection - DEBUG - Query successful: param 44 = 7
2025-09-29 04:02:14,265 - midi.connection - DEBUG - Sending query for parameter 45: SysEx: F0 04 17 3E 2D 00 00 00 00 00 00 00 00 00 00 00 F7
2025-09-29 04:02:14,304 - midi.sysex - DEBUG - SysEx parse: param_id=45, value=7, is_response=True, unit_id=1
2025-09-29 04:02:14,305 - midi.sysex - DEBUG - Received response: param 45 = 7
2025-09-29 04:02:14,305 - midi.connection - DEBUG - Parameter update: 45 = 7
2025-09-29 04:02:14,305 - midi.connection - DEBUG - Query successful: param 45 = 7
2025-09-29 04:02:14,710 - midi.connection - DEBUG - Sending query for parameter 46: SysEx: F0 04 17 3E 2E 00 00 00 00 00 00 00 00 00 00 00 F7
2025-09-29 04:02:14,746 - midi.sysex - DEBUG - SysEx parse: param_id=46, value=0, is_response=True, unit_id=1
2025-09-29 04:02:14,747 - midi.sysex - DEBUG - Received response: param 46 = 0
2025-09-29 04:02:14,747 - midi.connection - DEBUG - Parameter update: 46 = 0
2025-09-29 04:02:14,747 - midi.connection - DEBUG - Query successful: param 46 = 0
2025-09-29 04:02:15,152 - midi.connection - DEBUG - Sending query for parameter 47: SysEx: F0 04 17 3E 2F 00 00 00 00 00 00 00 00 00 00 00 F7
2025-09-29 04:02:15,186 - midi.sysex - DEBUG - SysEx parse: param_id=47, value=0, is_response=True, unit_id=1
2025-09-29 04:02:15,187 - midi.sysex - DEBUG - Received response: param 47 = 0
2025-09-29 04:02:15,187 - midi.connection - DEBUG - Parameter update: 47 = 0
2025-09-29 04:02:15,187 - midi.connection - DEBUG - Query successful: param 47 = 0
2025-09-29 04:02:15,590 - midi.connection - DEBUG - Sending query for parameter 48: SysEx: F0 04 17 3E 30 00 00 00 00 00 00 00 00 00 00 00 F7
2025-09-29 04:02:15,626 - midi.sysex - DEBUG - SysEx parse: param_id=48, value=0, is_response=True, unit_id=1
2025-09-29 04:02:15,627 - midi.sysex - DEBUG - Received response: param 48 = 0
2025-09-29 04:02:15,627 - midi.connection - DEBUG - Parameter update: 48 = 0
2025-09-29 04:02:15,627 - midi.connection - DEBUG - Query successful: param 48 = 0
2025-09-29 04:02:16,032 - midi.connection - DEBUG - Sending query for parameter 49: SysEx: F0 04 17 3E 31 00 00 00 00 00 00 00 00 00 00 00 F7
2025-09-29 04:02:16,069 - midi.sysex - DEBUG - SysEx parse: param_id=49, value=0, is_response=True, unit_id=1
2025-09-29 04:02:16,069 - midi.sysex - DEBUG - Received response: param 49 = 0
2025-09-29 04:02:16,070 - midi.connection - DEBUG - Parameter update: 49 = 0
2025-09-29 04:02:16,070 - midi.connection - DEBUG - Query successful: param 49 = 0
2025-09-29 04:02:16,474 - midi.connection - DEBUG - Sending query for parameter 50: SysEx: F0 04 17 3E 32 00 00 00 00 00 00 00 00 00 00 00 F7
2025-09-29 04:02:16,509 - midi.sysex - DEBUG - SysEx parse: param_id=50, value=0, is_response=True, unit_id=1
2025-09-29 04:02:16,509 - midi.sysex - DEBUG - Received response: param 50 = 0
2025-09-29 04:02:16,509 - midi.connection - DEBUG - Parameter update: 50 = 0
2025-09-29 04:02:16,510 - midi.connection - DEBUG - Query successful: param 50 = 0
2025-09-29 04:02:16,916 - midi.connection - DEBUG - Sending query for parameter 51: SysEx: F0 04 17 3E 33 00 00 00 00 00 00 00 00 00 00 00 F7
2025-09-29 04:02:16,949 - midi.sysex - DEBUG - SysEx parse: param_id=51, value=0, is_response=True, unit_id=1
2025-09-29 04:02:16,950 - midi.sysex - DEBUG - Received response: param 51 = 0
2025-09-29 04:02:16,950 - midi.connection - DEBUG - Parameter update: 51 = 0
2025-09-29 04:02:16,950 - midi.connection - DEBUG - Query successful: param 51 = 0
2025-09-29 04:02:17,355 - midi.connection - DEBUG - Sending query for parameter 52: SysEx: F0 04 17 3E 34 00 00 00 00 00 00 00 00 00 00 00 F7
2025-09-29 04:02:17,390 - midi.sysex - DEBUG - SysEx parse: param_id=52, value=0, is_response=True, unit_id=1
2025-09-29 04:02:17,391 - midi.sysex - DEBUG - Received response: param 52 = 0
2025-09-29 04:02:17,391 - midi.connection - DEBUG - Parameter update: 52 = 0
2025-09-29 04:02:17,391 - midi.connection - DEBUG - Query successful: param 52 = 0
2025-09-29 04:02:17,799 - midi.connection - DEBUG - Sending query for parameter 53: SysEx: F0 04 17 3E 35 00 00 00 00 00 00 00 00 00 00 00 F7
2025-09-29 04:02:17,841 - midi.sysex - DEBUG - SysEx parse: param_id=53, value=0, is_response=True, unit_id=1
2025-09-29 04:02:17,841 - midi.sysex - DEBUG - Received response: param 53 = 0
2025-09-29 04:02:17,841 - midi.connection - DEBUG - Parameter update: 53 = 0
2025-09-29 04:02:17,841 - midi.connection - DEBUG - Query successful: param 53 = 0
2025-09-29 04:02:18,246 - midi.connection - DEBUG - Sending query for parameter 54: SysEx: F0 04 17 3E 36 00 00 00 00 00 00 00 00 00 00 00 F7
2025-09-29 04:02:18,283 - midi.sysex - DEBUG - SysEx parse: param_id=54, value=0, is_response=True, unit_id=1
2025-09-29 04:02:18,283 - midi.sysex - DEBUG - Received response: param 54 = 0
2025-09-29 04:02:18,283 - midi.connection - DEBUG - Parameter update: 54 = 0
2025-09-29 04:02:18,283 - midi.connection - DEBUG - Query successful: param 54 = 0
2025-09-29 04:02:18,689 - midi.connection - DEBUG - Sending query for parameter 55: SysEx: F0 04 17 3E 37 00 00 00 00 00 00 00 00 00 00 00 F7
2025-09-29 04:02:18,725 - midi.sysex - DEBUG - SysEx parse: param_id=55, value=0, is_response=True, unit_id=1
2025-09-29 04:02:18,725 - midi.sysex - DEBUG - Received response: param 55 = 0
2025-09-29 04:02:18,725 - midi.connection - DEBUG - Parameter update: 55 = 0
2025-09-29 04:02:18,725 - midi.connection - DEBUG - Query successful: param 55 = 0
2025-09-29 04:02:19,132 - midi.connection - DEBUG - Sending query for parameter 56: SysEx: F0 04 17 3E 38 00 00 00 00 00 00 00 00 00 00 00 F7
2025-09-29 04:02:19,169 - midi.sysex - DEBUG - SysEx parse: param_id=56, value=0, is_response=True, unit_id=1
2025-09-29 04:02:19,169 - midi.sysex - DEBUG - Received response: param 56 = 0
2025-09-29 04:02:19,169 - midi.connection - DEBUG - Parameter update: 56 = 0
2025-09-29 04:02:19,169 - midi.connection - DEBUG - Query successful: param 56 = 0
2025-09-29 04:02:19,572 - midi.connection - DEBUG - Sending query for parameter 57: SysEx: F0 04 17 3E 39 00 00 00 00 00 00 00 00 00 00 00 F7
2025-09-29 04:02:19,606 - midi.sysex - DEBUG - SysEx parse: param_id=57, value=1, is_response=True, unit_id=1
2025-09-29 04:02:19,607 - midi.sysex - DEBUG - Received response: param 57 = 1
2025-09-29 04:02:19,607 - midi.connection - DEBUG - Parameter update: 57 = 1
2025-09-29 04:02:19,607 - midi.connection - DEBUG - Query successful: param 57 = 1
2025-09-29 04:02:20,015 - midi.connection - DEBUG - Sending query for parameter 58: SysEx: F0 04 17 3E 3A 00 00 00 00 00 00 00 00 00 00 00 F7
2025-09-29 04:02:20,050 - midi.sysex - DEBUG - SysEx parse: param_id=58, value=0, is_response=True, unit_id=1
2025-09-29 04:02:20,051 - midi.sysex - DEBUG - Received response: param 58 = 0
2025-09-29 04:02:20,051 - midi.connection - DEBUG - Parameter update: 58 = 0
2025-09-29 04:02:20,051 - midi.connection - DEBUG - Query successful: param 58 = 0
2025-09-29 04:02:20,456 - midi.connection - DEBUG - Sending query for parameter 70: SysEx: F0 04 17 3E 46 00 00 00 00 00 00 00 00 00 00 00 F7
2025-09-29 04:02:20,490 - midi.sysex - DEBUG - SysEx parse: param_id=70, value=0, is_response=True, unit_id=1
2025-09-29 04:02:20,491 - midi.sysex - DEBUG - Received response: param 70 = 0
2025-09-29 04:02:20,491 - midi.connection - DEBUG - Parameter update: 70 = 0
2025-09-29 04:02:20,491 - midi.connection - DEBUG - Query successful: param 70 = 0
2025-09-29 04:02:20,898 - midi.connection - DEBUG - Sending query for parameter 71: SysEx: F0 04 17 3E 47 00 00 00 00 00 00 00 00 00 00 00 F7
2025-09-29 04:02:20,937 - midi.sysex - DEBUG - SysEx parse: param_id=71, value=0, is_response=True, unit_id=1
2025-09-29 04:02:20,937 - midi.sysex - DEBUG - Received response: param 71 = 0
2025-09-29 04:02:20,937 - midi.connection - DEBUG - Parameter update: 71 = 0
2025-09-29 04:02:20,937 - midi.connection - DEBUG - Query successful: param 71 = 0
2025-09-29 04:02:21,342 - midi.connection - DEBUG - Sending query for parameter 20: SysEx: F0 04 17 3E 14 00 00 00 00 00 00 00 00 00 00 00 F7
2025-09-29 04:02:21,379 - midi.sysex - DEBUG - SysEx parse: param_id=20, value=1, is_response=True, unit_id=1
2025-09-29 04:02:21,379 - midi.sysex - DEBUG - Received response: param 20 = 1
2025-09-29 04:02:21,380 - midi.connection - DEBUG - Parameter update: 20 = 1
2025-09-29 04:02:21,380 - midi.connection - DEBUG - Query successful: param 20 = 1
2025-09-29 04:02:21,785 - midi.connection - DEBUG - Sending query for parameter 21: SysEx: F0 04 17 3E 15 00 00 00 00 00 00 00 00 00 00 00 F7
2025-09-29 04:02:21,824 - midi.sysex - DEBUG - SysEx parse: param_id=21, value=1, is_response=True, unit_id=1
2025-09-29 04:02:21,824 - midi.sysex - DEBUG - Received response: param 21 = 1
2025-09-29 04:02:21,824 - midi.connection - DEBUG - Parameter update: 21 = 1
2025-09-29 04:02:21,824 - midi.connection - DEBUG - Query successful: param 21 = 1
2025-09-29 04:02:22,232 - midi.connection - DEBUG - Sending query for parameter 22: SysEx: F0 04 17 3E 16 00 00 00 00 00 00 00 00 00 00 00 F7
2025-09-29 04:02:22,267 - midi.sysex - DEBUG - SysEx parse: param_id=22, value=1, is_response=True, unit_id=1
2025-09-29 04:02:22,267 - midi.sysex - DEBUG - Received response: param 22 = 1
2025-09-29 04:02:22,267 - midi.connection - DEBUG - Parameter update: 22 = 1
2025-09-29 04:02:22,267 - midi.connection - DEBUG - Query successful: param 22 = 1
2025-09-29 04:02:22,673 - midi.connection - DEBUG - Sending query for parameter 23: SysEx: F0 04 17 3E 17 00 00 00 00 00 00 00 00 00 00 00 F7
2025-09-29 04:02:22,711 - midi.sysex - DEBUG - SysEx parse: param_id=23, value=8192, is_response=True, unit_id=1
2025-09-29 04:02:22,711 - midi.sysex - DEBUG - Received response: param 23 = 8192
2025-09-29 04:02:22,711 - midi.connection - DEBUG - Parameter update: 23 = 8192
2025-09-29 04:02:22,711 - midi.connection - DEBUG - Query successful: param 23 = 8192
2025-09-29 04:02:23,118 - midi.connection - DEBUG - Sending query for parameter 24: SysEx: F0 04 17 3E 18 00 00 00 00 00 00 00 00 00 00 00 F7
2025-09-29 04:02:23,153 - midi.sysex - DEBUG - SysEx parse: param_id=24, value=1, is_response=True, unit_id=1
2025-09-29 04:02:23,156 - midi.sysex - DEBUG - Received response: param 24 = 1
2025-09-29 04:02:23,156 - midi.connection - DEBUG - Parameter update: 24 = 1
2025-09-29 04:02:23,156 - midi.connection - DEBUG - Query successful: param 24 = 1
2025-09-29 04:02:23,558 - midi.connection - DEBUG - Sending query for parameter 25: SysEx: F0 04 17 3E 19 00 00 00 00 00 00 00 00 00 00 00 F7
2025-09-29 04:02:23,588 - midi.sysex - DEBUG - SysEx parse: param_id=25, value=0, is_response=True, unit_id=1
2025-09-29 04:02:23,588 - midi.sysex - DEBUG - Received response: param 25 = 0
2025-09-29 04:02:23,589 - midi.connection - DEBUG - Parameter update: 25 = 0
2025-09-29 04:02:23,589 - midi.connection - DEBUG - Query successful: param 25 = 0
2025-09-29 04:02:23,994 - midi.connection - DEBUG - Sending query for parameter 26: SysEx: F0 04 17 3E 1A 00 00 00 00 00 00 00 00 00 00 00 F7
2025-09-29 04:02:24,032 - midi.sysex - DEBUG - SysEx parse: param_id=26, value=1, is_response=True, unit_id=1
2025-09-29 04:02:24,032 - midi.sysex - DEBUG - Received response: param 26 = 1
2025-09-29 04:02:24,032 - midi.connection - DEBUG - Parameter update: 26 = 1
2025-09-29 04:02:24,032 - midi.connection - DEBUG - Query successful: param 26 = 1
2025-09-29 04:02:24,438 - midi.connection - DEBUG - Sending query for parameter 27: SysEx: F0 04 17 3E 1B 00 00 00 00 00 00 00 00 00 00 00 F7
2025-09-29 04:02:24,476 - midi.sysex - DEBUG - SysEx parse: param_id=27, value=0, is_response=True, unit_id=1
2025-09-29 04:02:24,476 - midi.sysex - DEBUG - Received response: param 27 = 0
2025-09-29 04:02:24,476 - midi.connection - DEBUG - Parameter update: 27 = 0
2025-09-29 04:02:24,476 - midi.connection - DEBUG - Query successful: param 27 = 0
2025-09-29 04:02:24,883 - midi.connection - DEBUG - Sending query for parameter 28: SysEx: F0 04 17 3E 1C 00 00 00 00 00 00 00 00 00 00 00 F7
2025-09-29 04:02:24,917 - midi.sysex - DEBUG - SysEx parse: param_id=28, value=1, is_response=True, unit_id=1
2025-09-29 04:02:24,917 - midi.sysex - DEBUG - Received response: param 28 = 1
2025-09-29 04:02:24,917 - midi.connection - DEBUG - Parameter update: 28 = 1
2025-09-29 04:02:24,917 - midi.connection - DEBUG - Query successful: param 28 = 1
2025-09-29 04:02:25,323 - midi.connection - DEBUG - Sending query for parameter 29: SysEx: F0 04 17 3E 1D 00 00 00 00 00 00 00 00 00 00 00 F7
2025-09-29 04:02:25,362 - midi.sysex - DEBUG - SysEx parse: param_id=29, value=0, is_response=True, unit_id=1
2025-09-29 04:02:25,362 - midi.sysex - DEBUG - Received response: param 29 = 0
2025-09-29 04:02:25,362 - midi.connection - DEBUG - Parameter update: 29 = 0
2025-09-29 04:02:25,362 - midi.connection - DEBUG - Query successful: param 29 = 0
2025-09-29 04:02:25,767 - midi.connection - DEBUG - Sending query for parameter 72: SysEx: F0 04 17 3E 48 00 00 00 00 00 00 00 00 00 00 00 F7
2025-09-29 04:02:25,804 - midi.sysex - DEBUG - SysEx parse: param_id=72, value=1, is_response=True, unit_id=1
2025-09-29 04:02:25,804 - midi.sysex - DEBUG - Received response: param 72 = 1
2025-09-29 04:02:25,804 - midi.connection - DEBUG - Parameter update: 72 = 1
2025-09-29 04:02:25,804 - midi.connection - DEBUG - Query successful: param 72 = 1
2025-09-29 04:02:26,209 - midi.connection - DEBUG - Sending query for parameter 73: SysEx: F0 04 17 3E 49 00 00 00 00 00 00 00 00 00 00 00 F7
2025-09-29 04:02:26,243 - midi.sysex - DEBUG - SysEx parse: param_id=73, value=0, is_response=True, unit_id=1
2025-09-29 04:02:26,244 - midi.sysex - DEBUG - Received response: param 73 = 0
2025-09-29 04:02:26,244 - midi.connection - DEBUG - Parameter update: 73 = 0
2025-09-29 04:02:26,244 - midi.connection - DEBUG - Query successful: param 73 = 0
2025-09-29 04:02:26,649 - midi.connection - DEBUG - Sending query for parameter 74: SysEx: F0 04 17 3E 4A 00 00 00 00 00 00 00 00 00 00 00 F7
2025-09-29 04:02:26,685 - midi.sysex - DEBUG - SysEx parse: param_id=74, value=0, is_response=True, unit_id=1
2025-09-29 04:02:26,686 - midi.sysex - DEBUG - Received response: param 74 = 0
2025-09-29 04:02:26,686 - midi.connection - DEBUG - Parameter update: 74 = 0
2025-09-29 04:02:26,686 - midi.connection - DEBUG - Query successful: param 74 = 0
2025-09-29 04:02:27,090 - midi.connection - DEBUG - Sending query for parameter 4: SysEx: F0 04 17 3E 04 00 00 00 00 00 00 00 00 00 00 00 F7
2025-09-29 04:02:27,124 - midi.sysex - DEBUG - SysEx parse: param_id=4, value=0, is_response=True, unit_id=1
2025-09-29 04:02:27,125 - midi.sysex - DEBUG - Received response: param 4 = 0
2025-09-29 04:02:27,125 - midi.connection - DEBUG - Parameter update: 4 = 0
2025-09-29 04:02:27,125 - midi.connection - DEBUG - Query successful: param 4 = 0
2025-09-29 04:02:27,527 - midi.connection - DEBUG - Sending query for parameter 5: SysEx: F0 04 17 3E 05 00 00 00 00 00 00 00 00 00 00 00 F7
2025-09-29 04:02:27,561 - midi.sysex - DEBUG - SysEx parse: param_id=5, value=1, is_response=True, unit_id=1
2025-09-29 04:02:27,561 - midi.sysex - DEBUG - Received response: param 5 = 1
2025-09-29 04:02:27,561 - midi.connection - DEBUG - Parameter update: 5 = 1
2025-09-29 04:02:27,562 - midi.connection - DEBUG - Query successful: param 5 = 1
2025-09-29 04:02:27,964 - midi.connection - DEBUG - Sending query for parameter 6: SysEx: F0 04 17 3E 06 00 00 00 00 00 00 00 00 00 00 00 F7
2025-09-29 04:02:27,997 - midi.sysex - DEBUG - SysEx parse: param_id=6, value=3, is_response=True, unit_id=1
2025-09-29 04:02:27,997 - midi.sysex - DEBUG - Received response: param 6 = 3
2025-09-29 04:02:27,997 - midi.connection - DEBUG - Parameter update: 6 = 3
2025-09-29 04:02:27,997 - midi.connection - DEBUG - Query successful: param 6 = 3
2025-09-29 04:02:28,402 - midi.connection - DEBUG - Sending query for parameter 7: SysEx: F0 04 17 3E 07 00 00 00 00 00 00 00 00 00 00 00 F7
2025-09-29 04:02:28,439 - midi.sysex - DEBUG - SysEx parse: param_id=7, value=3, is_response=True, unit_id=1
2025-09-29 04:02:28,439 - midi.sysex - DEBUG - Received response: param 7 = 3
2025-09-29 04:02:28,439 - midi.connection - DEBUG - Parameter update: 7 = 3
2025-09-29 04:02:28,439 - midi.connection - DEBUG - Query successful: param 7 = 3
2025-09-29 04:02:28,845 - midi.connection - DEBUG - Sending query for parameter 8: SysEx: F0 04 17 3E 08 00 00 00 00 00 00 00 00 00 00 00 F7
2025-09-29 04:02:28,880 - midi.sysex - DEBUG - SysEx parse: param_id=8, value=0, is_response=True, unit_id=1
2025-09-29 04:02:28,881 - midi.sysex - DEBUG - Received response: param 8 = 0
2025-09-29 04:02:28,881 - midi.connection - DEBUG - Parameter update: 8 = 0
2025-09-29 04:02:28,881 - midi.connection - DEBUG - Query successful: param 8 = 0
2025-09-29 04:02:29,287 - midi.connection - DEBUG - Sending query for parameter 9: SysEx: F0 04 17 3E 09 00 00 00 00 00 00 00 00 00 00 00 F7
2025-09-29 04:02:29,325 - midi.sysex - DEBUG - SysEx parse: param_id=9, value=2, is_response=True, unit_id=1
2025-09-29 04:02:29,325 - midi.sysex - DEBUG - Received response: param 9 = 2
2025-09-29 04:02:29,325 - midi.connection - DEBUG - Parameter update: 9 = 2
2025-09-29 04:02:29,325 - midi.connection - DEBUG - Query successful: param 9 = 2
2025-09-29 04:02:29,729 - midi.connection - DEBUG - Sending query for parameter 10: SysEx: F0 04 17 3E 0A 00 00 00 00 00 00 00 00 00 00 00 F7
2025-09-29 04:02:29,765 - midi.sysex - DEBUG - SysEx parse: param_id=10, value=0, is_response=True, unit_id=1
2025-09-29 04:02:29,765 - midi.sysex - DEBUG - Received response: param 10 = 0
2025-09-29 04:02:29,765 - midi.connection - DEBUG - Parameter update: 10 = 0
2025-09-29 04:02:29,766 - midi.connection - DEBUG - Query successful: param 10 = 0
2025-09-29 04:02:30,171 - midi.connection - DEBUG - Sending query for parameter 11: SysEx: F0 04 17 3E 0B 00 00 00 00 00 00 00 00 00 00 00 F7
2025-09-29 04:02:30,203 - midi.sysex - DEBUG - SysEx parse: param_id=11, value=0, is_response=True, unit_id=1
2025-09-29 04:02:30,204 - midi.sysex - DEBUG - Received response: param 11 = 0
2025-09-29 04:02:30,204 - midi.connection - DEBUG - Parameter update: 11 = 0
2025-09-29 04:02:30,204 - midi.connection - DEBUG - Query successful: param 11 = 0
2025-09-29 04:02:30,605 - midi.connection - DEBUG - Sending query for parameter 12: SysEx: F0 04 17 3E 0C 00 00 00 00 00 00 00 00 00 00 00 F7
2025-09-29 04:02:30,641 - midi.sysex - DEBUG - SysEx parse: param_id=12, value=0, is_response=True, unit_id=1
2025-09-29 04:02:30,641 - midi.sysex - DEBUG - Received response: param 12 = 0
2025-09-29 04:02:30,641 - midi.connection - DEBUG - Parameter update: 12 = 0
2025-09-29 04:02:30,641 - midi.connection - DEBUG - Query successful: param 12 = 0
2025-09-29 04:02:31,046 - midi.connection - DEBUG - Sending query for parameter 13: SysEx: F0 04 17 3E 0D 00 00 00 00 00 00 00 00 00 00 00 F7
2025-09-29 04:02:31,081 - midi.sysex - DEBUG - SysEx parse: param_id=13, value=1, is_response=True, unit_id=1
2025-09-29 04:02:31,082 - midi.sysex - DEBUG - Received response: param 13 = 1
2025-09-29 04:02:31,082 - midi.connection - DEBUG - Parameter update: 13 = 1
2025-09-29 04:02:31,082 - midi.connection - DEBUG - Query successful: param 13 = 1
2025-09-29 04:02:31,488 - midi.connection - DEBUG - Sending query for parameter 14: SysEx: F0 04 17 3E 0E 00 00 00 00 00 00 00 00 00 00 00 F7
2025-09-29 04:02:31,525 - midi.sysex - DEBUG - SysEx parse: param_id=14, value=1, is_response=True, unit_id=1
2025-09-29 04:02:31,526 - midi.sysex - DEBUG - Received response: param 14 = 1
2025-09-29 04:02:31,526 - midi.connection - DEBUG - Parameter update: 14 = 1
2025-09-29 04:02:31,526 - midi.connection - DEBUG - Query successful: param 14 = 1
2025-09-29 04:02:31,934 - midi.connection - DEBUG - Sending query for parameter 15: SysEx: F0 04 17 3E 0F 00 00 00 00 00 00 00 00 00 00 00 F7
2025-09-29 04:02:31,966 - midi.sysex - DEBUG - SysEx parse: param_id=15, value=0, is_response=True, unit_id=1
2025-09-29 04:02:31,967 - midi.sysex - DEBUG - Received response: param 15 = 0
2025-09-29 04:02:31,967 - midi.connection - DEBUG - Parameter update: 15 = 0
2025-09-29 04:02:31,967 - midi.connection - DEBUG - Query successful: param 15 = 0
2025-09-29 04:02:32,372 - midi.connection - DEBUG - Sending query for parameter 16: SysEx: F0 04 17 3E 10 00 00 00 00 00 00 00 00 00 00 00 F7
2025-09-29 04:02:32,406 - midi.sysex - DEBUG - SysEx parse: param_id=16, value=1, is_response=True, unit_id=1
2025-09-29 04:02:32,406 - midi.sysex - DEBUG - Received response: param 16 = 1
2025-09-29 04:02:32,406 - midi.connection - DEBUG - Parameter update: 16 = 1
2025-09-29 04:02:32,406 - midi.connection - DEBUG - Query successful: param 16 = 1
2025-09-29 04:02:32,809 - midi.connection - DEBUG - Sending query for parameter 17: SysEx: F0 04 17 3E 11 00 00 00 00 00 00 00 00 00 00 00 F7
2025-09-29 04:02:32,844 - midi.sysex - DEBUG - SysEx parse: param_id=17, value=0, is_response=True, unit_id=1
2025-09-29 04:02:32,845 - midi.sysex - DEBUG - Received response: param 17 = 0
2025-09-29 04:02:32,845 - midi.connection - DEBUG - Parameter update: 17 = 0
2025-09-29 04:02:32,845 - midi.connection - DEBUG - Query successful: param 17 = 0
2025-09-29 04:02:33,251 - midi.connection - DEBUG - Sending query for parameter 18: SysEx: F0 04 17 3E 12 00 00 00 00 00 00 00 00 00 00 00 F7
2025-09-29 04:02:33,286 - midi.sysex - DEBUG - SysEx parse: param_id=18, value=0, is_response=True, unit_id=1
2025-09-29 04:02:33,286 - midi.sysex - DEBUG - Received response: param 18 = 0
2025-09-29 04:02:33,286 - midi.connection - DEBUG - Parameter update: 18 = 0
2025-09-29 04:02:33,286 - midi.connection - DEBUG - Query successful: param 18 = 0
2025-09-29 04:02:33,690 - midi.connection - DEBUG - Sending query for parameter 19: SysEx: F0 04 17 3E 13 00 00 00 00 00 00 00 00 00 00 00 F7
2025-09-29 04:02:33,723 - midi.sysex - DEBUG - SysEx parse: param_id=19, value=1, is_response=True, unit_id=1
2025-09-29 04:02:33,724 - midi.sysex - DEBUG - Received response: param 19 = 1
2025-09-29 04:02:33,724 - midi.connection - DEBUG - Parameter update: 19 = 1
2025-09-29 04:02:33,724 - midi.connection - DEBUG - Query successful: param 19 = 1
2025-09-29 04:02:34,129 - midi.connection - DEBUG - Sending query for parameter 30: SysEx: F0 04 17 3E 1E 00 00 00 00 00 00 00 00 00 00 00 F7
2025-09-29 04:02:34,165 - midi.sysex - DEBUG - SysEx parse: param_id=30, value=0, is_response=True, unit_id=1
2025-09-29 04:02:34,165 - midi.sysex - DEBUG - Received response: param 30 = 0
2025-09-29 04:02:34,165 - midi.connection - DEBUG - Parameter update: 30 = 0
2025-09-29 04:02:34,165 - midi.connection - DEBUG - Query successful: param 30 = 0
2025-09-29 04:02:34,570 - midi.connection - DEBUG - Sending query for parameter 31: SysEx: F0 04 17 3E 1F 00 00 00 00 00 00 00 00 00 00 00 F7
2025-09-29 04:02:34,605 - midi.sysex - DEBUG - SysEx parse: param_id=31, value=0, is_response=True, unit_id=1
2025-09-29 04:02:34,605 - midi.sysex - DEBUG - Received response: param 31 = 0
2025-09-29 04:02:34,605 - midi.connection - DEBUG - Parameter update: 31 = 0
2025-09-29 04:02:34,605 - midi.connection - DEBUG - Query successful: param 31 = 0
2025-09-29 04:02:35,010 - midi.connection - DEBUG - Sending query for parameter 32: SysEx: F0 04 17 3E 20 00 00 00 00 00 00 00 00 00 00 00 F7
2025-09-29 04:02:35,047 - midi.sysex - DEBUG - SysEx parse: param_id=32, value=1, is_response=True, unit_id=1
2025-09-29 04:02:35,047 - midi.sysex - DEBUG - Received response: param 32 = 1
2025-09-29 04:02:35,047 - midi.connection - DEBUG - Parameter update: 32 = 1
2025-09-29 04:02:35,047 - midi.connection - DEBUG - Query successful: param 32 = 1
2025-09-29 04:02:35,452 - midi.connection - DEBUG - Sending query for parameter 35: SysEx: F0 04 17 3E 23 00 00 00 00 00 00 00 00 00 00 00 F7
2025-09-29 04:02:35,489 - midi.sysex - DEBUG - SysEx parse: param_id=35, value=12, is_response=True, unit_id=1
2025-09-29 04:02:35,489 - midi.sysex - DEBUG - Received response: param 35 = 12
2025-09-29 04:02:35,489 - midi.connection - DEBUG - Parameter update: 35 = 12
2025-09-29 04:02:35,489 - midi.connection - DEBUG - Query successful: param 35 = 12
2025-09-29 04:02:35,895 - midi.connection - DEBUG - Sending query for parameter 36: SysEx: F0 04 17 3E 24 00 00 00 00 00 00 00 00 00 00 00 F7
2025-09-29 04:02:35,930 - midi.sysex - DEBUG - SysEx parse: param_id=36, value=12, is_response=True, unit_id=1
2025-09-29 04:02:35,930 - midi.sysex - DEBUG - Received response: param 36 = 12
2025-09-29 04:02:35,930 - midi.connection - DEBUG - Parameter update: 36 = 12
2025-09-29 04:02:35,930 - midi.connection - DEBUG - Query successful: param 36 = 12
2025-09-29 04:02:36,336 - midi.connection - DEBUG - Sending query for parameter 67: SysEx: F0 04 17 3E 43 00 00 00 00 00 00 00 00 00 00 00 F7
2025-09-29 04:02:36,366 - midi.sysex - DEBUG - SysEx parse: param_id=67, value=2, is_response=True, unit_id=1
2025-09-29 04:02:36,367 - midi.sysex - DEBUG - Received response: param 67 = 2
2025-09-29 04:02:36,367 - midi.connection - DEBUG - Parameter update: 67 = 2
2025-09-29 04:02:36,367 - midi.connection - DEBUG - Query successful: param 67 = 2
2025-09-29 04:02:36,769 - midi.connection - DEBUG - Sending query for parameter 68: SysEx: F0 04 17 3E 44 00 00 00 00 00 00 00 00 00 00 00 F7
2025-09-29 04:02:36,802 - midi.sysex - DEBUG - SysEx parse: param_id=68, value=0, is_response=True, unit_id=1
2025-09-29 04:02:36,802 - midi.sysex - DEBUG - Received response: param 68 = 0
2025-09-29 04:02:36,802 - midi.connection - DEBUG - Parameter update: 68 = 0
2025-09-29 04:02:36,802 - midi.connection - DEBUG - Query successful: param 68 = 0
2025-09-29 04:02:37,208 - midi.connection - DEBUG - Sending query for parameter 69: SysEx: F0 04 17 3E 45 00 00 00 00 00 00 00 00 00 00 00 F7
2025-09-29 04:02:37,243 - midi.sysex - DEBUG - SysEx parse: param_id=69, value=0, is_response=True, unit_id=1
2025-09-29 04:02:37,243 - midi.sysex - DEBUG - Received response: param 69 = 0
2025-09-29 04:02:37,243 - midi.connection - DEBUG - Parameter update: 69 = 0
2025-09-29 04:02:37,244 - midi.connection - DEBUG - Query successful: param 69 = 0
2025-09-29 04:02:37,650 - midi.connection - DEBUG - Sending query for parameter 75: SysEx: F0 04 17 3E 4B 00 00 00 00 00 00 00 00 00 00 00 F7
2025-09-29 04:02:40,656 - midi.connection - WARNING - Timeout querying parameter 75
2025-09-29 04:02:40,657 - midi.connection - WARNING - Query attempt 1 failed for parameter 75
2025-09-29 04:02:41,062 - midi.connection - DEBUG - Sending query for parameter 75: SysEx: F0 04 17 3E 4B 00 00 00 00 00 00 00 00 00 00 00 F7
2025-09-29 04:02:44,067 - midi.connection - WARNING - Timeout querying parameter 75
2025-09-29 04:02:44,068 - midi.connection - WARNING - Query attempt 2 failed for parameter 75
2025-09-29 04:02:44,473 - midi.connection - DEBUG - Sending query for parameter 75: SysEx: F0 04 17 3E 4B 00 00 00 00 00 00 00 00 00 00 00 F7
2025-09-29 04:02:47,477 - midi.connection - WARNING - Timeout querying parameter 75
2025-09-29 04:02:47,477 - midi.connection - WARNING - Query attempt 3 failed for parameter 75
2025-09-29 04:02:47,478 - midi.connection - ERROR - Failed to query parameter 75 after 3 attempts
2025-09-29 04:02:47,887 - midi.connection - DEBUG - Sending query for parameter 59: SysEx: F0 04 17 3E 3B 00 00 00 00 00 00 00 00 00 00 00 F7
2025-09-29 04:02:47,923 - midi.sysex - DEBUG - SysEx parse: param_id=59, value=0, is_response=True, unit_id=1
2025-09-29 04:02:47,923 - midi.sysex - DEBUG - Received response: param 59 = 0
2025-09-29 04:02:47,923 - midi.connection - DEBUG - Parameter update: 59 = 0
2025-09-29 04:02:47,924 - midi.connection - DEBUG - Query successful: param 59 = 0
2025-09-29 04:02:48,339 - midi.connection - DEBUG - Sending query for parameter 60: SysEx: F0 04 17 3E 3C 00 00 00 00 00 00 00 00 00 00 00 F7
2025-09-29 04:02:48,376 - midi.sysex - DEBUG - SysEx parse: param_id=60, value=0, is_response=True, unit_id=1
2025-09-29 04:02:48,377 - midi.sysex - DEBUG - Received response: param 60 = 0
2025-09-29 04:02:48,377 - midi.connection - DEBUG - Parameter update: 60 = 0
2025-09-29 04:02:48,379 - midi.connection - DEBUG - Query successful: param 60 = 0
2025-09-29 04:02:48,787 - midi.connection - DEBUG - Sending query for parameter 61: SysEx: F0 04 17 3E 3D 00 00 00 00 00 00 00 00 00 00 00 F7
2025-09-29 04:02:48,827 - midi.sysex - DEBUG - SysEx parse: param_id=61, value=0, is_response=True, unit_id=1
2025-09-29 04:02:48,828 - midi.sysex - DEBUG - Received response: param 61 = 0
2025-09-29 04:02:48,828 - midi.connection - DEBUG - Parameter update: 61 = 0
2025-09-29 04:02:48,828 - midi.connection - DEBUG - Query successful: param 61 = 0
2025-09-29 04:02:49,232 - midi.connection - DEBUG - Sending query for parameter 62: SysEx: F0 04 17 3E 3E 00 00 00 00 00 00 00 00 00 00 00 F7
2025-09-29 04:02:49,271 - midi.sysex - DEBUG - SysEx parse: param_id=62, value=0, is_response=True, unit_id=1
2025-09-29 04:02:49,271 - midi.sysex - DEBUG - Received response: param 62 = 0
2025-09-29 04:02:49,271 - midi.connection - DEBUG - Parameter update: 62 = 0
2025-09-29 04:02:49,271 - midi.connection - DEBUG - Query successful: param 62 = 0
2025-09-29 04:02:49,674 - midi.connection - DEBUG - Sending query for parameter 63: SysEx: F0 04 17 3E 3F 00 00 00 00 00 00 00 00 00 00 00 F7
2025-09-29 04:02:49,711 - midi.sysex - DEBUG - SysEx parse: param_id=63, value=0, is_response=True, unit_id=1
2025-09-29 04:02:49,711 - midi.sysex - DEBUG - Received response: param 63 = 0
2025-09-29 04:02:49,711 - midi.connection - DEBUG - Parameter update: 63 = 0
2025-09-29 04:02:49,711 - midi.connection - DEBUG - Query successful: param 63 = 0
2025-09-29 04:02:50,113 - midi.connection - DEBUG - Sending query for parameter 64: SysEx: F0 04 17 3E 40 00 00 00 00 00 00 00 00 00 00 00 F7
2025-09-29 04:02:50,148 - midi.sysex - DEBUG - SysEx parse: param_id=64, value=0, is_response=True, unit_id=1
2025-09-29 04:02:50,149 - midi.sysex - DEBUG - Received response: param 64 = 0
2025-09-29 04:02:50,149 - midi.connection - DEBUG - Parameter update: 64 = 0
2025-09-29 04:02:50,149 - midi.connection - DEBUG - Query successful: param 64 = 0
2025-09-29 04:02:50,554 - midi.connection - DEBUG - Sending query for parameter 65: SysEx: F0 04 17 3E 41 00 00 00 00 00 00 00 00 00 00 00 F7
2025-09-29 04:02:50,591 - midi.sysex - DEBUG - SysEx parse: param_id=65, value=0, is_response=True, unit_id=1
2025-09-29 04:02:50,592 - midi.sysex - DEBUG - Received response: param 65 = 0
2025-09-29 04:02:50,592 - midi.connection - DEBUG - Parameter update: 65 = 0
2025-09-29 04:02:50,592 - midi.connection - DEBUG - Query successful: param 65 = 0
2025-09-29 04:02:50,997 - midi.connection - DEBUG - Sending query for parameter 66: SysEx: F0 04 17 3E 42 00 00 00 00 00 00 00 00 00 00 00 F7
2025-09-29 04:02:51,033 - midi.sysex - DEBUG - SysEx parse: param_id=66, value=1, is_response=True, unit_id=1
2025-09-29 04:02:51,033 - midi.sysex - DEBUG - Received response: param 66 = 1
2025-09-29 04:02:51,033 - midi.connection - DEBUG - Parameter update: 66 = 1
2025-09-29 04:02:51,034 - midi.connection - DEBUG - Query successful: param 66 = 1
2025-09-29 04:02:51,037 - ui.main_window - DEBUG - Parameter 0 updated to 0
2025-09-29 04:02:51,037 - ui.main_window - DEBUG - Parameter 1 updated to 0
2025-09-29 04:02:51,038 - ui.main_window - DEBUG - Parameter 2 updated to 0
2025-09-29 04:02:51,038 - ui.main_window - DEBUG - Parameter 3 updated to 2
2025-09-29 04:02:51,038 - ui.main_window - DEBUG - Parameter 37 updated to 2
2025-09-29 04:02:51,039 - ui.main_window - DEBUG - Parameter 38 updated to 3
2025-09-29 04:02:51,039 - ui.main_window - DEBUG - Parameter 39 updated to 1
2025-09-29 04:02:51,040 - ui.main_window - DEBUG - Parameter 40 updated to 0
2025-09-29 04:02:51,040 - ui.main_window - DEBUG - Parameter 41 updated to 0
2025-09-29 04:02:51,040 - ui.main_window - DEBUG - Parameter 42 updated to 0
2025-09-29 04:02:51,040 - ui.main_window - DEBUG - Parameter 43 updated to 7
2025-09-29 04:02:51,040 - ui.main_window - DEBUG - Parameter 44 updated to 7
2025-09-29 04:02:51,041 - ui.main_window - DEBUG - Parameter 45 updated to 7
2025-09-29 04:02:51,041 - ui.main_window - DEBUG - Parameter 46 updated to 0
2025-09-29 04:02:51,042 - ui.main_window - DEBUG - Parameter 47 updated to 0
2025-09-29 04:02:51,042 - ui.main_window - DEBUG - Parameter 48 updated to 0
2025-09-29 04:02:51,042 - ui.main_window - DEBUG - Parameter 49 updated to 0
2025-09-29 04:02:51,042 - ui.main_window - DEBUG - Parameter 50 updated to 0
2025-09-29 04:02:51,042 - ui.main_window - DEBUG - Parameter 51 updated to 0
2025-09-29 04:02:51,043 - ui.main_window - DEBUG - Parameter 52 updated to 0
2025-09-29 04:02:51,043 - ui.main_window - DEBUG - Parameter 53 updated to 0
2025-09-29 04:02:51,043 - ui.main_window - DEBUG - Parameter 54 updated to 0
2025-09-29 04:02:51,044 - ui.main_window - DEBUG - Parameter 55 updated to 0
2025-09-29 04:02:51,044 - ui.main_window - DEBUG - Parameter 56 updated to 0
2025-09-29 04:02:51,044 - ui.main_window - DEBUG - Parameter 57 updated to 1
2025-09-29 04:02:51,044 - ui.main_window - DEBUG - Parameter 58 updated to 0
2025-09-29 04:02:51,044 - ui.main_window - DEBUG - Parameter 70 updated to 0
2025-09-29 04:02:51,045 - ui.main_window - DEBUG - Parameter 71 updated to 0
2025-09-29 04:02:51,045 - ui.main_window - DEBUG - Parameter 20 updated to 1
2025-09-29 04:02:51,045 - ui.main_window - DEBUG - Parameter 21 updated to 1
2025-09-29 04:02:51,045 - ui.main_window - DEBUG - Parameter 22 updated to 1
2025-09-29 04:02:51,046 - ui.main_window - DEBUG - Parameter 23 updated to 8192
2025-09-29 04:02:51,046 - ui.main_window - DEBUG - Parameter 24 updated to 1
2025-09-29 04:02:51,046 - ui.main_window - DEBUG - Parameter 25 updated to 0
2025-09-29 04:02:51,046 - ui.main_window - DEBUG - Parameter 26 updated to 1
2025-09-29 04:02:51,046 - ui.main_window - DEBUG - Parameter 27 updated to 0
2025-09-29 04:02:51,047 - ui.main_window - DEBUG - Parameter 28 updated to 1
2025-09-29 04:02:51,047 - ui.main_window - DEBUG - Parameter 29 updated to 0
2025-09-29 04:02:51,047 - ui.main_window - DEBUG - Parameter 72 updated to 1
2025-09-29 04:02:51,047 - ui.main_window - DEBUG - Parameter 73 updated to 0
2025-09-29 04:02:51,047 - ui.main_window - DEBUG - Parameter 74 updated to 0
2025-09-29 04:02:51,047 - ui.main_window - DEBUG - Parameter 4 updated to 0
2025-09-29 04:02:51,047 - ui.main_window - DEBUG - Parameter 5 updated to 1
2025-09-29 04:02:51,048 - ui.main_window - DEBUG - Parameter 6 updated to 3
2025-09-29 04:02:51,048 - ui.main_window - DEBUG - Parameter 7 updated to 3
2025-09-29 04:02:51,048 - ui.main_window - DEBUG - Parameter 8 updated to 0
2025-09-29 04:02:51,048 - ui.main_window - DEBUG - Parameter 9 updated to 2
2025-09-29 04:02:51,049 - ui.main_window - DEBUG - Parameter 10 updated to 0
2025-09-29 04:02:51,049 - ui.main_window - DEBUG - Parameter 11 updated to 0
2025-09-29 04:02:51,049 - ui.main_window - DEBUG - Parameter 12 updated to 0
2025-09-29 04:02:51,049 - ui.main_window - DEBUG - Parameter 13 updated to 1
2025-09-29 04:02:51,049 - ui.main_window - DEBUG - Parameter 14 updated to 1
2025-09-29 04:02:51,049 - ui.main_window - DEBUG - Parameter 15 updated to 0
2025-09-29 04:02:51,049 - ui.main_window - DEBUG - Parameter 16 updated to 1
2025-09-29 04:02:51,049 - ui.main_window - DEBUG - Parameter 17 updated to 0
2025-09-29 04:02:51,049 - ui.main_window - DEBUG - Parameter 18 updated to 0
2025-09-29 04:02:51,049 - ui.main_window - DEBUG - Parameter 19 updated to 1
2025-09-29 04:02:51,049 - ui.main_window - DEBUG - Parameter 30 updated to 0
2025-09-29 04:02:51,049 - ui.main_window - DEBUG - Parameter 31 updated to 0
2025-09-29 04:02:51,049 - ui.main_window - DEBUG - Parameter 32 updated to 1
2025-09-29 04:02:51,050 - ui.main_window - DEBUG - Parameter 35 updated to 12
2025-09-29 04:02:51,050 - ui.main_window - DEBUG - Parameter 36 updated to 12
2025-09-29 04:02:51,050 - ui.main_window - DEBUG - Parameter 67 updated to 2
2025-09-29 04:02:51,050 - ui.main_window - DEBUG - Parameter 68 updated to 0
2025-09-29 04:02:51,050 - ui.main_window - DEBUG - Parameter 69 updated to 0
2025-09-29 04:02:51,050 - ui.main_window - DEBUG - Parameter 59 updated to 0
2025-09-29 04:02:51,050 - ui.main_window - DEBUG - Parameter 60 updated to 0
2025-09-29 04:02:51,051 - ui.main_window - DEBUG - Parameter 61 updated to 0
2025-09-29 04:02:51,051 - ui.main_window - DEBUG - Parameter 62 updated to 0
2025-09-29 04:02:51,051 - ui.main_window - DEBUG - Parameter 63 updated to 0
2025-09-29 04:02:51,051 - ui.main_window - DEBUG - Parameter 64 updated to 0
2025-09-29 04:02:51,051 - ui.main_window - DEBUG - Parameter 65 updated to 0
2025-09-29 04:02:51,051 - ui.main_window - DEBUG - Parameter 66 updated to 1
2025-09-29 04:03:38,479 - ui.main_window - DEBUG - Sent parameter 50 = 1
2025-09-29 04:03:41,164 - ui.main_window - DEBUG - Sent parameter 50 = 0
2025-09-29 04:05:42,786 - ui.main_window - DEBUG - Sent parameter 50 = 1
2025-09-29 04:05:44,984 - ui.main_window - DEBUG - Sent parameter 50 = 0
2025-09-29 04:08:50,404 - ui.main_window - DEBUG - Sent parameter 5 = 0
2025-09-29 04:08:52,404 - ui.main_window - DEBUG - Sent parameter 5 = 1
2025-09-29 04:09:16,107 - ui.main_window - DEBUG - Sent parameter 46 = 1
2025-09-29 04:09:17,475 - ui.main_window - DEBUG - Sent parameter 46 = 0
2025-09-29 04:09:29,167 - ui.main_window - DEBUG - Sent parameter 46 = 1
2025-09-29 04:09:29,819 - ui.main_window - DEBUG - Sent parameter 46 = 0
2025-09-29 04:09:53,739 - ui.main_window - DEBUG - Sent parameter 38 = 4
2025-09-29 04:09:56,748 - ui.main_window - DEBUG - Sent parameter 38 = 4
2025-09-29 04:10:17,059 - ui.main_window - DEBUG - Sent parameter 38 = 1
2025-09-29 04:10:32,770 - ui.main_window - DEBUG - Sent parameter 38 = 2
2025-09-29 04:11:02,045 - ui.main_window - DEBUG - Sent parameter 51 = 1
2025-09-29 04:11:03,378 - ui.main_window - DEBUG - Sent parameter 51 = 0
2025-09-29 04:11:48,215 - ui.main_window - DEBUG - Sent parameter 47 = 1
2025-09-29 04:11:52,202 - ui.main_window - DEBUG - Sent parameter 47 = 0
2025-09-29 04:11:55,287 - ui.main_window - DEBUG - Sent parameter 48 = 1
2025-09-29 04:11:55,805 - ui.main_window - DEBUG - Sent parameter 48 = 0
2025-09-29 04:12:00,408 - ui.main_window - DEBUG - Sent parameter 49 = 1
2025-09-29 04:12:01,192 - ui.main_window - DEBUG - Sent parameter 49 = 0
2025-09-29 04:13:16,087 - ui.main_window - DEBUG - Sent parameter 46 = 1
2025-09-29 04:13:17,174 - ui.main_window - DEBUG - Sent parameter 46 = 0
2025-09-29 04:13:26,596 - ui.main_window - DEBUG - Sent parameter 57 = 0
2025-09-29 04:13:30,769 - ui.main_window - DEBUG - Sent parameter 57 = 1
2025-09-29 04:20:11,813 - midi.connection - DEBUG - Sending query for parameter 0: SysEx: F0 04 17 3E 00 00 00 00 00 00 00 00 00 00 00 00 F7
2025-09-29 04:20:11,863 - midi.sysex - DEBUG - SysEx parse: param_id=0, value=0, is_response=True, unit_id=1
2025-09-29 04:20:11,863 - midi.sysex - DEBUG - Received response: param 0 = 0
2025-09-29 04:20:11,863 - midi.connection - DEBUG - Parameter update: 0 = 0
2025-09-29 04:20:11,863 - midi.connection - DEBUG - Query successful: param 0 = 0
2025-09-29 04:20:12,268 - midi.connection - DEBUG - Sending query for parameter 1: SysEx: F0 04 17 3E 01 00 00 00 00 00 00 00 00 00 00 00 F7
2025-09-29 04:20:12,300 - midi.sysex - DEBUG - SysEx parse: param_id=1, value=0, is_response=True, unit_id=1
2025-09-29 04:20:12,300 - midi.sysex - DEBUG - Received response: param 1 = 0
2025-09-29 04:20:12,301 - midi.connection - DEBUG - Parameter update: 1 = 0
2025-09-29 04:20:12,301 - midi.connection - DEBUG - Query successful: param 1 = 0
2025-09-29 04:20:12,701 - midi.connection - DEBUG - Sending query for parameter 2: SysEx: F0 04 17 3E 02 00 00 00 00 00 00 00 00 00 00 00 F7
2025-09-29 04:20:12,733 - midi.sysex - DEBUG - SysEx parse: param_id=2, value=0, is_response=True, unit_id=1
2025-09-29 04:20:12,733 - midi.sysex - DEBUG - Received response: param 2 = 0
2025-09-29 04:20:12,733 - midi.connection - DEBUG - Parameter update: 2 = 0
2025-09-29 04:20:12,733 - midi.connection - DEBUG - Query successful: param 2 = 0
2025-09-29 04:20:13,142 - midi.connection - DEBUG - Sending query for parameter 3: SysEx: F0 04 17 3E 03 00 00 00 00 00 00 00 00 00 00 00 F7
2025-09-29 04:20:13,191 - midi.sysex - DEBUG - SysEx parse: param_id=3, value=2, is_response=True, unit_id=1
2025-09-29 04:20:13,191 - midi.sysex - DEBUG - Received response: param 3 = 2
2025-09-29 04:20:13,191 - midi.connection - DEBUG - Parameter update: 3 = 2
2025-09-29 04:20:13,191 - midi.connection - DEBUG - Query successful: param 3 = 2
2025-09-29 04:20:13,592 - midi.connection - DEBUG - Sending query for parameter 37: SysEx: F0 04 17 3E 25 00 00 00 00 00 00 00 00 00 00 00 F7
2025-09-29 04:20:13,627 - midi.sysex - DEBUG - SysEx parse: param_id=37, value=2, is_response=True, unit_id=1
2025-09-29 04:20:13,627 - midi.sysex - DEBUG - Received response: param 37 = 2
2025-09-29 04:20:13,627 - midi.connection - DEBUG - Parameter update: 37 = 2
2025-09-29 04:20:13,627 - midi.connection - DEBUG - Query successful: param 37 = 2
2025-09-29 04:20:14,028 - midi.connection - DEBUG - Sending query for parameter 38: SysEx: F0 04 17 3E 26 00 00 00 00 00 00 00 00 00 00 00 F7
2025-09-29 04:20:14,063 - midi.sysex - DEBUG - SysEx parse: param_id=38, value=2, is_response=True, unit_id=1
2025-09-29 04:20:14,063 - midi.sysex - DEBUG - Received response: param 38 = 2
2025-09-29 04:20:14,063 - midi.connection - DEBUG - Parameter update: 38 = 2
2025-09-29 04:20:14,063 - midi.connection - DEBUG - Query successful: param 38 = 2
2025-09-29 04:20:14,467 - midi.connection - DEBUG - Sending query for parameter 39: SysEx: F0 04 17 3E 27 00 00 00 00 00 00 00 00 00 00 00 F7
2025-09-29 04:20:14,506 - midi.sysex - DEBUG - SysEx parse: param_id=39, value=1, is_response=True, unit_id=1
2025-09-29 04:20:14,506 - midi.sysex - DEBUG - Received response: param 39 = 1
2025-09-29 04:20:14,506 - midi.connection - DEBUG - Parameter update: 39 = 1
2025-09-29 04:20:14,506 - midi.connection - DEBUG - Query successful: param 39 = 1
2025-09-29 04:20:14,911 - midi.connection - DEBUG - Sending query for parameter 40: SysEx: F0 04 17 3E 28 00 00 00 00 00 00 00 00 00 00 00 F7
2025-09-29 04:20:14,951 - midi.sysex - DEBUG - SysEx parse: param_id=40, value=0, is_response=True, unit_id=1
2025-09-29 04:20:14,958 - midi.sysex - DEBUG - Received response: param 40 = 0
2025-09-29 04:20:14,964 - midi.connection - DEBUG - Parameter update: 40 = 0
2025-09-29 04:20:14,972 - midi.connection - DEBUG - Query successful: param 40 = 0
2025-09-29 04:20:15,377 - midi.connection - DEBUG - Sending query for parameter 41: SysEx: F0 04 17 3E 29 00 00 00 00 00 00 00 00 00 00 00 F7
2025-09-29 04:20:15,412 - midi.sysex - DEBUG - SysEx parse: param_id=41, value=0, is_response=True, unit_id=1
2025-09-29 04:20:15,412 - midi.sysex - DEBUG - Received response: param 41 = 0
2025-09-29 04:20:15,412 - midi.connection - DEBUG - Parameter update: 41 = 0
2025-09-29 04:20:15,412 - midi.connection - DEBUG - Query successful: param 41 = 0
2025-09-29 04:20:15,817 - midi.connection - DEBUG - Sending query for parameter 42: SysEx: F0 04 17 3E 2A 00 00 00 00 00 00 00 00 00 00 00 F7
2025-09-29 04:20:15,859 - midi.sysex - DEBUG - SysEx parse: param_id=42, value=0, is_response=True, unit_id=1
2025-09-29 04:20:15,866 - midi.sysex - DEBUG - Received response: param 42 = 0
2025-09-29 04:20:15,873 - midi.connection - DEBUG - Parameter update: 42 = 0
2025-09-29 04:20:15,873 - midi.connection - DEBUG - Query successful: param 42 = 0
2025-09-29 04:20:16,280 - midi.connection - DEBUG - Sending query for parameter 43: SysEx: F0 04 17 3E 2B 00 00 00 00 00 00 00 00 00 00 00 F7
2025-09-29 04:20:16,314 - midi.sysex - DEBUG - SysEx parse: param_id=43, value=7, is_response=True, unit_id=1
2025-09-29 04:20:16,314 - midi.sysex - DEBUG - Received response: param 43 = 7
2025-09-29 04:20:16,314 - midi.connection - DEBUG - Parameter update: 43 = 7
2025-09-29 04:20:16,314 - midi.connection - DEBUG - Query successful: param 43 = 7
2025-09-29 04:20:16,719 - midi.connection - DEBUG - Sending query for parameter 44: SysEx: F0 04 17 3E 2C 00 00 00 00 00 00 00 00 00 00 00 F7
2025-09-29 04:20:16,767 - midi.sysex - DEBUG - SysEx parse: param_id=44, value=7, is_response=True, unit_id=1
2025-09-29 04:20:16,774 - midi.sysex - DEBUG - Received response: param 44 = 7
2025-09-29 04:20:16,778 - midi.connection - DEBUG - Parameter update: 44 = 7
2025-09-29 04:20:16,778 - midi.connection - DEBUG - Query successful: param 44 = 7
2025-09-29 04:20:17,183 - midi.connection - DEBUG - Sending query for parameter 45: SysEx: F0 04 17 3E 2D 00 00 00 00 00 00 00 00 00 00 00 F7
2025-09-29 04:20:17,222 - midi.sysex - DEBUG - SysEx parse: param_id=45, value=7, is_response=True, unit_id=1
2025-09-29 04:20:17,222 - midi.sysex - DEBUG - Received response: param 45 = 7
2025-09-29 04:20:17,222 - midi.connection - DEBUG - Parameter update: 45 = 7
2025-09-29 04:20:17,222 - midi.connection - DEBUG - Query successful: param 45 = 7
2025-09-29 04:20:17,627 - midi.connection - DEBUG - Sending query for parameter 46: SysEx: F0 04 17 3E 2E 00 00 00 00 00 00 00 00 00 00 00 F7
2025-09-29 04:20:17,675 - midi.sysex - DEBUG - SysEx parse: param_id=46, value=0, is_response=True, unit_id=1
2025-09-29 04:20:17,681 - midi.sysex - DEBUG - Received response: param 46 = 0
2025-09-29 04:20:17,681 - midi.connection - DEBUG - Parameter update: 46 = 0
2025-09-29 04:20:17,681 - midi.connection - DEBUG - Query successful: param 46 = 0
2025-09-29 04:20:18,082 - midi.connection - DEBUG - Sending query for parameter 47: SysEx: F0 04 17 3E 2F 00 00 00 00 00 00 00 00 00 00 00 F7
2025-09-29 04:20:18,118 - midi.sysex - DEBUG - SysEx parse: param_id=47, value=0, is_response=True, unit_id=1
2025-09-29 04:20:18,118 - midi.sysex - DEBUG - Received response: param 47 = 0
2025-09-29 04:20:18,118 - midi.connection - DEBUG - Parameter update: 47 = 0
2025-09-29 04:20:18,118 - midi.connection - DEBUG - Query successful: param 47 = 0
2025-09-29 04:20:18,523 - midi.connection - DEBUG - Sending query for parameter 48: SysEx: F0 04 17 3E 30 00 00 00 00 00 00 00 00 00 00 00 F7
2025-09-29 04:20:18,559 - midi.sysex - DEBUG - SysEx parse: param_id=48, value=0, is_response=True, unit_id=1
2025-09-29 04:20:18,573 - midi.sysex - DEBUG - Received response: param 48 = 0
2025-09-29 04:20:18,579 - midi.connection - DEBUG - Parameter update: 48 = 0
2025-09-29 04:20:18,579 - midi.connection - DEBUG - Query successful: param 48 = 0
2025-09-29 04:20:18,988 - midi.connection - DEBUG - Sending query for parameter 49: SysEx: F0 04 17 3E 31 00 00 00 00 00 00 00 00 00 00 00 F7
2025-09-29 04:20:19,023 - midi.sysex - DEBUG - SysEx parse: param_id=49, value=0, is_response=True, unit_id=1
2025-09-29 04:20:19,024 - midi.sysex - DEBUG - Received response: param 49 = 0
2025-09-29 04:20:19,024 - midi.connection - DEBUG - Parameter update: 49 = 0
2025-09-29 04:20:19,024 - midi.connection - DEBUG - Query successful: param 49 = 0
2025-09-29 04:20:19,429 - midi.connection - DEBUG - Sending query for parameter 50: SysEx: F0 04 17 3E 32 00 00 00 00 00 00 00 00 00 00 00 F7
2025-09-29 04:20:19,467 - midi.sysex - DEBUG - SysEx parse: param_id=50, value=1, is_response=True, unit_id=1
2025-09-29 04:20:19,475 - midi.sysex - DEBUG - Received response: param 50 = 1
2025-09-29 04:20:19,482 - midi.connection - DEBUG - Parameter update: 50 = 1
2025-09-29 04:20:19,482 - midi.connection - DEBUG - Query successful: param 50 = 1
2025-09-29 04:20:19,894 - midi.connection - DEBUG - Sending query for parameter 51: SysEx: F0 04 17 3E 33 00 00 00 00 00 00 00 00 00 00 00 F7
2025-09-29 04:20:19,929 - midi.sysex - DEBUG - SysEx parse: param_id=51, value=0, is_response=True, unit_id=1
2025-09-29 04:20:19,929 - midi.sysex - DEBUG - Received response: param 51 = 0
2025-09-29 04:20:19,929 - midi.connection - DEBUG - Parameter update: 51 = 0
2025-09-29 04:20:19,929 - midi.connection - DEBUG - Query successful: param 51 = 0
2025-09-29 04:20:20,330 - midi.connection - DEBUG - Sending query for parameter 52: SysEx: F0 04 17 3E 34 00 00 00 00 00 00 00 00 00 00 00 F7
2025-09-29 04:20:20,367 - midi.sysex - DEBUG - SysEx parse: param_id=52, value=0, is_response=True, unit_id=1
2025-09-29 04:20:20,381 - midi.sysex - DEBUG - Received response: param 52 = 0
2025-09-29 04:20:20,389 - midi.connection - DEBUG - Parameter update: 52 = 0
2025-09-29 04:20:20,394 - midi.connection - DEBUG - Query successful: param 52 = 0
2025-09-29 04:20:20,796 - midi.connection - DEBUG - Sending query for parameter 53: SysEx: F0 04 17 3E 35 00 00 00 00 00 00 00 00 00 00 00 F7
2025-09-29 04:20:20,833 - midi.sysex - DEBUG - SysEx parse: param_id=53, value=0, is_response=True, unit_id=1
2025-09-29 04:20:20,833 - midi.sysex - DEBUG - Received response: param 53 = 0
2025-09-29 04:20:20,833 - midi.connection - DEBUG - Parameter update: 53 = 0
2025-09-29 04:20:20,833 - midi.connection - DEBUG - Query successful: param 53 = 0
2025-09-29 04:20:21,234 - midi.connection - DEBUG - Sending query for parameter 54: SysEx: F0 04 17 3E 36 00 00 00 00 00 00 00 00 00 00 00 F7
2025-09-29 04:20:21,284 - midi.sysex - DEBUG - SysEx parse: param_id=54, value=0, is_response=True, unit_id=1
2025-09-29 04:20:21,290 - midi.sysex - DEBUG - Received response: param 54 = 0
2025-09-29 04:20:21,297 - midi.connection - DEBUG - Parameter update: 54 = 0
2025-09-29 04:20:21,297 - midi.connection - DEBUG - Query successful: param 54 = 0
2025-09-29 04:20:21,702 - midi.connection - DEBUG - Sending query for parameter 55: SysEx: F0 04 17 3E 37 00 00 00 00 00 00 00 00 00 00 00 F7
2025-09-29 04:20:21,743 - midi.sysex - DEBUG - SysEx parse: param_id=55, value=0, is_response=True, unit_id=1
2025-09-29 04:20:21,756 - midi.sysex - DEBUG - Received response: param 55 = 0
2025-09-29 04:20:21,763 - midi.connection - DEBUG - Parameter update: 55 = 0
2025-09-29 04:20:21,763 - midi.connection - DEBUG - Query successful: param 55 = 0
2025-09-29 04:20:22,189 - midi.connection - DEBUG - Sending query for parameter 56: SysEx: F0 04 17 3E 38 00 00 00 00 00 00 00 00 00 00 00 F7
2025-09-29 04:20:22,243 - midi.sysex - DEBUG - SysEx parse: param_id=56, value=0, is_response=True, unit_id=1
2025-09-29 04:20:22,257 - midi.sysex - DEBUG - Received response: param 56 = 0
2025-09-29 04:20:22,264 - midi.connection - DEBUG - Parameter update: 56 = 0
2025-09-29 04:20:22,264 - midi.connection - DEBUG - Query successful: param 56 = 0
2025-09-29 04:20:22,693 - midi.connection - DEBUG - Sending query for parameter 57: SysEx: F0 04 17 3E 39 00 00 00 00 00 00 00 00 00 00 00 F7
2025-09-29 04:20:22,742 - midi.sysex - DEBUG - SysEx parse: param_id=57, value=1, is_response=True, unit_id=1
2025-09-29 04:20:22,748 - midi.sysex - DEBUG - Received response: param 57 = 1
2025-09-29 04:20:22,754 - midi.connection - DEBUG - Parameter update: 57 = 1
2025-09-29 04:20:22,754 - midi.connection - DEBUG - Query successful: param 57 = 1
2025-09-29 04:20:23,182 - midi.connection - DEBUG - Sending query for parameter 58: SysEx: F0 04 17 3E 3A 00 00 00 00 00 00 00 00 00 00 00 F7
2025-09-29 04:20:23,251 - midi.sysex - DEBUG - SysEx parse: param_id=58, value=0, is_response=True, unit_id=1
2025-09-29 04:20:23,264 - midi.sysex - DEBUG - Received response: param 58 = 0
2025-09-29 04:20:23,271 - midi.connection - DEBUG - Parameter update: 58 = 0
2025-09-29 04:20:23,278 - midi.connection - DEBUG - Query successful: param 58 = 0
2025-09-29 04:20:23,710 - midi.connection - DEBUG - Sending query for parameter 70: SysEx: F0 04 17 3E 46 00 00 00 00 00 00 00 00 00 00 00 F7
2025-09-29 04:20:23,751 - midi.sysex - DEBUG - SysEx parse: param_id=70, value=0, is_response=True, unit_id=1
2025-09-29 04:20:23,764 - midi.sysex - DEBUG - Received response: param 70 = 0
2025-09-29 04:20:23,778 - midi.connection - DEBUG - Parameter update: 70 = 0
2025-09-29 04:20:23,785 - midi.connection - DEBUG - Query successful: param 70 = 0
2025-09-29 04:20:24,212 - midi.connection - DEBUG - Sending query for parameter 71: SysEx: F0 04 17 3E 47 00 00 00 00 00 00 00 00 00 00 00 F7
2025-09-29 04:20:24,265 - midi.sysex - DEBUG - SysEx parse: param_id=71, value=0, is_response=True, unit_id=1
2025-09-29 04:20:24,272 - midi.sysex - DEBUG - Received response: param 71 = 0
2025-09-29 04:20:24,279 - midi.connection - DEBUG - Parameter update: 71 = 0
2025-09-29 04:20:24,279 - midi.connection - DEBUG - Query successful: param 71 = 0
2025-09-29 04:20:24,717 - midi.connection - DEBUG - Sending query for parameter 20: SysEx: F0 04 17 3E 14 00 00 00 00 00 00 00 00 00 00 00 F7
2025-09-29 04:20:24,765 - midi.sysex - DEBUG - SysEx parse: param_id=20, value=1, is_response=True, unit_id=1
2025-09-29 04:20:24,771 - midi.sysex - DEBUG - Received response: param 20 = 1
2025-09-29 04:20:24,779 - midi.connection - DEBUG - Parameter update: 20 = 1
2025-09-29 04:20:24,787 - midi.connection - DEBUG - Query successful: param 20 = 1
2025-09-29 04:20:25,204 - midi.connection - DEBUG - Sending query for parameter 21: SysEx: F0 04 17 3E 15 00 00 00 00 00 00 00 00 00 00 00 F7
2025-09-29 04:20:25,266 - midi.sysex - DEBUG - SysEx parse: param_id=21, value=1, is_response=True, unit_id=1
2025-09-29 04:20:25,279 - midi.sysex - DEBUG - Received response: param 21 = 1
2025-09-29 04:20:25,286 - midi.connection - DEBUG - Parameter update: 21 = 1
2025-09-29 04:20:25,286 - midi.connection - DEBUG - Query successful: param 21 = 1
2025-09-29 04:20:25,708 - midi.connection - DEBUG - Sending query for parameter 22: SysEx: F0 04 17 3E 16 00 00 00 00 00 00 00 00 00 00 00 F7
2025-09-29 04:20:25,772 - midi.sysex - DEBUG - SysEx parse: param_id=22, value=1, is_response=True, unit_id=1
2025-09-29 04:20:25,786 - midi.sysex - DEBUG - Received response: param 22 = 1
2025-09-29 04:20:25,793 - midi.connection - DEBUG - Parameter update: 22 = 1
2025-09-29 04:20:25,802 - midi.connection - DEBUG - Query successful: param 22 = 1
2025-09-29 04:20:26,231 - midi.connection - DEBUG - Sending query for parameter 23: SysEx: F0 04 17 3E 17 00 00 00 00 00 00 00 00 00 00 00 F7
2025-09-29 04:20:26,267 - midi.sysex - DEBUG - SysEx parse: param_id=23, value=8192, is_response=True, unit_id=1
2025-09-29 04:20:26,273 - midi.sysex - DEBUG - Received response: param 23 = 8192
2025-09-29 04:20:26,281 - midi.connection - DEBUG - Parameter update: 23 = 8192
2025-09-29 04:20:26,281 - midi.connection - DEBUG - Query successful: param 23 = 8192
2025-09-29 04:20:26,721 - midi.connection - DEBUG - Sending query for parameter 24: SysEx: F0 04 17 3E 18 00 00 00 00 00 00 00 00 00 00 00 F7
2025-09-29 04:20:26,766 - midi.sysex - DEBUG - SysEx parse: param_id=24, value=1, is_response=True, unit_id=1
2025-09-29 04:20:26,772 - midi.sysex - DEBUG - Received response: param 24 = 1
2025-09-29 04:20:26,779 - midi.connection - DEBUG - Parameter update: 24 = 1
2025-09-29 04:20:26,786 - midi.connection - DEBUG - Query successful: param 24 = 1
2025-09-29 04:20:27,217 - midi.connection - DEBUG - Sending query for parameter 25: SysEx: F0 04 17 3E 19 00 00 00 00 00 00 00 00 00 00 00 F7
2025-09-29 04:20:27,286 - midi.sysex - DEBUG - SysEx parse: param_id=25, value=0, is_response=True, unit_id=1
2025-09-29 04:20:27,299 - midi.sysex - DEBUG - Received response: param 25 = 0
2025-09-29 04:20:27,305 - midi.connection - DEBUG - Parameter update: 25 = 0
2025-09-29 04:20:27,313 - midi.connection - DEBUG - Query successful: param 25 = 0
2025-09-29 04:20:27,749 - midi.connection - DEBUG - Sending query for parameter 26: SysEx: F0 04 17 3E 1A 00 00 00 00 00 00 00 00 00 00 00 F7
2025-09-29 04:20:27,809 - midi.sysex - DEBUG - SysEx parse: param_id=26, value=1, is_response=True, unit_id=1
2025-09-29 04:20:27,816 - midi.sysex - DEBUG - Received response: param 26 = 1
2025-09-29 04:20:27,823 - midi.connection - DEBUG - Parameter update: 26 = 1
2025-09-29 04:20:27,823 - midi.connection - DEBUG - Query successful: param 26 = 1
2025-09-29 04:20:28,253 - midi.connection - DEBUG - Sending query for parameter 27: SysEx: F0 04 17 3E 1B 00 00 00 00 00 00 00 00 00 00 00 F7
2025-09-29 04:20:28,320 - midi.sysex - DEBUG - SysEx parse: param_id=27, value=0, is_response=True, unit_id=1
2025-09-29 04:20:28,328 - midi.sysex - DEBUG - Received response: param 27 = 0
2025-09-29 04:20:28,336 - midi.connection - DEBUG - Parameter update: 27 = 0
2025-09-29 04:20:28,336 - midi.connection - DEBUG - Query successful: param 27 = 0
2025-09-29 04:20:28,750 - midi.connection - DEBUG - Sending query for parameter 28: SysEx: F0 04 17 3E 1C 00 00 00 00 00 00 00 00 00 00 00 F7
2025-09-29 04:20:28,813 - midi.sysex - DEBUG - SysEx parse: param_id=28, value=1, is_response=True, unit_id=1
2025-09-29 04:20:28,820 - midi.sysex - DEBUG - Received response: param 28 = 1
2025-09-29 04:20:28,828 - midi.connection - DEBUG - Parameter update: 28 = 1
2025-09-29 04:20:28,836 - midi.connection - DEBUG - Query successful: param 28 = 1
2025-09-29 04:20:29,276 - midi.connection - DEBUG - Sending query for parameter 29: SysEx: F0 04 17 3E 1D 00 00 00 00 00 00 00 00 00 00 00 F7
2025-09-29 04:20:29,310 - midi.sysex - DEBUG - SysEx parse: param_id=29, value=0, is_response=True, unit_id=1
2025-09-29 04:20:29,316 - midi.sysex - DEBUG - Received response: param 29 = 0
2025-09-29 04:20:29,323 - midi.connection - DEBUG - Parameter update: 29 = 0
2025-09-29 04:20:29,323 - midi.connection - DEBUG - Query successful: param 29 = 0
2025-09-29 04:20:29,754 - midi.connection - DEBUG - Sending query for parameter 72: SysEx: F0 04 17 3E 48 00 00 00 00 00 00 00 00 00 00 00 F7
2025-09-29 04:20:29,805 - midi.sysex - DEBUG - SysEx parse: param_id=72, value=1, is_response=True, unit_id=1
2025-09-29 04:20:29,819 - midi.sysex - DEBUG - Received response: param 72 = 1
2025-09-29 04:20:29,825 - midi.connection - DEBUG - Parameter update: 72 = 1
2025-09-29 04:20:29,825 - midi.connection - DEBUG - Query successful: param 72 = 1
2025-09-29 04:20:30,254 - midi.connection - DEBUG - Sending query for parameter 73: SysEx: F0 04 17 3E 49 00 00 00 00 00 00 00 00 00 00 00 F7
2025-09-29 04:20:30,311 - midi.sysex - DEBUG - SysEx parse: param_id=73, value=0, is_response=True, unit_id=1
2025-09-29 04:20:30,318 - midi.sysex - DEBUG - Received response: param 73 = 0
2025-09-29 04:20:30,324 - midi.connection - DEBUG - Parameter update: 73 = 0
2025-09-29 04:20:30,324 - midi.connection - DEBUG - Query successful: param 73 = 0
2025-09-29 04:20:30,754 - midi.connection - DEBUG - Sending query for parameter 74: SysEx: F0 04 17 3E 4A 00 00 00 00 00 00 00 00 00 00 00 F7
2025-09-29 04:20:30,813 - midi.sysex - DEBUG - SysEx parse: param_id=74, value=0, is_response=True, unit_id=1
2025-09-29 04:20:30,813 - midi.sysex - DEBUG - Received response: param 74 = 0
2025-09-29 04:20:30,813 - midi.connection - DEBUG - Parameter update: 74 = 0
2025-09-29 04:20:30,813 - midi.connection - DEBUG - Query successful: param 74 = 0
2025-09-29 04:20:31,227 - midi.connection - DEBUG - Sending query for parameter 4: SysEx: F0 04 17 3E 04 00 00 00 00 00 00 00 00 00 00 00 F7
2025-09-29 04:20:31,266 - midi.sysex - DEBUG - SysEx parse: param_id=4, value=0, is_response=True, unit_id=1
2025-09-29 04:20:31,273 - midi.sysex - DEBUG - Received response: param 4 = 0
2025-09-29 04:20:31,280 - midi.connection - DEBUG - Parameter update: 4 = 0
2025-09-29 04:20:31,280 - midi.connection - DEBUG - Query successful: param 4 = 0
2025-09-29 04:20:31,707 - midi.connection - DEBUG - Sending query for parameter 5: SysEx: F0 04 17 3E 05 00 00 00 00 00 00 00 00 00 00 00 F7
2025-09-29 04:20:31,790 - midi.sysex - DEBUG - SysEx parse: param_id=5, value=1, is_response=True, unit_id=1
2025-09-29 04:20:31,790 - midi.sysex - DEBUG - Received response: param 5 = 1
2025-09-29 04:20:31,790 - midi.connection - DEBUG - Parameter update: 5 = 1
2025-09-29 04:20:31,790 - midi.connection - DEBUG - Query successful: param 5 = 1
2025-09-29 04:20:32,199 - midi.connection - DEBUG - Sending query for parameter 6: SysEx: F0 04 17 3E 06 00 00 00 00 00 00 00 00 00 00 00 F7
2025-09-29 04:20:32,246 - midi.sysex - DEBUG - SysEx parse: param_id=6, value=3, is_response=True, unit_id=1
2025-09-29 04:20:32,253 - midi.sysex - DEBUG - Received response: param 6 = 3
2025-09-29 04:20:32,259 - midi.connection - DEBUG - Parameter update: 6 = 3
2025-09-29 04:20:32,259 - midi.connection - DEBUG - Query successful: param 6 = 3
2025-09-29 04:20:32,691 - midi.connection - DEBUG - Sending query for parameter 7: SysEx: F0 04 17 3E 07 00 00 00 00 00 00 00 00 00 00 00 F7
2025-09-29 04:20:32,726 - midi.sysex - DEBUG - SysEx parse: param_id=7, value=3, is_response=True, unit_id=1
2025-09-29 04:20:32,738 - midi.sysex - DEBUG - Received response: param 7 = 3
2025-09-29 04:20:32,745 - midi.connection - DEBUG - Parameter update: 7 = 3
2025-09-29 04:20:32,745 - midi.connection - DEBUG - Query successful: param 7 = 3
2025-09-29 04:20:33,176 - midi.connection - DEBUG - Sending query for parameter 8: SysEx: F0 04 17 3E 08 00 00 00 00 00 00 00 00 00 00 00 F7
2025-09-29 04:20:33,237 - midi.sysex - DEBUG - SysEx parse: param_id=8, value=0, is_response=True, unit_id=1
2025-09-29 04:20:33,243 - midi.sysex - DEBUG - Received response: param 8 = 0
2025-09-29 04:20:33,250 - midi.connection - DEBUG - Parameter update: 8 = 0
2025-09-29 04:20:33,250 - midi.connection - DEBUG - Query successful: param 8 = 0
2025-09-29 04:20:33,671 - midi.connection - DEBUG - Sending query for parameter 9: SysEx: F0 04 17 3E 09 00 00 00 00 00 00 00 00 00 00 00 F7
2025-09-29 04:20:33,730 - midi.sysex - DEBUG - SysEx parse: param_id=9, value=2, is_response=True, unit_id=1
2025-09-29 04:20:33,735 - midi.sysex - DEBUG - Received response: param 9 = 2
2025-09-29 04:20:33,735 - midi.connection - DEBUG - Parameter update: 9 = 2
2025-09-29 04:20:33,735 - midi.connection - DEBUG - Query successful: param 9 = 2
2025-09-29 04:20:34,140 - midi.connection - DEBUG - Sending query for parameter 10: SysEx: F0 04 17 3E 0A 00 00 00 00 00 00 00 00 00 00 00 F7
2025-09-29 04:20:34,201 - midi.sysex - DEBUG - SysEx parse: param_id=10, value=0, is_response=True, unit_id=1
2025-09-29 04:20:34,215 - midi.sysex - DEBUG - Received response: param 10 = 0
2025-09-29 04:20:34,222 - midi.connection - DEBUG - Parameter update: 10 = 0
2025-09-29 04:20:34,222 - midi.connection - DEBUG - Query successful: param 10 = 0
2025-09-29 04:20:34,655 - midi.connection - DEBUG - Sending query for parameter 11: SysEx: F0 04 17 3E 0B 00 00 00 00 00 00 00 00 00 00 00 F7
2025-09-29 04:20:34,702 - midi.sysex - DEBUG - SysEx parse: param_id=11, value=0, is_response=True, unit_id=1
2025-09-29 04:20:34,717 - midi.sysex - DEBUG - Received response: param 11 = 0
2025-09-29 04:20:34,723 - midi.connection - DEBUG - Parameter update: 11 = 0
2025-09-29 04:20:34,723 - midi.connection - DEBUG - Query successful: param 11 = 0
2025-09-29 04:20:35,132 - midi.connection - DEBUG - Sending query for parameter 12: SysEx: F0 04 17 3E 0C 00 00 00 00 00 00 00 00 00 00 00 F7
2025-09-29 04:20:35,198 - midi.sysex - DEBUG - SysEx parse: param_id=12, value=0, is_response=True, unit_id=1
2025-09-29 04:20:35,213 - midi.sysex - DEBUG - Received response: param 12 = 0
2025-09-29 04:20:35,219 - midi.connection - DEBUG - Parameter update: 12 = 0
2025-09-29 04:20:35,219 - midi.connection - DEBUG - Query successful: param 12 = 0
2025-09-29 04:20:35,655 - midi.connection - DEBUG - Sending query for parameter 13: SysEx: F0 04 17 3E 0D 00 00 00 00 00 00 00 00 00 00 00 F7
2025-09-29 04:20:35,712 - midi.sysex - DEBUG - SysEx parse: param_id=13, value=1, is_response=True, unit_id=1
2025-09-29 04:20:35,726 - midi.sysex - DEBUG - Received response: param 13 = 1
2025-09-29 04:20:35,734 - midi.connection - DEBUG - Parameter update: 13 = 1
2025-09-29 04:20:35,734 - midi.connection - DEBUG - Query successful: param 13 = 1
2025-09-29 04:20:36,180 - midi.connection - DEBUG - Sending query for parameter 14: SysEx: F0 04 17 3E 0E 00 00 00 00 00 00 00 00 00 00 00 F7
2025-09-29 04:20:36,229 - midi.sysex - DEBUG - SysEx parse: param_id=14, value=1, is_response=True, unit_id=1
2025-09-29 04:20:36,229 - midi.sysex - DEBUG - Received response: param 14 = 1
2025-09-29 04:20:36,229 - midi.connection - DEBUG - Parameter update: 14 = 1
2025-09-29 04:20:36,229 - midi.connection - DEBUG - Query successful: param 14 = 1
2025-09-29 04:20:36,653 - midi.connection - DEBUG - Sending query for parameter 15: SysEx: F0 04 17 3E 0F 00 00 00 00 00 00 00 00 00 00 00 F7
2025-09-29 04:20:36,700 - midi.sysex - DEBUG - SysEx parse: param_id=15, value=0, is_response=True, unit_id=1
2025-09-29 04:20:36,707 - midi.sysex - DEBUG - Received response: param 15 = 0
2025-09-29 04:20:36,715 - midi.connection - DEBUG - Parameter update: 15 = 0
2025-09-29 04:20:36,715 - midi.connection - DEBUG - Query successful: param 15 = 0
2025-09-29 04:20:37,137 - midi.connection - DEBUG - Sending query for parameter 16: SysEx: F0 04 17 3E 10 00 00 00 00 00 00 00 00 00 00 00 F7
2025-09-29 04:20:37,185 - midi.sysex - DEBUG - SysEx parse: param_id=16, value=1, is_response=True, unit_id=1
2025-09-29 04:20:37,200 - midi.sysex - DEBUG - Received response: param 16 = 1
2025-09-29 04:20:37,200 - midi.connection - DEBUG - Parameter update: 16 = 1
2025-09-29 04:20:37,200 - midi.connection - DEBUG - Query successful: param 16 = 1
2025-09-29 04:20:37,607 - midi.connection - DEBUG - Sending query for parameter 17: SysEx: F0 04 17 3E 11 00 00 00 00 00 00 00 00 00 00 00 F7
2025-09-29 04:20:37,655 - midi.sysex - DEBUG - SysEx parse: param_id=17, value=0, is_response=True, unit_id=1
2025-09-29 04:20:37,661 - midi.sysex - DEBUG - Received response: param 17 = 0
2025-09-29 04:20:37,668 - midi.connection - DEBUG - Parameter update: 17 = 0
2025-09-29 04:20:37,668 - midi.connection - DEBUG - Query successful: param 17 = 0
2025-09-29 04:20:38,120 - midi.connection - DEBUG - Sending query for parameter 18: SysEx: F0 04 17 3E 12 00 00 00 00 00 00 00 00 00 00 00 F7
2025-09-29 04:20:38,186 - midi.sysex - DEBUG - SysEx parse: param_id=18, value=0, is_response=True, unit_id=1
2025-09-29 04:20:38,194 - midi.sysex - DEBUG - Received response: param 18 = 0
2025-09-29 04:20:38,212 - midi.connection - DEBUG - Parameter update: 18 = 0
2025-09-29 04:20:38,212 - midi.connection - DEBUG - Query successful: param 18 = 0
2025-09-29 04:20:38,644 - midi.connection - DEBUG - Sending query for parameter 19: SysEx: F0 04 17 3E 13 00 00 00 00 00 00 00 00 00 00 00 F7
2025-09-29 04:20:38,696 - midi.sysex - DEBUG - SysEx parse: param_id=19, value=1, is_response=True, unit_id=1
2025-09-29 04:20:38,709 - midi.sysex - DEBUG - Received response: param 19 = 1
2025-09-29 04:20:38,716 - midi.connection - DEBUG - Parameter update: 19 = 1
2025-09-29 04:20:38,716 - midi.connection - DEBUG - Query successful: param 19 = 1
2025-09-29 04:20:39,136 - midi.connection - DEBUG - Sending query for parameter 30: SysEx: F0 04 17 3E 1E 00 00 00 00 00 00 00 00 00 00 00 F7
2025-09-29 04:20:39,191 - midi.sysex - DEBUG - SysEx parse: param_id=30, value=0, is_response=True, unit_id=1
2025-09-29 04:20:39,197 - midi.sysex - DEBUG - Received response: param 30 = 0
2025-09-29 04:20:39,212 - midi.connection - DEBUG - Parameter update: 30 = 0
2025-09-29 04:20:39,212 - midi.connection - DEBUG - Query successful: param 30 = 0
2025-09-29 04:20:39,652 - midi.connection - DEBUG - Sending query for parameter 31: SysEx: F0 04 17 3E 1F 00 00 00 00 00 00 00 00 00 00 00 F7
2025-09-29 04:20:39,717 - midi.sysex - DEBUG - SysEx parse: param_id=31, value=0, is_response=True, unit_id=1
2025-09-29 04:20:39,724 - midi.sysex - DEBUG - Received response: param 31 = 0
2025-09-29 04:20:39,731 - midi.connection - DEBUG - Parameter update: 31 = 0
2025-09-29 04:20:39,731 - midi.connection - DEBUG - Query successful: param 31 = 0
2025-09-29 04:20:40,159 - midi.connection - DEBUG - Sending query for parameter 32: SysEx: F0 04 17 3E 20 00 00 00 00 00 00 00 00 00 00 00 F7
2025-09-29 04:20:40,221 - midi.sysex - DEBUG - SysEx parse: param_id=32, value=1, is_response=True, unit_id=1
2025-09-29 04:20:40,230 - midi.sysex - DEBUG - Received response: param 32 = 1
2025-09-29 04:20:40,247 - midi.connection - DEBUG - Parameter update: 32 = 1
2025-09-29 04:20:40,247 - midi.connection - DEBUG - Query successful: param 32 = 1
2025-09-29 04:20:40,684 - midi.connection - DEBUG - Sending query for parameter 35: SysEx: F0 04 17 3E 23 00 00 00 00 00 00 00 00 00 00 00 F7
2025-09-29 04:20:40,734 - midi.sysex - DEBUG - SysEx parse: param_id=35, value=12, is_response=True, unit_id=1
2025-09-29 04:20:40,743 - midi.sysex - DEBUG - Received response: param 35 = 12
2025-09-29 04:20:40,749 - midi.connection - DEBUG - Parameter update: 35 = 12
2025-09-29 04:20:40,749 - midi.connection - DEBUG - Query successful: param 35 = 12
2025-09-29 04:20:41,157 - midi.connection - DEBUG - Sending query for parameter 36: SysEx: F0 04 17 3E 24 00 00 00 00 00 00 00 00 00 00 00 F7
2025-09-29 04:20:41,207 - midi.sysex - DEBUG - SysEx parse: param_id=36, value=12, is_response=True, unit_id=1
2025-09-29 04:20:41,213 - midi.sysex - DEBUG - Received response: param 36 = 12
2025-09-29 04:20:41,220 - midi.connection - DEBUG - Parameter update: 36 = 12
2025-09-29 04:20:41,220 - midi.connection - DEBUG - Query successful: param 36 = 12
2025-09-29 04:20:41,672 - midi.connection - DEBUG - Sending query for parameter 67: SysEx: F0 04 17 3E 43 00 00 00 00 00 00 00 00 00 00 00 F7
2025-09-29 04:20:41,738 - midi.sysex - DEBUG - SysEx parse: param_id=67, value=2, is_response=True, unit_id=1
2025-09-29 04:20:41,744 - midi.sysex - DEBUG - Received response: param 67 = 2
2025-09-29 04:20:41,744 - midi.connection - DEBUG - Parameter update: 67 = 2
2025-09-29 04:20:41,744 - midi.connection - DEBUG - Query successful: param 67 = 2
2025-09-29 04:20:42,154 - midi.connection - DEBUG - Sending query for parameter 68: SysEx: F0 04 17 3E 44 00 00 00 00 00 00 00 00 00 00 00 F7
2025-09-29 04:20:42,224 - midi.sysex - DEBUG - SysEx parse: param_id=68, value=0, is_response=True, unit_id=1
2025-09-29 04:20:42,237 - midi.sysex - DEBUG - Received response: param 68 = 0
2025-09-29 04:20:42,243 - midi.connection - DEBUG - Parameter update: 68 = 0
2025-09-29 04:20:42,250 - midi.connection - DEBUG - Query successful: param 68 = 0
2025-09-29 04:20:42,676 - midi.connection - DEBUG - Sending query for parameter 69: SysEx: F0 04 17 3E 45 00 00 00 00 00 00 00 00 00 00 00 F7
2025-09-29 04:20:42,748 - midi.sysex - DEBUG - SysEx parse: param_id=69, value=0, is_response=True, unit_id=1
2025-09-29 04:20:42,757 - midi.sysex - DEBUG - Received response: param 69 = 0
2025-09-29 04:20:42,767 - midi.connection - DEBUG - Parameter update: 69 = 0
2025-09-29 04:20:42,776 - midi.connection - DEBUG - Query successful: param 69 = 0
2025-09-29 04:20:43,205 - midi.connection - DEBUG - Sending query for parameter 75: SysEx: F0 04 17 3E 4B 00 00 00 00 00 00 00 00 00 00 00 F7
2025-09-29 04:20:46,220 - midi.connection - WARNING - Timeout querying parameter 75
2025-09-29 04:20:46,237 - midi.connection - WARNING - Query attempt 1 failed for parameter 75
2025-09-29 04:20:46,683 - midi.connection - DEBUG - Sending query for parameter 75: SysEx: F0 04 17 3E 4B 00 00 00 00 00 00 00 00 00 00 00 F7
2025-09-29 04:20:49,722 - midi.connection - WARNING - Timeout querying parameter 75
2025-09-29 04:20:49,730 - midi.connection - WARNING - Query attempt 2 failed for parameter 75
2025-09-29 04:20:50,147 - midi.connection - DEBUG - Sending query for parameter 75: SysEx: F0 04 17 3E 4B 00 00 00 00 00 00 00 00 00 00 00 F7
2025-09-29 04:20:53,166 - midi.connection - WARNING - Timeout querying parameter 75
2025-09-29 04:20:53,181 - midi.connection - WARNING - Query attempt 3 failed for parameter 75
2025-09-29 04:20:53,198 - midi.connection - ERROR - Failed to query parameter 75 after 3 attempts
2025-09-29 04:20:53,615 - midi.connection - DEBUG - Sending query for parameter 59: SysEx: F0 04 17 3E 3B 00 00 00 00 00 00 00 00 00 00 00 F7
2025-09-29 04:20:53,688 - midi.sysex - DEBUG - SysEx parse: param_id=59, value=0, is_response=True, unit_id=1
2025-09-29 04:20:53,701 - midi.sysex - DEBUG - Received response: param 59 = 0
2025-09-29 04:20:53,709 - midi.connection - DEBUG - Parameter update: 59 = 0
2025-09-29 04:20:53,709 - midi.connection - DEBUG - Query successful: param 59 = 0
2025-09-29 04:20:54,152 - midi.connection - DEBUG - Sending query for parameter 60: SysEx: F0 04 17 3E 3C 00 00 00 00 00 00 00 00 00 00 00 F7
2025-09-29 04:20:54,206 - midi.sysex - DEBUG - SysEx parse: param_id=60, value=0, is_response=True, unit_id=1
2025-09-29 04:20:54,213 - midi.sysex - DEBUG - Received response: param 60 = 0
2025-09-29 04:20:54,221 - midi.connection - DEBUG - Parameter update: 60 = 0
2025-09-29 04:20:54,221 - midi.connection - DEBUG - Query successful: param 60 = 0
2025-09-29 04:20:54,642 - midi.connection - DEBUG - Sending query for parameter 61: SysEx: F0 04 17 3E 3D 00 00 00 00 00 00 00 00 00 00 00 F7
2025-09-29 04:20:54,703 - midi.sysex - DEBUG - SysEx parse: param_id=61, value=0, is_response=True, unit_id=1
2025-09-29 04:20:54,703 - midi.sysex - DEBUG - Received response: param 61 = 0
2025-09-29 04:20:54,703 - midi.connection - DEBUG - Parameter update: 61 = 0
2025-09-29 04:20:54,703 - midi.connection - DEBUG - Query successful: param 61 = 0
2025-09-29 04:20:55,110 - midi.connection - DEBUG - Sending query for parameter 62: SysEx: F0 04 17 3E 3E 00 00 00 00 00 00 00 00 00 00 00 F7
2025-09-29 04:20:55,164 - midi.sysex - DEBUG - SysEx parse: param_id=62, value=0, is_response=True, unit_id=1
2025-09-29 04:20:55,172 - midi.sysex - DEBUG - Received response: param 62 = 0
2025-09-29 04:20:55,180 - midi.connection - DEBUG - Parameter update: 62 = 0
2025-09-29 04:20:55,180 - midi.connection - DEBUG - Query successful: param 62 = 0
2025-09-29 04:20:55,617 - midi.connection - DEBUG - Sending query for parameter 63: SysEx: F0 04 17 3E 3F 00 00 00 00 00 00 00 00 00 00 00 F7
2025-09-29 04:20:55,665 - midi.sysex - DEBUG - SysEx parse: param_id=63, value=0, is_response=True, unit_id=1
2025-09-29 04:20:55,672 - midi.sysex - DEBUG - Received response: param 63 = 0
2025-09-29 04:20:55,679 - midi.connection - DEBUG - Parameter update: 63 = 0
2025-09-29 04:20:55,686 - midi.connection - DEBUG - Query successful: param 63 = 0
2025-09-29 04:20:56,104 - midi.connection - DEBUG - Sending query for parameter 64: SysEx: F0 04 17 3E 40 00 00 00 00 00 00 00 00 00 00 00 F7
2025-09-29 04:20:56,164 - midi.sysex - DEBUG - SysEx parse: param_id=64, value=0, is_response=True, unit_id=1
2025-09-29 04:20:56,173 - midi.sysex - DEBUG - Received response: param 64 = 0
2025-09-29 04:20:56,182 - midi.connection - DEBUG - Parameter update: 64 = 0
2025-09-29 04:20:56,182 - midi.connection - DEBUG - Query successful: param 64 = 0
2025-09-29 04:20:56,607 - midi.connection - DEBUG - Sending query for parameter 65: SysEx: F0 04 17 3E 41 00 00 00 00 00 00 00 00 00 00 00 F7
2025-09-29 04:20:56,669 - midi.sysex - DEBUG - SysEx parse: param_id=65, value=0, is_response=True, unit_id=1
2025-09-29 04:20:56,677 - midi.sysex - DEBUG - Received response: param 65 = 0
2025-09-29 04:20:56,685 - midi.connection - DEBUG - Parameter update: 65 = 0
2025-09-29 04:20:56,685 - midi.connection - DEBUG - Query successful: param 65 = 0
2025-09-29 04:20:57,124 - midi.connection - DEBUG - Sending query for parameter 66: SysEx: F0 04 17 3E 42 00 00 00 00 00 00 00 00 00 00 00 F7
2025-09-29 04:20:57,193 - midi.sysex - DEBUG - SysEx parse: param_id=66, value=1, is_response=True, unit_id=1
2025-09-29 04:20:57,200 - midi.sysex - DEBUG - Received response: param 66 = 1
2025-09-29 04:20:57,207 - midi.connection - DEBUG - Parameter update: 66 = 1
2025-09-29 04:20:57,207 - midi.connection - DEBUG - Query successful: param 66 = 1
2025-09-29 04:20:57,213 - ui.main_window - DEBUG - Parameter 0 updated to 0
2025-09-29 04:20:57,214 - ui.main_window - DEBUG - Parameter 1 updated to 0
2025-09-29 04:20:57,214 - ui.main_window - DEBUG - Parameter 2 updated to 0
2025-09-29 04:20:57,214 - ui.main_window - DEBUG - Parameter 3 updated to 2
2025-09-29 04:20:57,214 - ui.main_window - DEBUG - Parameter 37 updated to 2
2025-09-29 04:20:57,214 - ui.main_window - DEBUG - Parameter 38 updated to 2
2025-09-29 04:20:57,214 - ui.main_window - DEBUG - Parameter 39 updated to 1
2025-09-29 04:20:57,214 - ui.main_window - DEBUG - Parameter 40 updated to 0
2025-09-29 04:20:57,214 - ui.main_window - DEBUG - Parameter 41 updated to 0
2025-09-29 04:20:57,215 - ui.main_window - DEBUG - Parameter 42 updated to 0
2025-09-29 04:20:57,215 - ui.main_window - DEBUG - Parameter 43 updated to 7
2025-09-29 04:20:57,215 - ui.main_window - DEBUG - Parameter 44 updated to 7
2025-09-29 04:20:57,215 - ui.main_window - DEBUG - Parameter 45 updated to 7
2025-09-29 04:20:57,215 - ui.main_window - DEBUG - Parameter 46 updated to 0
2025-09-29 04:20:57,215 - ui.main_window - DEBUG - Parameter 47 updated to 0
2025-09-29 04:20:57,215 - ui.main_window - DEBUG - Parameter 48 updated to 0
2025-09-29 04:20:57,215 - ui.main_window - DEBUG - Parameter 49 updated to 0
2025-09-29 04:20:57,215 - ui.main_window - DEBUG - Parameter 50 updated to 1
2025-09-29 04:20:57,215 - ui.main_window - DEBUG - Parameter 51 updated to 0
2025-09-29 04:20:57,215 - ui.main_window - DEBUG - Parameter 52 updated to 0
2025-09-29 04:20:57,215 - ui.main_window - DEBUG - Parameter 53 updated to 0
2025-09-29 04:20:57,215 - ui.main_window - DEBUG - Parameter 54 updated to 0
2025-09-29 04:20:57,215 - ui.main_window - DEBUG - Parameter 55 updated to 0
2025-09-29 04:20:57,215 - ui.main_window - DEBUG - Parameter 56 updated to 0
2025-09-29 04:20:57,216 - ui.main_window - DEBUG - Parameter 57 updated to 1
2025-09-29 04:20:57,216 - ui.main_window - DEBUG - Parameter 58 updated to 0
2025-09-29 04:20:57,216 - ui.main_window - DEBUG - Parameter 70 updated to 0
2025-09-29 04:20:57,216 - ui.main_window - DEBUG - Parameter 71 updated to 0
2025-09-29 04:20:57,216 - ui.main_window - DEBUG - Parameter 20 updated to 1
2025-09-29 04:20:57,216 - ui.main_window - DEBUG - Parameter 21 updated to 1
2025-09-29 04:20:57,216 - ui.main_window - DEBUG - Parameter 22 updated to 1
2025-09-29 04:20:57,216 - ui.main_window - DEBUG - Parameter 23 updated to 8192
2025-09-29 04:20:57,216 - ui.main_window - DEBUG - Parameter 24 updated to 1
2025-09-29 04:20:57,216 - ui.main_window - DEBUG - Parameter 25 updated to 0
2025-09-29 04:20:57,216 - ui.main_window - DEBUG - Parameter 26 updated to 1
2025-09-29 04:20:57,216 - ui.main_window - DEBUG - Parameter 27 updated to 0
2025-09-29 04:20:57,216 - ui.main_window - DEBUG - Parameter 28 updated to 1
2025-09-29 04:20:57,216 - ui.main_window - DEBUG - Parameter 29 updated to 0
2025-09-29 04:20:57,216 - ui.main_window - DEBUG - Parameter 72 updated to 1
2025-09-29 04:20:57,216 - ui.main_window - DEBUG - Parameter 73 updated to 0
2025-09-29 04:20:57,217 - ui.main_window - DEBUG - Parameter 74 updated to 0
2025-09-29 04:20:57,217 - ui.main_window - DEBUG - Parameter 4 updated to 0
2025-09-29 04:20:57,217 - ui.main_window - DEBUG - Parameter 5 updated to 1
2025-09-29 04:20:57,217 - ui.main_window - DEBUG - Parameter 6 updated to 3
2025-09-29 04:20:57,217 - ui.main_window - DEBUG - Parameter 7 updated to 3
2025-09-29 04:20:57,217 - ui.main_window - DEBUG - Parameter 8 updated to 0
2025-09-29 04:20:57,217 - ui.main_window - DEBUG - Parameter 9 updated to 2
2025-09-29 04:20:57,217 - ui.main_window - DEBUG - Parameter 10 updated to 0
2025-09-29 04:20:57,218 - ui.main_window - DEBUG - Parameter 11 updated to 0
2025-09-29 04:20:57,218 - ui.main_window - DEBUG - Parameter 12 updated to 0
2025-09-29 04:20:57,218 - ui.main_window - DEBUG - Parameter 13 updated to 1
2025-09-29 04:20:57,218 - ui.main_window - DEBUG - Parameter 14 updated to 1
2025-09-29 04:20:57,218 - ui.main_window - DEBUG - Parameter 15 updated to 0
2025-09-29 04:20:57,218 - ui.main_window - DEBUG - Parameter 16 updated to 1
2025-09-29 04:20:57,218 - ui.main_window - DEBUG - Parameter 17 updated to 0
2025-09-29 04:20:57,218 - ui.main_window - DEBUG - Parameter 18 updated to 0
2025-09-29 04:20:57,218 - ui.main_window - DEBUG - Parameter 19 updated to 1
2025-09-29 04:20:57,218 - ui.main_window - DEBUG - Parameter 30 updated to 0
2025-09-29 04:20:57,218 - ui.main_window - DEBUG - Parameter 31 updated to 0
2025-09-29 04:20:57,218 - ui.main_window - DEBUG - Parameter 32 updated to 1
2025-09-29 04:20:57,218 - ui.main_window - DEBUG - Parameter 35 updated to 12
2025-09-29 04:20:57,219 - ui.main_window - DEBUG - Parameter 36 updated to 12
2025-09-29 04:20:57,219 - ui.main_window - DEBUG - Parameter 67 updated to 2
2025-09-29 04:20:57,219 - ui.main_window - DEBUG - Parameter 68 updated to 0
2025-09-29 04:20:57,219 - ui.main_window - DEBUG - Parameter 69 updated to 0
2025-09-29 04:20:57,219 - ui.main_window - DEBUG - Parameter 59 updated to 0
2025-09-29 04:20:57,219 - ui.main_window - DEBUG - Parameter 60 updated to 0
2025-09-29 04:20:57,219 - ui.main_window - DEBUG - Parameter 61 updated to 0
2025-09-29 04:20:57,219 - ui.main_window - DEBUG - Parameter 62 updated to 0
2025-09-29 04:20:57,219 - ui.main_window - DEBUG - Parameter 63 updated to 0
2025-09-29 04:20:57,219 - ui.main_window - DEBUG - Parameter 64 updated to 0
2025-09-29 04:20:57,219 - ui.main_window - DEBUG - Parameter 65 updated to 0
2025-09-29 04:20:57,219 - ui.main_window - DEBUG - Parameter 66 updated to 1
2025-09-29 04:22:25,209 - ui.main_window - DEBUG - Sent parameter 50 = 0
